userIdFromDB;employeeNumber;jeppesenCode;category;validityStart;validityEnd;trainingId;createdDate;lastModifiedDate
41;5036;CHL;;;2024-07-01;;;
41;5036;CHL;;;2024-07-07;;;
41;5036;CHL;;;2025-07-01;;;
41;5036;CHL;;;2025-07-07;;;
41;5036;CHL;;;2026-07-01;;;
41;5036;CHL;;;2026-07-07;;;
50;5053;CHL;;;2024-06-06;;;
50;5053;CHL;;;2024-06-09;;;
50;5053;CHL;;;2024-07-12;;;
50;5053;CHL;;;2025-06-06;;;
50;5053;CHL;;;2025-07-12;;;
50;5053;CHL;;;2026-06-06;;;
51;5708;CHL;;;2025-06-09;;;
51;5708;CHL;;;2026-07-03;;;
51;5708;CHL;;;2026-06-09;;;
57;5712;CHL;;;2024-07-01;;;
57;5712;CHL;;;2024-07-07;;;
57;5712;CHL;;;2025-07-01;;;
57;5712;CHL;;;2025-07-07;;;
57;5712;CHL;;;2026-07-01;;;
57;5712;CHL;;;2026-06-06;;;
58;5713;CHL;;;2024-06-06;;;
58;5713;CHL;;;2024-06-09;;;
58;5713;CHL;;;2024-07-12;;;
58;5713;CHL;;;2025-06-06;;;
58;5713;CHL;;;2025-07-12;;;
58;5713;CHL;;;2026-06-06;;;
66;6436;CHL;;;2023-07-12;;;
66;6436;CHL;;;2024-06-06;;;
66;6436;CHL;;;2024-07-12;;;
66;6436;CHL;;;2025-06-06;;;
66;6436;CHL;;;2025-07-12;;;
66;6436;CHL;;;2026-06-06;;;
72;6437;CHL;;;2023-07-12;;;
72;6437;CHL;;;2024-06-06;;;
72;6437;CHL;;;2024-07-12;;;
72;6437;CHL;;;2025-06-06;;;
72;6437;CHL;;;2025-07-12;;;
72;6437;CHL;;;2026-07-07;;;
78;6438;CHL;;;2023-07-12;;;
78;6438;CHL;;;2024-06-06;;;
78;6438;CHL;;;2024-07-12;;;
78;6438;CHL;;;2025-06-06;;;
78;6438;CHL;;;2025-07-12;;;
78;6438;CHL;;;2026-06-06;;;
79;6439;CHL;;;2023-07-12;;;
79;6439;CHL;;;2024-06-06;;;
79;6439;CHL;;;2024-07-12;;;
79;6439;CHL;;;2025-06-06;;;
79;6439;CHL;;;2025-07-12;;;
79;6439;CHL;;;2026-06-06;;;
80;6440;CHL;;;2024-07-10;;;
80;6440;CHL;;;2025-06-04;;;
80;6440;CHL;;;2025-07-10;;;
80;6440;CHL;;;2026-06-04;;;
89;6442;CHL;;;2023-07-12;;;
89;6442;CHL;;;2024-06-06;;;
89;6442;CHL;;;2024-07-12;;;
89;6442;CHL;;;2025-06-06;;;
89;6442;CHL;;;2025-07-12;;;
89;6442;CHL;;;2026-06-06;;;
90;6444;CHL;;;2024-07-07;;;
90;6444;CHL;;;2025-07-01;;;
90;6444;CHL;;;2025-07-07;;;
90;6444;CHL;;;2026-07-01;;;
90;6444;CHL;;;2026-07-07;;;
6937;6446;CHL;;;2024-07-01;;;
6937;6446;CHL;;;2024-07-07;;;
6937;6446;CHL;;;2025-07-01;;;
6937;6446;CHL;;;2025-07-07;;;
6937;6446;CHL;;;2026-07-01;;;
6937;6446;CHL;;;2026-07-07;;;
115;7282;CHL;;;2024-07-07;;;
115;7282;CHL;;;2025-07-01;;;
115;7282;CHL;;;2025-07-07;;;
115;7282;CHL;;;2026-07-01;;;
115;7282;CHL;;;2026-07-07;;;
116;7283;CHL;;;2023-07-12;;;
116;7283;CHL;;;2024-06-06;;;
116;7283;CHL;;;2024-07-12;;;
116;7283;CHL;;;2025-06-06;;;
116;7283;CHL;;;2025-07-12;;;
116;7283;CHL;;;2026-06-06;;;
117;7284;CHL;;;2023-07-12;;;
117;7284;CHL;;;2024-06-06;;;
117;7284;CHL;;;2024-07-12;;;
117;7284;CHL;;;2025-06-06;;;
117;7284;CHL;;;2025-07-12;;;
117;7284;CHL;;;2026-06-06;;;
124;7285;CHL;;;2024-07-07;;;
124;7285;CHL;;;2025-07-01;;;
124;7285;CHL;;;2025-07-07;;;
124;7285;CHL;;;2026-07-01;;;
124;7285;CHL;;;2026-07-07;;;
130;7287;CHL;;;2025-07-05;;;
130;7287;CHL;;;2025-06-11;;;
130;7287;CHL;;;2026-07-05;;;
138;7291;CHL;;;2024-07-10;;;
138;7291;CHL;;;2025-06-04;;;
138;7291;CHL;;;2025-07-10;;;
138;7291;CHL;;;2026-06-04;;;
146;7293;CHL;;;2024-07-07;;;
146;7293;CHL;;;2025-07-01;;;
146;7293;CHL;;;2025-07-07;;;
146;7293;CHL;;;2026-07-01;;;
146;7293;CHL;;;2026-07-07;;;
147;7295;CHL;;;2023-07-12;;;
147;7295;CHL;;;2024-06-06;;;
147;7295;CHL;;;2024-07-12;;;
147;7295;CHL;;;2025-06-06;;;
147;7295;CHL;;;2025-07-12;;;
147;7295;CHL;;;2026-06-06;;;
155;7299;CHL;;;2023-07-12;;;
155;7299;CHL;;;2024-06-06;;;
155;7299;CHL;;;2024-07-12;;;
155;7299;CHL;;;2025-06-06;;;
155;7299;CHL;;;2025-07-12;;;
155;7299;CHL;;;2026-06-06;;;
205;7807;CHL;;;2026-07-05;;;
218;7809;CHL;;;2025-07-05;;;
218;7809;CHL;;;2025-06-11;;;
218;7809;CHL;;;2026-07-05;;;
235;7816;CHL;;;2024-06-11;;;
235;7816;CHL;;;2025-07-05;;;
235;7816;CHL;;;2025-06-11;;;
235;7816;CHL;;;2026-07-05;;;
236;7817;CHL;;;2025-06-09;;;
236;7817;CHL;;;2026-07-03;;;
236;7817;CHL;;;2026-06-09;;;
242;7818;CHL;;;2024-06-11;;;
242;7818;CHL;;;2025-07-05;;;
242;7818;CHL;;;2025-06-11;;;
242;7818;CHL;;;2026-07-05;;;
274;8218;CHL;;;2025-07-05;;;
274;8218;CHL;;;2025-06-11;;;
274;8218;CHL;;;2026-07-05;;;
280;8219;CHL;;;2025-07-05;;;
280;8219;CHL;;;2025-06-11;;;
280;8219;CHL;;;2026-07-05;;;
291;8223;CHL;;;2025-07-05;;;
291;8223;CHL;;;2025-06-11;;;
291;8223;CHL;;;2026-07-05;;;
298;8224;CHL;;;2025-07-05;;;
298;8224;CHL;;;2025-06-11;;;
298;8224;CHL;;;2026-07-05;;;
344;8322;CHL;;;2024-06-11;;;
344;8322;CHL;;;2025-07-05;;;
344;8322;CHL;;;2025-06-11;;;
344;8322;CHL;;;2026-07-05;;;
369;8357;CHL;;;2024-07-01;;;
369;8357;CHL;;;2024-07-07;;;
369;8357;CHL;;;2025-07-01;;;
369;8357;CHL;;;2025-07-07;;;
369;8357;CHL;;;2026-07-01;;;
369;8357;CHL;;;2026-07-07;;;
377;8359;CHL;;;2023-07-12;;;
377;8359;CHL;;;2024-06-06;;;
377;8359;CHL;;;2024-07-12;;;
377;8359;CHL;;;2025-06-06;;;
377;8359;CHL;;;2025-07-12;;;
377;8359;CHL;;;2026-06-06;;;
378;8360;CHL;;;2023-07-12;;;
378;8360;CHL;;;2024-06-06;;;
378;8360;CHL;;;2024-07-12;;;
378;8360;CHL;;;2025-06-06;;;
378;8360;CHL;;;2025-07-12;;;
378;8360;CHL;;;2026-06-06;;;
385;8361;CHL;;;2023-07-12;;;
385;8361;CHL;;;2024-06-06;;;
385;8361;CHL;;;2024-07-12;;;
385;8361;CHL;;;2025-06-06;;;
385;8361;CHL;;;2025-07-12;;;
385;8361;CHL;;;2026-06-06;;;
402;8369;CHL;;;2024-07-01;;;
402;8369;CHL;;;2024-07-07;;;
402;8369;CHL;;;2025-07-01;;;
402;8369;CHL;;;2025-07-07;;;
402;8369;CHL;;;2026-07-01;;;
402;8369;CHL;;;2026-07-07;;;
426;8679;CHL;;;2023-06-11;;;
426;8679;CHL;;;2024-07-05;;;
426;8679;CHL;;;2024-06-11;;;
426;8679;CHL;;;2025-07-05;;;
426;8679;CHL;;;2025-06-11;;;
426;8679;CHL;;;2026-07-05;;;
427;8681;CHL;;;2024-04-02;;;
427;8681;CHL;;;2024-07-08;;;
427;8681;CHL;;;2025-04-02;;;
427;8681;CHL;;;2025-07-08;;;
427;8681;CHL;;;2026-07-03;;;
434;8684;CHL;;;2024-07-01;;;
434;8684;CHL;;;2024-07-07;;;
434;8684;CHL;;;2025-07-01;;;
434;8684;CHL;;;2025-07-07;;;
434;8684;CHL;;;2026-07-01;;;
434;8684;CHL;;;2026-07-07;;;
442;8685;CHL;;;2023-07-12;;;
442;8685;CHL;;;2024-06-06;;;
442;8685;CHL;;;2024-07-12;;;
442;8685;CHL;;;2025-06-06;;;
442;8685;CHL;;;2025-07-12;;;
442;8685;CHL;;;2026-06-06;;;
443;8688;CHL;;;2023-07-12;;;
443;8688;CHL;;;2024-06-06;;;
443;8688;CHL;;;2024-07-12;;;
443;8688;CHL;;;2025-06-06;;;
443;8688;CHL;;;2025-07-12;;;
443;8688;CHL;;;2026-06-06;;;
450;8689;CHL;;;2023-07-12;;;
450;8689;CHL;;;2024-06-06;;;
450;8689;CHL;;;2024-07-12;;;
450;8689;CHL;;;2025-06-06;;;
450;8689;CHL;;;2025-07-12;;;
450;8689;CHL;;;2026-06-06;;;
459;8692;CHL;;;2023-07-12;;;
459;8692;CHL;;;2024-06-06;;;
459;8692;CHL;;;2024-07-12;;;
459;8692;CHL;;;2025-06-06;;;
459;8692;CHL;;;2025-07-12;;;
459;8692;CHL;;;2026-06-06;;;
460;8694;CHL;;;2023-07-12;;;
460;8694;CHL;;;2024-06-06;;;
460;8694;CHL;;;2024-07-12;;;
460;8694;CHL;;;2025-06-06;;;
460;8694;CHL;;;2025-07-12;;;
468;8696;CHL;;;2026-07-05;;;
477;8717;CHL;;;2023-07-12;;;
477;8717;CHL;;;2024-06-06;;;
477;8717;CHL;;;2024-07-12;;;
477;8717;CHL;;;2025-06-06;;;
477;8717;CHL;;;2025-07-12;;;
477;8717;CHL;;;2026-06-06;;;
484;8718;CHL;;;2024-07-01;;;
484;8718;CHL;;;2024-07-07;;;
484;8718;CHL;;;2025-07-01;;;
484;8718;CHL;;;2025-07-07;;;
484;8718;CHL;;;2026-07-01;;;
484;8718;CHL;;;2026-07-07;;;
486;8725;CHL;;;2024-04-02;;;
486;8725;CHL;;;2024-07-05;;;
486;8725;CHL;;;2024-06-11;;;
486;8725;CHL;;;2025-07-05;;;
486;8725;CHL;;;2025-06-11;;;
486;8725;CHL;;;2026-07-05;;;
509;8730;CHL;;;2023-07-12;;;
509;8730;CHL;;;2024-06-06;;;
509;8730;CHL;;;2024-07-12;;;
509;8730;CHL;;;2025-06-06;;;
509;8730;CHL;;;2026-07-01;;;
509;8730;CHL;;;2026-07-07;;;
528;8738;CHL;;;2023-07-12;;;
528;8738;CHL;;;2024-06-06;;;
528;8738;CHL;;;2024-07-12;;;
528;8738;CHL;;;2025-06-06;;;
528;8738;CHL;;;2025-07-12;;;
528;8738;CHL;;;2026-06-06;;;
536;8741;CHL;;;2023-07-10;;;
536;8741;CHL;;;2024-06-04;;;
536;8741;CHL;;;2024-07-10;;;
536;8741;CHL;;;2025-06-04;;;
536;8741;CHL;;;2025-07-10;;;
536;8741;CHL;;;2026-06-04;;;
662;8902;CHL;;;2024-07-01;;;
662;8902;CHL;;;2024-07-07;;;
662;8902;CHL;;;2025-07-01;;;
662;8902;CHL;;;2025-07-07;;;
662;8902;CHL;;;2026-07-01;;;
662;8902;CHL;;;2026-07-07;;;
669;8962;CHL;;;2023-07-12;;;
669;8962;CHL;;;2024-06-06;;;
669;8962;CHL;;;2024-07-12;;;
669;8962;CHL;;;2025-06-06;;;
669;8962;CHL;;;2025-07-12;;;
669;8962;CHL;;;2026-06-06;;;
675;8963;CHL;;;2023-07-12;;;
675;8963;CHL;;;2024-06-06;;;
675;8963;CHL;;;2024-07-12;;;
675;8963;CHL;;;2025-06-06;;;
675;8963;CHL;;;2025-07-12;;;
675;8963;CHL;;;2026-06-06;;;
676;8966;CHL;;;2024-07-01;;;
676;8966;CHL;;;2024-07-07;;;
676;8966;CHL;;;2025-07-01;;;
676;8966;CHL;;;2025-07-07;;;
676;8966;CHL;;;2026-07-01;;;
676;8966;CHL;;;2026-07-07;;;
683;8967;CHL;;;2023-06-11;;;
683;8967;CHL;;;2024-07-05;;;
683;8967;CHL;;;2024-06-11;;;
683;8967;CHL;;;2025-07-05;;;
683;8967;CHL;;;2025-06-11;;;
683;8967;CHL;;;2026-07-05;;;
684;8969;CHL;;;2023-07-12;;;
684;8969;CHL;;;2024-06-06;;;
684;8969;CHL;;;2024-07-12;;;
684;8969;CHL;;;2025-06-06;;;
684;8969;CHL;;;2025-07-12;;;
684;8969;CHL;;;2026-06-06;;;
685;8970;CHL;;;2024-07-01;;;
685;8970;CHL;;;2024-07-07;;;
685;8970;CHL;;;2025-07-01;;;
685;8970;CHL;;;2025-07-07;;;
685;8970;CHL;;;2026-07-01;;;
685;8970;CHL;;;2026-07-07;;;
693;8971;CHL;;;2024-04-02;;;
693;8971;CHL;;;2024-07-08;;;
693;8971;CHL;;;2025-04-02;;;
693;8971;CHL;;;2025-07-08;;;
693;8971;CHL;;;2026-07-05;;;
694;8973;CHL;;;2024-07-01;;;
694;8973;CHL;;;2024-07-07;;;
694;8973;CHL;;;2025-07-01;;;
694;8973;CHL;;;2025-07-07;;;
694;8973;CHL;;;2026-07-01;;;
694;8973;CHL;;;2026-07-07;;;
700;8975;CHL;;;2023-07-12;;;
700;8975;CHL;;;2024-06-06;;;
700;8975;CHL;;;2024-07-12;;;
700;8975;CHL;;;2025-06-06;;;
700;8975;CHL;;;2025-07-12;;;
700;8975;CHL;;;2026-06-06;;;
705;8976;CHL;;;2023-07-12;;;
705;8976;CHL;;;2024-06-06;;;
705;8976;CHL;;;2024-07-12;;;
705;8976;CHL;;;2025-06-06;;;
705;8976;CHL;;;2025-07-12;;;
705;8976;CHL;;;2026-06-06;;;
707;8979;CHL;;;2024-07-01;;;
707;8979;CHL;;;2024-07-07;;;
707;8979;CHL;;;2025-07-01;;;
707;8979;CHL;;;2025-07-07;;;
707;8979;CHL;;;2026-07-01;;;
707;8979;CHL;;;2026-07-07;;;
714;8980;CHL;;;2023-07-12;;;
714;8980;CHL;;;2024-06-06;;;
714;8980;CHL;;;2024-07-12;;;
714;8980;CHL;;;2025-06-06;;;
714;8980;CHL;;;2025-07-12;;;
714;8980;CHL;;;2026-06-06;;;
715;8981;CHL;;;2024-04-02;;;
715;8981;CHL;;;2024-07-08;;;
715;8981;CHL;;;2025-04-02;;;
715;8981;CHL;;;2025-07-08;;;
715;8981;CHL;;;2026-05-02;;;
715;8981;CHL;;;2026-07-08;;;
722;8982;CHL;;;2023-07-12;;;
722;8982;CHL;;;2024-06-06;;;
722;8982;CHL;;;2024-07-12;;;
722;8982;CHL;;;2025-06-06;;;
722;8982;CHL;;;2025-07-12;;;
722;8982;CHL;;;2026-06-06;;;
731;8986;CHL;;;2023-07-12;;;
731;8986;CHL;;;2024-06-06;;;
731;8986;CHL;;;2024-07-12;;;
731;8986;CHL;;;2025-06-06;;;
731;8986;CHL;;;2025-07-12;;;
731;8986;CHL;;;2026-06-06;;;
746;9064;CHL;;;2023-07-12;;;
746;9064;CHL;;;2024-06-06;;;
746;9064;CHL;;;2024-07-12;;;
746;9064;CHL;;;2025-06-06;;;
746;9064;CHL;;;2025-07-12;;;
746;9064;CHL;;;2026-06-06;;;
748;9068;CHL;;;2023-07-12;;;
748;9068;CHL;;;2024-06-06;;;
748;9068;CHL;;;2024-07-12;;;
748;9068;CHL;;;2025-06-06;;;
748;9068;CHL;;;2025-07-12;;;
748;9068;CHL;;;2026-06-06;;;
755;9399;CHL;;;2024-07-01;;;
755;9399;CHL;;;2024-07-07;;;
755;9399;CHL;;;2025-07-01;;;
755;9399;CHL;;;2025-07-07;;;
755;9399;CHL;;;2026-07-01;;;
755;9399;CHL;;;2026-07-07;;;
756;9401;CHL;;;2023-07-12;;;
756;9401;CHL;;;2024-06-06;;;
756;9401;CHL;;;2024-07-12;;;
756;9401;CHL;;;2025-06-06;;;
756;9401;CHL;;;2025-07-12;;;
756;9401;CHL;;;2026-06-06;;;
763;9402;CHL;;;2023-07-12;;;
763;9402;CHL;;;2024-06-06;;;
763;9402;CHL;;;2024-07-12;;;
763;9402;CHL;;;2025-06-06;;;
763;9402;CHL;;;2025-07-12;;;
763;9402;CHL;;;2026-06-06;;;
768;9405;CHL;;;2023-07-12;;;
768;9405;CHL;;;2024-06-06;;;
768;9405;CHL;;;2024-07-12;;;
768;9405;CHL;;;2025-06-06;;;
768;9405;CHL;;;2025-07-12;;;
768;9405;CHL;;;2026-06-06;;;
769;9406;CHL;;;2023-07-12;;;
769;9406;CHL;;;2024-06-06;;;
769;9406;CHL;;;2024-07-12;;;
769;9406;CHL;;;2025-06-06;;;
769;9406;CHL;;;2025-07-12;;;
769;9406;CHL;;;2026-06-06;;;
770;9407;CHL;;;2023-07-12;;;
770;9407;CHL;;;2024-06-06;;;
770;9407;CHL;;;2024-07-12;;;
770;9407;CHL;;;2025-06-06;;;
770;9407;CHL;;;2025-07-12;;;
770;9407;CHL;;;2026-06-06;;;
776;9409;CHL;;;2024-07-01;;;
776;9409;CHL;;;2024-07-07;;;
776;9409;CHL;;;2025-07-01;;;
776;9409;CHL;;;2025-07-07;;;
776;9409;CHL;;;2026-07-01;;;
776;9409;CHL;;;2026-07-07;;;
777;9410;CHL;;;2024-07-01;;;
777;9410;CHL;;;2024-07-07;;;
777;9410;CHL;;;2025-07-01;;;
777;9410;CHL;;;2025-07-07;;;
777;9410;CHL;;;2026-07-01;;;
777;9410;CHL;;;2026-07-07;;;
807;9416;CHL;;;2023-07-12;;;
807;9416;CHL;;;2024-06-06;;;
807;9416;CHL;;;2024-07-12;;;
807;9416;CHL;;;2025-06-06;;;
807;9416;CHL;;;2025-07-12;;;
807;9416;CHL;;;2026-06-06;;;
822;9419;CHL;;;2024-07-01;;;
822;9419;CHL;;;2024-07-07;;;
822;9419;CHL;;;2025-07-01;;;
822;9419;CHL;;;2025-07-07;;;
822;9419;CHL;;;2026-07-01;;;
822;9419;CHL;;;2026-07-07;;;
831;9422;CHL;;;2023-07-12;;;
831;9422;CHL;;;2024-06-06;;;
831;9422;CHL;;;2024-07-12;;;
831;9422;CHL;;;2025-06-06;;;
831;9422;CHL;;;2025-07-12;;;
831;9422;CHL;;;2026-06-06;;;
832;9423;CHL;;;2026-07-05;;;
844;9425;CHL;;;2024-07-01;;;
844;9425;CHL;;;2024-07-07;;;
844;9425;CHL;;;2025-07-01;;;
844;9425;CHL;;;2025-07-07;;;
844;9425;CHL;;;2026-07-01;;;
844;9425;CHL;;;2026-07-07;;;
928;9897;CHL;;;2024-07-03;;;
928;9897;CHL;;;2024-06-06;;;
928;9897;CHL;;;2024-07-12;;;
928;9897;CHL;;;2025-06-06;;;
928;9897;CHL;;;2025-07-12;;;
928;9897;CHL;;;2026-06-06;;;
933;9902;CHL;;;2024-07-01;;;
933;9902;CHL;;;2024-07-07;;;
933;9902;CHL;;;2025-07-01;;;
933;9902;CHL;;;2025-07-07;;;
933;9902;CHL;;;2026-07-01;;;
933;9902;CHL;;;2026-07-07;;;
935;9999;CHL;;;2023-07-12;;;
935;9999;CHL;;;2024-06-06;;;
935;9999;CHL;;;2024-07-12;;;
935;9999;CHL;;;2025-06-06;;;
935;9999;CHL;;;2025-07-12;;;
935;9999;CHL;;;2026-06-06;;;
1392;12288;CHL;;;2024-07-01;;;
1392;12288;CHL;;;2024-07-07;;;
1392;12288;CHL;;;2025-07-01;;;
1392;12288;CHL;;;2025-07-07;;;
1392;12288;CHL;;;2026-07-01;;;
1392;12288;CHL;;;2026-07-07;;;
1409;12290;CHL;;;2024-06-11;;;
1409;12290;CHL;;;2025-07-05;;;
1409;12290;CHL;;;2025-06-11;;;
1409;12290;CHL;;;2026-07-05;;;
1421;12291;CHL;;;2024-07-01;;;
1421;12291;CHL;;;2024-07-07;;;
1421;12291;CHL;;;2025-07-01;;;
1421;12291;CHL;;;2025-07-07;;;
1421;12291;CHL;;;2026-05-02;;;
1421;12291;CHL;;;2026-07-08;;;
1422;12292;CHL;;;2024-07-01;;;
1422;12292;CHL;;;2024-07-07;;;
1422;12292;CHL;;;2025-07-01;;;
1422;12292;CHL;;;2025-07-07;;;
1422;12292;CHL;;;2026-07-01;;;
1422;12292;CHL;;;2026-07-07;;;
1423;12293;CHL;;;2024-07-01;;;
1423;12293;CHL;;;2024-07-07;;;
1423;12293;CHL;;;2025-07-01;;;
1423;12293;CHL;;;2025-07-07;;;
1423;12293;CHL;;;2026-07-01;;;
1423;12293;CHL;;;2026-07-07;;;
1439;12294;CHL;;;2024-04-02;;;
1439;12294;CHL;;;2024-07-08;;;
1439;12294;CHL;;;2024-06-11;;;
1439;12294;CHL;;;2025-07-05;;;
1439;12294;CHL;;;2025-06-11;;;
1439;12294;CHL;;;2026-07-05;;;
1440;12295;CHL;;;2023-07-12;;;
1440;12295;CHL;;;2024-07-08;;;
1440;12295;CHL;;;2025-04-02;;;
1440;12295;CHL;;;2025-07-08;;;
1440;12295;CHL;;;2026-05-02;;;
1440;12295;CHL;;;2026-07-08;;;
1441;12297;CHL;;;2023-07-12;;;
1441;12297;CHL;;;2024-06-06;;;
1441;12297;CHL;;;2024-07-12;;;
1441;12297;CHL;;;2025-06-06;;;
1441;12297;CHL;;;2025-07-12;;;
1441;12297;CHL;;;2026-06-06;;;
1455;12298;CHL;;;2024-07-01;;;
1455;12298;CHL;;;2024-07-07;;;
1455;12298;CHL;;;2025-07-01;;;
1455;12298;CHL;;;2025-07-07;;;
1455;12298;CHL;;;2026-07-01;;;
1455;12298;CHL;;;2026-07-07;;;
1473;12300;CHL;;;2023-07-12;;;
1473;12300;CHL;;;2024-06-06;;;
1473;12300;CHL;;;2024-07-12;;;
1473;12300;CHL;;;2025-06-06;;;
1473;12300;CHL;;;2025-07-12;;;
1473;12300;CHL;;;2026-06-06;;;
1504;12304;CHL;;;2023-07-12;;;
1504;12304;CHL;;;2024-06-06;;;
1504;12304;CHL;;;2024-07-12;;;
1504;12304;CHL;;;2025-06-06;;;
1504;12304;CHL;;;2026-07-01;;;
1504;12304;CHL;;;2026-07-07;;;
1517;12306;CHL;;;2024-06-11;;;
1517;12306;CHL;;;2025-07-05;;;
1517;12306;CHL;;;2025-06-11;;;
1517;12306;CHL;;;2026-07-05;;;
1534;12310;CHL;;;2024-04-02;;;
1534;12310;CHL;;;2024-07-08;;;
1534;12310;CHL;;;2025-04-02;;;
1534;12310;CHL;;;2025-07-08;;;
1534;12310;CHL;;;2026-05-02;;;
1534;12310;CHL;;;2026-07-08;;;
1535;12311;CHL;;;2023-06-11;;;
1535;12311;CHL;;;2024-07-05;;;
1535;12311;CHL;;;2024-06-11;;;
1535;12311;CHL;;;2025-07-05;;;
1535;12311;CHL;;;2025-06-11;;;
1535;12311;CHL;;;2026-07-05;;;
1571;12317;CHL;;;2024-07-10;;;
1571;12317;CHL;;;2025-06-04;;;
1571;12317;CHL;;;2025-07-10;;;
1571;12317;CHL;;;2026-06-04;;;
1572;12318;CHL;;;2023-07-12;;;
1572;12318;CHL;;;2024-06-06;;;
1572;12318;CHL;;;2024-07-12;;;
1572;12318;CHL;;;2025-06-06;;;
1572;12318;CHL;;;2025-07-12;;;
1572;12318;CHL;;;2026-06-06;;;
1586;12320;CHL;;;2024-07-01;;;
1586;12320;CHL;;;2024-07-07;;;
1586;12320;CHL;;;2025-07-01;;;
1586;12320;CHL;;;2025-07-07;;;
1586;12320;CHL;;;2026-07-01;;;
1586;12320;CHL;;;2026-07-07;;;
1587;12321;CHL;;;2023-07-12;;;
1587;12321;CHL;;;2024-06-06;;;
1587;12321;CHL;;;2024-07-12;;;
1587;12321;CHL;;;2025-06-06;;;
1587;12321;CHL;;;2025-07-12;;;
1587;12321;CHL;;;2026-06-06;;;
1606;12322;CHL;;;2023-07-12;;;
1606;12322;CHL;;;2024-06-06;;;
1606;12322;CHL;;;2024-07-12;;;
1606;12322;CHL;;;2025-06-06;;;
1606;12322;CHL;;;2025-07-12;;;
1606;12322;CHL;;;2026-06-06;;;
1607;12323;CHL;;;2024-07-01;;;
1607;12323;CHL;;;2024-07-07;;;
1607;12323;CHL;;;2025-07-01;;;
1607;12323;CHL;;;2025-07-07;;;
1607;12323;CHL;;;2026-07-01;;;
1607;12323;CHL;;;2026-07-07;;;
1615;12326;CHL;;;2023-07-12;;;
1615;12326;CHL;;;2024-06-06;;;
1615;12326;CHL;;;2024-07-12;;;
1615;12326;CHL;;;2025-06-06;;;
1615;12326;CHL;;;2025-07-12;;;
1615;12326;CHL;;;2026-06-06;;;
1632;12501;CHL;;;2023-06-11;;;
1632;12501;CHL;;;2024-07-05;;;
1632;12501;CHL;;;2024-06-11;;;
1632;12501;CHL;;;2025-07-05;;;
1632;12501;CHL;;;2025-06-11;;;
1632;12501;CHL;;;2026-07-05;;;
1633;12506;CHL;;;2023-07-12;;;
1633;12506;CHL;;;2024-06-06;;;
1633;12506;CHL;;;2024-07-12;;;
1633;12506;CHL;;;2025-06-06;;;
1633;12506;CHL;;;2025-07-12;;;
1633;12506;CHL;;;2026-06-06;;;
1652;12511;CHL;;;2023-07-12;;;
1652;12511;CHL;;;2024-06-06;;;
1652;12511;CHL;;;2024-07-12;;;
1652;12511;CHL;;;2025-06-06;;;
1652;12511;CHL;;;2025-07-12;;;
1652;12511;CHL;;;2026-06-06;;;
1669;12513;CHL;;;2025-06-11;;;
1669;12513;CHL;;;2026-07-05;;;
1670;12514;CHL;;;2024-07-01;;;
1670;12514;CHL;;;2024-07-07;;;
1670;12514;CHL;;;2025-07-01;;;
1670;12514;CHL;;;2025-07-07;;;
1670;12514;CHL;;;2026-07-01;;;
1670;12514;CHL;;;2026-07-07;;;
1676;12515;CHL;;;2025-06-11;;;
1676;12515;CHL;;;2026-07-05;;;
1682;12517;CHL;;;2024-07-01;;;
1682;12517;CHL;;;2024-07-07;;;
1682;12517;CHL;;;2025-07-01;;;
1682;12517;CHL;;;2025-07-07;;;
1682;12517;CHL;;;2026-07-01;;;
1682;12517;CHL;;;2026-07-07;;;
1683;12518;CHL;;;2024-07-01;;;
1683;12518;CHL;;;2024-07-07;;;
1683;12518;CHL;;;2025-07-01;;;
1683;12518;CHL;;;2025-07-07;;;
1683;12518;CHL;;;2026-07-01;;;
1683;12518;CHL;;;2026-07-07;;;
1696;12523;CHL;;;2025-07-10;;;
1696;12523;CHL;;;2026-06-04;;;
1702;12526;CHL;;;2025-07-10;;;
1702;12526;CHL;;;2026-06-04;;;
1704;12529;CHL;;;2023-07-12;;;
1704;12529;CHL;;;2024-06-06;;;
1704;12529;CHL;;;2024-07-12;;;
1704;12529;CHL;;;2025-06-06;;;
1704;12529;CHL;;;2025-07-12;;;
1704;12529;CHL;;;2026-06-06;;;
1709;12530;CHL;;;2024-07-01;;;
1709;12530;CHL;;;2024-07-07;;;
1709;12530;CHL;;;2025-07-01;;;
1709;12530;CHL;;;2026-06-06;;;
1710;12536;CHL;;;2025-06-09;;;
1710;12536;CHL;;;2025-07-12;;;
1710;12536;CHL;;;2026-06-06;;;
1717;12538;CHL;;;2023-07-10;;;
1717;12538;CHL;;;2024-06-04;;;
1717;12538;CHL;;;2024-07-10;;;
1717;12538;CHL;;;2025-06-04;;;
1717;12538;CHL;;;2025-07-10;;;
1717;12538;CHL;;;2026-06-04;;;
1740;12542;CHL;;;2026-06-06;;;
1741;12543;CHL;;;2024-07-01;;;
1741;12543;CHL;;;2024-07-07;;;
1741;12543;CHL;;;2025-07-01;;;
1741;12543;CHL;;;2025-07-07;;;
1741;12543;CHL;;;2026-07-01;;;
1741;12543;CHL;;;2026-07-07;;;
1757;12545;CHL;;;2024-07-01;;;
1757;12545;CHL;;;2024-07-07;;;
1757;12545;CHL;;;2025-07-01;;;
1757;12545;CHL;;;2025-07-07;;;
1757;12545;CHL;;;2026-07-01;;;
1757;12545;CHL;;;2026-07-07;;;
1774;12547;CHL;;;2025-06-09;;;
1774;12547;CHL;;;2025-07-12;;;
1774;12547;CHL;;;2026-06-06;;;
1775;12548;CHL;;;2024-07-01;;;
1775;12548;CHL;;;2024-07-07;;;
1775;12548;CHL;;;2025-07-01;;;
1775;12548;CHL;;;2025-07-07;;;
1775;12548;CHL;;;2026-07-01;;;
1775;12548;CHL;;;2026-07-07;;;
1808;12553;CHL;;;2024-07-01;;;
1808;12553;CHL;;;2024-07-07;;;
1808;12553;CHL;;;2025-07-01;;;
1808;12553;CHL;;;2025-07-07;;;
1808;12553;CHL;;;2026-07-01;;;
1808;12553;CHL;;;2026-07-07;;;
1825;12554;CHL;;;2023-07-12;;;
1825;12554;CHL;;;2024-06-06;;;
1825;12554;CHL;;;2024-07-12;;;
1825;12554;CHL;;;2025-06-06;;;
1825;12554;CHL;;;2025-07-12;;;
1825;12554;CHL;;;2026-06-06;;;
1841;12558;CHL;;;2023-07-12;;;
1841;12558;CHL;;;2024-06-06;;;
1841;12558;CHL;;;2024-07-12;;;
1841;12558;CHL;;;2025-06-06;;;
1841;12558;CHL;;;2025-07-12;;;
1841;12558;CHL;;;2026-06-06;;;
1842;12559;CHL;;;2023-07-12;;;
1842;12559;CHL;;;2024-06-06;;;
1842;12559;CHL;;;2024-07-12;;;
1842;12559;CHL;;;2025-06-06;;;
1842;12559;CHL;;;2025-07-12;;;
1842;12559;CHL;;;2026-06-06;;;
1843;12560;CHL;;;2024-07-01;;;
1843;12560;CHL;;;2024-07-07;;;
1843;12560;CHL;;;2025-07-01;;;
1843;12560;CHL;;;2025-07-07;;;
1843;12560;CHL;;;2026-07-01;;;
1843;12560;CHL;;;2026-07-07;;;
1862;12561;CHL;;;2023-07-12;;;
1862;12561;CHL;;;2024-06-06;;;
1862;12561;CHL;;;2024-07-12;;;
1862;12561;CHL;;;2025-06-06;;;
1862;12561;CHL;;;2025-07-12;;;
1862;12561;CHL;;;2026-06-06;;;
1863;12563;CHL;;;2023-07-12;;;
1863;12563;CHL;;;2024-06-06;;;
1863;12563;CHL;;;2024-07-12;;;
1863;12563;CHL;;;2025-06-06;;;
1863;12563;CHL;;;2025-07-12;;;
1863;12563;CHL;;;2026-06-06;;;
1883;12565;CHL;;;2024-06-04;;;
1883;12565;CHL;;;2024-07-07;;;
1883;12565;CHL;;;2025-07-01;;;
1883;12565;CHL;;;2025-07-07;;;
1883;12565;CHL;;;2026-07-01;;;
1883;12565;CHL;;;2026-07-07;;;
1902;12569;CHL;;;2023-07-12;;;
1902;12569;CHL;;;2024-06-06;;;
1902;12569;CHL;;;2024-07-12;;;
1902;12569;CHL;;;2025-06-06;;;
1902;12569;CHL;;;2025-06-09;;;
1902;12569;CHL;;;2026-07-03;;;
1917;12571;CHL;;;2024-06-06;;;
1917;12571;CHL;;;2024-07-12;;;
1917;12571;CHL;;;2025-06-06;;;
1917;12571;CHL;;;2025-07-12;;;
1917;12571;CHL;;;2026-07-07;;;
1931;12573;CHL;;;2026-06-06;;;
1958;12575;CHL;;;2024-07-03;;;
1958;12575;CHL;;;2024-06-09;;;
1958;12575;CHL;;;2025-07-03;;;
1958;12575;CHL;;;2025-06-09;;;
1958;12575;CHL;;;2026-07-03;;;
1974;12580;CHL;;;2023-07-12;;;
1974;12580;CHL;;;2024-06-06;;;
1974;12580;CHL;;;2024-07-12;;;
1974;12580;CHL;;;2025-06-06;;;
1974;12580;CHL;;;2025-07-12;;;
1974;12580;CHL;;;2026-06-06;;;
1975;12582;CHL;;;2025-06-06;;;
1975;12582;CHL;;;2025-07-12;;;
1975;12582;CHL;;;2026-06-06;;;
1993;12584;CHL;;;2024-07-01;;;
1993;12584;CHL;;;2024-07-07;;;
1993;12584;CHL;;;2025-07-01;;;
1993;12584;CHL;;;2025-07-07;;;
1993;12584;CHL;;;2026-07-01;;;
1993;12584;CHL;;;2026-07-07;;;
2063;12592;CHL;;;2023-07-12;;;
2063;12592;CHL;;;2024-06-06;;;
2063;12592;CHL;;;2024-07-12;;;
2063;12592;CHL;;;2025-06-06;;;
2063;12592;CHL;;;2025-07-12;;;
2063;12592;CHL;;;2026-06-06;;;
2075;12593;CHL;;;2026-07-05;;;
2102;12596;CHL;;;2026-07-05;;;
2103;12600;CHL;;;2025-06-06;;;
2103;12600;CHL;;;2025-07-12;;;
2103;12600;CHL;;;2026-06-06;;;
2104;12602;CHL;;;2024-07-01;;;
2104;12602;CHL;;;2024-07-07;;;
2104;12602;CHL;;;2024-07-12;;;
2104;12602;CHL;;;2025-06-06;;;
2104;12602;CHL;;;2025-07-12;;;
2104;12602;CHL;;;2026-06-06;;;
2118;12604;CHL;;;2024-04-02;;;
2118;12604;CHL;;;2024-07-08;;;
2118;12604;CHL;;;2025-04-02;;;
2118;12604;CHL;;;2025-07-08;;;
2118;12604;CHL;;;2026-05-02;;;
2118;12604;CHL;;;2026-07-08;;;
2133;12606;CHL;;;2023-06-11;;;
2133;12606;CHL;;;2024-07-05;;;
2133;12606;CHL;;;2024-06-11;;;
2133;12606;CHL;;;2025-07-05;;;
2133;12606;CHL;;;2025-06-11;;;
2133;12606;CHL;;;2026-06-06;;;
2147;12607;CHL;;;2023-07-12;;;
2147;12607;CHL;;;2024-06-06;;;
2147;12607;CHL;;;2024-07-12;;;
2147;12607;CHL;;;2025-06-06;;;
2147;12607;CHL;;;2025-07-12;;;
2147;12607;CHL;;;2026-06-06;;;
2148;12608;CHL;;;2023-07-12;;;
2148;12608;CHL;;;2024-06-06;;;
2148;12608;CHL;;;2024-07-12;;;
2148;12608;CHL;;;2025-06-06;;;
2148;12608;CHL;;;2025-07-12;;;
2148;12608;CHL;;;2026-06-06;;;
2161;12610;CHL;;;2023-07-12;;;
2161;12610;CHL;;;2024-06-06;;;
2161;12610;CHL;;;2024-07-12;;;
2161;12610;CHL;;;2025-06-06;;;
2161;12610;CHL;;;2025-07-12;;;
2161;12610;CHL;;;2026-06-06;;;
2162;12611;CHL;;;2023-07-12;;;
2162;12611;CHL;;;2024-06-06;;;
2162;12611;CHL;;;2024-07-12;;;
2162;12611;CHL;;;2025-06-06;;;
2162;12611;CHL;;;2025-07-12;;;
2162;12611;CHL;;;2026-06-06;;;
2174;12614;CHL;;;2023-07-12;;;
2174;12614;CHL;;;2024-06-06;;;
2174;12614;CHL;;;2024-07-12;;;
2174;12614;CHL;;;2025-06-06;;;
2174;12614;CHL;;;2025-07-12;;;
2174;12614;CHL;;;2026-06-06;;;
2186;12615;CHL;;;2024-07-01;;;
2186;12615;CHL;;;2024-07-07;;;
2186;12615;CHL;;;2025-07-01;;;
2186;12615;CHL;;;2025-07-07;;;
2186;12615;CHL;;;2026-07-01;;;
2186;12615;CHL;;;2026-07-07;;;
2207;12619;CHL;;;2023-07-12;;;
2207;12619;CHL;;;2024-06-06;;;
2207;12619;CHL;;;2024-07-12;;;
2207;12619;CHL;;;2025-06-06;;;
2207;12619;CHL;;;2025-07-12;;;
2207;12619;CHL;;;2026-06-06;;;
2218;12620;CHL;;;2023-07-12;;;
2218;12620;CHL;;;2024-06-06;;;
2218;12620;CHL;;;2024-07-12;;;
2218;12620;CHL;;;2025-06-06;;;
2218;12620;CHL;;;2025-07-12;;;
2218;12620;CHL;;;2026-06-06;;;
2219;12621;CHL;;;2025-06-06;;;
2219;12621;CHL;;;2025-07-12;;;
2219;12621;CHL;;;2026-06-06;;;
2221;12623;CHL;;;2026-06-06;;;
2225;12628;CHL;;;2024-07-01;;;
2225;12628;CHL;;;2024-07-07;;;
2225;12628;CHL;;;2025-07-01;;;
2225;12628;CHL;;;2025-07-07;;;
2225;12628;CHL;;;2026-07-01;;;
2225;12628;CHL;;;2026-07-07;;;
2226;12629;CHL;;;2023-06-11;;;
2226;12629;CHL;;;2024-07-05;;;
2226;12629;CHL;;;2024-06-11;;;
2226;12629;CHL;;;2025-07-05;;;
2226;12629;CHL;;;2025-07-12;;;
2226;12629;CHL;;;2026-06-06;;;
2239;12635;CHL;;;2024-06-04;;;
2239;12635;CHL;;;2024-07-07;;;
2239;12635;CHL;;;2025-07-01;;;
2239;12635;CHL;;;2025-07-07;;;
2239;12635;CHL;;;2026-07-01;;;
2239;12635;CHL;;;2026-07-07;;;
2241;12637;CHL;;;2024-07-01;;;
2241;12637;CHL;;;2024-07-07;;;
2241;12637;CHL;;;2025-07-01;;;
2241;12637;CHL;;;2025-07-07;;;
2241;12637;CHL;;;2026-07-01;;;
2241;12637;CHL;;;2026-07-07;;;
2257;12641;CHL;;;2024-07-01;;;
2257;12641;CHL;;;2024-07-07;;;
2257;12641;CHL;;;2025-07-01;;;
2257;12641;CHL;;;2025-07-07;;;
2257;12641;CHL;;;2026-07-01;;;
2257;12641;CHL;;;2026-07-07;;;
2259;12643;CHL;;;2026-07-05;;;
2282;12647;CHL;;;2023-07-12;;;
2282;12647;CHL;;;2024-06-06;;;
2282;12647;CHL;;;2024-07-12;;;
2282;12647;CHL;;;2025-06-06;;;
2282;12647;CHL;;;2025-07-12;;;
2282;12647;CHL;;;2026-06-06;;;
2286;12651;CHL;;;2023-07-12;;;
2286;12651;CHL;;;2024-06-06;;;
2286;12651;CHL;;;2024-07-12;;;
2286;12651;CHL;;;2025-06-06;;;
2286;12651;CHL;;;2025-07-12;;;
2286;12651;CHL;;;2026-06-06;;;
2287;12652;CHL;;;2024-04-02;;;
2287;12652;CHL;;;2025-07-08;;;
2287;12652;CHL;;;2026-05-02;;;
2287;12652;CHL;;;2026-07-08;;;
2289;12655;CHL;;;2024-07-01;;;
2289;12655;CHL;;;2024-07-07;;;
2289;12655;CHL;;;2025-07-01;;;
2289;12655;CHL;;;2025-07-07;;;
2289;12655;CHL;;;2026-07-01;;;
2289;12655;CHL;;;2026-07-07;;;
2290;12656;CHL;;;2024-07-01;;;
2290;12656;CHL;;;2024-07-07;;;
2290;12656;CHL;;;2025-07-01;;;
2290;12656;CHL;;;2025-07-07;;;
2290;12656;CHL;;;2026-07-01;;;
2290;12656;CHL;;;2026-07-07;;;
2291;12657;CHL;;;2023-07-12;;;
2291;12657;CHL;;;2024-06-06;;;
2291;12657;CHL;;;2024-07-12;;;
2291;12657;CHL;;;2025-06-06;;;
2291;12657;CHL;;;2025-07-12;;;
2291;12657;CHL;;;2026-06-06;;;
2296;12659;CHL;;;2024-07-03;;;
2296;12659;CHL;;;2024-06-09;;;
2296;12659;CHL;;;2025-07-03;;;
2296;12659;CHL;;;2025-06-09;;;
2296;12659;CHL;;;2026-07-03;;;
2296;12659;CHL;;;2026-06-09;;;
2301;12708;CHL;;;2023-07-12;;;
2301;12708;CHL;;;2024-06-06;;;
2301;12708;CHL;;;2024-07-12;;;
2301;12708;CHL;;;2025-06-06;;;
2301;12708;CHL;;;2025-07-12;;;
2301;12708;CHL;;;2026-06-06;;;
2300;12709;CHL;;;2023-07-12;;;
2300;12709;CHL;;;2024-06-06;;;
2300;12709;CHL;;;2024-07-12;;;
2300;12709;CHL;;;2025-06-06;;;
2300;12709;CHL;;;2025-07-12;;;
2300;12709;CHL;;;2026-06-06;;;
2321;12713;CHL;;;2024-07-01;;;
2321;12713;CHL;;;2024-07-07;;;
2321;12713;CHL;;;2025-07-01;;;
2321;12713;CHL;;;2025-07-07;;;
2321;12713;CHL;;;2026-07-01;;;
2321;12713;CHL;;;2026-07-07;;;
2326;12721;CHL;;;2024-04-02;;;
2326;12721;CHL;;;2024-07-08;;;
2326;12721;CHL;;;2025-04-02;;;
2326;12721;CHL;;;2025-07-08;;;
2326;12721;CHL;;;2026-05-02;;;
2326;12721;CHL;;;2026-07-08;;;
2334;12724;CHL;;;2023-07-12;;;
2334;12724;CHL;;;2024-06-06;;;
2334;12724;CHL;;;2024-07-12;;;
2334;12724;CHL;;;2025-06-06;;;
2334;12724;CHL;;;2025-07-12;;;
2334;12724;CHL;;;2026-07-07;;;
2362;12730;CHL;;;2025-07-05;;;
2362;12730;CHL;;;2025-06-11;;;
2362;12730;CHL;;;2026-07-05;;;
2388;12735;CHL;;;2024-06-04;;;
2388;12735;CHL;;;2024-07-10;;;
2388;12735;CHL;;;2025-06-04;;;
2388;12735;CHL;;;2025-07-07;;;
2388;12735;CHL;;;2026-07-01;;;
2388;12735;CHL;;;2026-07-07;;;
2389;12736;CHL;;;2024-07-01;;;
2389;12736;CHL;;;2024-07-07;;;
2389;12736;CHL;;;2025-07-01;;;
2389;12736;CHL;;;2025-07-07;;;
2389;12736;CHL;;;2026-07-01;;;
2389;12736;CHL;;;2026-07-07;;;
2390;12743;CHL;;;2026-07-05;;;
2394;12744;CHL;;;2024-07-03;;;
2394;12744;CHL;;;2024-06-09;;;
2394;12744;CHL;;;2025-07-03;;;
2394;12744;CHL;;;2025-06-09;;;
2394;12744;CHL;;;2026-07-03;;;
2394;12744;CHL;;;2026-06-09;;;
2395;12745;CHL;;;2024-07-03;;;
2395;12745;CHL;;;2024-06-09;;;
2395;12745;CHL;;;2025-07-03;;;
2395;12745;CHL;;;2025-06-09;;;
2395;12745;CHL;;;2026-07-03;;;
2395;12745;CHL;;;2026-06-09;;;
2396;12746;CHL;;;2023-07-12;;;
2396;12746;CHL;;;2024-06-06;;;
2396;12746;CHL;;;2024-07-12;;;
2396;12746;CHL;;;2025-06-06;;;
2396;12746;CHL;;;2025-07-12;;;
2396;12746;CHL;;;2026-06-06;;;
2425;12776;CHL;;;2023-07-12;;;
2425;12776;CHL;;;2024-06-06;;;
2425;12776;CHL;;;2024-07-12;;;
2425;12776;CHL;;;2025-06-06;;;
2425;12776;CHL;;;2026-07-01;;;
2425;12776;CHL;;;2026-07-08;;;
2435;12792;CHL;;;2023-07-12;;;
2435;12792;CHL;;;2024-06-06;;;
2435;12792;CHL;;;2024-07-12;;;
2435;12792;CHL;;;2025-06-06;;;
2435;12792;CHL;;;2026-07-01;;;
2435;12792;CHL;;;2026-07-07;;;
2444;12794;CHL;;;2023-07-12;;;
2444;12794;CHL;;;2024-06-06;;;
2444;12794;CHL;;;2024-07-12;;;
2444;12794;CHL;;;2025-06-06;;;
2444;12794;CHL;;;2025-07-12;;;
2444;12794;CHL;;;2026-06-06;;;
2445;12795;CHL;;;2023-07-12;;;
2445;12795;CHL;;;2024-06-06;;;
2445;12795;CHL;;;2024-07-12;;;
2445;12795;CHL;;;2025-06-06;;;
2445;12795;CHL;;;2025-07-12;;;
2445;12795;CHL;;;2026-06-06;;;
2454;12802;CHL;;;2026-06-06;;;
2456;12878;CHL;;;2023-07-12;;;
2456;12878;CHL;;;2024-06-06;;;
2456;12878;CHL;;;2024-07-12;;;
2456;12878;CHL;;;2025-06-06;;;
2456;12878;CHL;;;2025-07-12;;;
2456;12878;CHL;;;2026-06-06;;;
2464;12963;CHL;;;2024-07-08;;;
2464;12963;CHL;;;2025-04-02;;;
2464;12963;CHL;;;2026-06-06;;;
2465;12971;CHL;;;2026-07-05;;;
2474;13098;CHL;;;2023-06-09;;;
2474;13098;CHL;;;2024-07-03;;;
2474;13098;CHL;;;2024-06-09;;;
2474;13098;CHL;;;2025-07-03;;;
2474;13098;CHL;;;2025-06-09;;;
2474;13098;CHL;;;2026-07-03;;;
2475;13112;CHL;;;2023-07-12;;;
2475;13112;CHL;;;2024-07-08;;;
2475;13112;CHL;;;2025-04-02;;;
2475;13112;CHL;;;2025-07-08;;;
2475;13112;CHL;;;2026-05-02;;;
2475;13112;CHL;;;2026-07-08;;;
2502;13147;CHL;;;2024-07-01;;;
2502;13147;CHL;;;2024-07-07;;;
2502;13147;CHL;;;2025-07-01;;;
2502;13147;CHL;;;2025-07-07;;;
2502;13147;CHL;;;2026-07-01;;;
2502;13147;CHL;;;2026-07-07;;;
2509;13148;CHL;;;2024-07-01;;;
2509;13148;CHL;;;2024-07-07;;;
2509;13148;CHL;;;2025-07-01;;;
2509;13148;CHL;;;2025-07-07;;;
2509;13148;CHL;;;2026-07-01;;;
2509;13148;CHL;;;2026-07-07;;;
2511;13150;CHL;;;2023-07-12;;;
2511;13150;CHL;;;2024-06-06;;;
2511;13150;CHL;;;2024-07-12;;;
2511;13150;CHL;;;2025-06-06;;;
2511;13150;CHL;;;2025-07-12;;;
2511;13150;CHL;;;2026-07-07;;;
2536;13189;CHL;;;2024-04-02;;;
2536;13189;CHL;;;2024-07-08;;;
2536;13189;CHL;;;2025-04-02;;;
2536;13189;CHL;;;2025-07-08;;;
2536;13189;CHL;;;2026-05-02;;;
2536;13189;CHL;;;2026-07-08;;;
2537;13197;CHL;;;2024-07-01;;;
2537;13197;CHL;;;2024-07-07;;;
2537;13197;CHL;;;2025-07-01;;;
2537;13197;CHL;;;2025-07-07;;;
2537;13197;CHL;;;2026-07-01;;;
2537;13197;CHL;;;2026-07-07;;;
2538;13198;CHL;;;2024-04-02;;;
2538;13198;CHL;;;2024-07-08;;;
2538;13198;CHL;;;2025-04-02;;;
2538;13198;CHL;;;2025-07-08;;;
2538;13198;CHL;;;2026-05-02;;;
2538;13198;CHL;;;2026-07-08;;;
2548;13201;CHL;;;2024-07-01;;;
2548;13201;CHL;;;2024-07-07;;;
2548;13201;CHL;;;2024-07-10;;;
2548;13201;CHL;;;2025-06-04;;;
2548;13201;CHL;;;2025-07-10;;;
2548;13201;CHL;;;2026-06-04;;;
2556;13203;CHL;;;2024-07-01;;;
2556;13203;CHL;;;2024-07-07;;;
2556;13203;CHL;;;2025-07-01;;;
2556;13203;CHL;;;2025-07-07;;;
2556;13203;CHL;;;2026-07-01;;;
2556;13203;CHL;;;2026-07-07;;;
2557;13204;CHL;;;2024-04-02;;;
2557;13204;CHL;;;2024-07-08;;;
2557;13204;CHL;;;2024-06-11;;;
2557;13204;CHL;;;2025-07-05;;;
2557;13204;CHL;;;2025-06-11;;;
2557;13204;CHL;;;2026-07-05;;;
2565;13205;CHL;;;2026-07-05;;;
2566;13206;CHL;;;2024-07-01;;;
2566;13206;CHL;;;2024-07-07;;;
2566;13206;CHL;;;2025-07-01;;;
2566;13206;CHL;;;2025-07-07;;;
2566;13206;CHL;;;2026-07-01;;;
2566;13206;CHL;;;2026-07-07;;;
2573;13207;CHL;;;2024-07-01;;;
2573;13207;CHL;;;2024-07-07;;;
2573;13207;CHL;;;2025-07-01;;;
2573;13207;CHL;;;2025-07-07;;;
2573;13207;CHL;;;2026-07-01;;;
2573;13207;CHL;;;2026-06-04;;;
6915;22106;CHL;;;2023-07-07;;;
6915;22106;CHL;;;2024-07-01;;;
6915;22106;CHL;;;2024-07-07;;;
2575;22223;CHL;;;2023-07-12;;;
2575;22223;CHL;;;2024-06-06;;;
2575;22223;CHL;;;2024-07-12;;;
2575;22223;CHL;;;2025-06-06;;;
2575;22223;CHL;;;2025-07-12;;;
2575;22223;CHL;;;2026-06-06;;;
2581;22225;CHL;;;2023-07-12;;;
2581;22225;CHL;;;2024-06-06;;;
2581;22225;CHL;;;2024-07-12;;;
2581;22225;CHL;;;2025-06-06;;;
2581;22225;CHL;;;2025-07-12;;;
2581;22225;CHL;;;2026-06-06;;;
2590;22269;CHL;;;2024-07-01;;;
2590;22269;CHL;;;2024-07-07;;;
2590;22269;CHL;;;2025-07-01;;;
2590;22269;CHL;;;2025-07-07;;;
2590;22269;CHL;;;2026-07-01;;;
2590;22269;CHL;;;2026-07-07;;;
6938;22270;CHL;;;2024-07-07;;;
6938;22270;CHL;;;2025-07-01;;;
6938;22270;CHL;;;2025-07-07;;;
6938;22270;CHL;;;2026-07-01;;;
6938;22270;CHL;;;2026-07-07;;;
2591;22271;CHL;;;2024-07-01;;;
2591;22271;CHL;;;2024-07-07;;;
2591;22271;CHL;;;2025-07-01;;;
2591;22271;CHL;;;2025-07-07;;;
2591;22271;CHL;;;2026-07-01;;;
2591;22271;CHL;;;2026-07-07;;;
2600;22277;CHL;;;2024-07-08;;;
2600;22277;CHL;;;2025-04-02;;;
2600;22277;CHL;;;2025-07-08;;;
2600;22277;CHL;;;2026-05-02;;;
2600;22277;CHL;;;2026-07-08;;;
2601;22278;CHL;;;2024-07-07;;;
2601;22278;CHL;;;2025-07-01;;;
2601;22278;CHL;;;2025-07-07;;;
2601;22278;CHL;;;2026-07-01;;;
2601;22278;CHL;;;2026-07-07;;;
2615;22280;CHL;;;2024-07-07;;;
2615;22280;CHL;;;2025-07-01;;;
2615;22280;CHL;;;2025-07-07;;;
2615;22280;CHL;;;2026-07-01;;;
2615;22280;CHL;;;2026-07-07;;;
2616;22281;CHL;;;2024-07-07;;;
2616;22281;CHL;;;2025-07-01;;;
2616;22281;CHL;;;2025-07-07;;;
2616;22281;CHL;;;2026-07-01;;;
2616;22281;CHL;;;2026-07-07;;;
2788;22565;CHL;;;2026-07-01;;;
2788;22565;CHL;;;2026-07-07;;;
2803;22567;CHL;;;2025-07-12;;;
2803;22567;CHL;;;2026-06-06;;;
2833;22576;CHL;;;2026-04-02;;;
2833;22576;CHL;;;2026-07-08;;;
2839;22578;CHL;;;2026-07-01;;;
2839;22578;CHL;;;2026-07-08;;;
2847;22580;CHL;;;2026-04-02;;;
2847;22580;CHL;;;2026-07-08;;;
;22711;CHL;;;2026-07-03;;;
;22711;CHL;;;2026-06-09;;;
;22712;CHL;;;2026-07-03;;;
;22712;CHL;;;2026-06-09;;;
;22930;CHL;;;2026-06-06;;;
;22931;CHL;;;2026-06-06;;;
2854;30263;CHL;;;2024-06-11;;;
2854;30263;CHL;;;2025-07-05;;;
2854;30263;CHL;;;2025-06-11;;;
2854;30263;CHL;;;2026-07-05;;;
2855;30295;CHL;;;2024-06-06;;;
2855;30295;CHL;;;2024-07-12;;;
2855;30295;CHL;;;2025-06-06;;;
2855;30295;CHL;;;2025-07-12;;;
2855;30295;CHL;;;2026-06-06;;;
3816;42318;CHL;;;2023-07-12;;;
3816;42318;CHL;;;2024-06-06;;;
3816;42318;CHL;;;2024-07-12;;;
3816;42318;CHL;;;2025-06-06;;;
3816;42318;CHL;;;2025-07-12;;;
3816;42318;CHL;;;2026-06-06;;;
6236;44199;CHL;;;2024-07-07;;;
6236;44199;CHL;;;2025-07-01;;;
6236;44199;CHL;;;2025-07-07;;;
6236;44199;CHL;;;2026-07-01;;;
6236;44199;CHL;;;2026-07-07;;;
6252;44200;CHL;;;2024-07-07;;;
6252;44200;CHL;;;2025-07-01;;;
6252;44200;CHL;;;2025-07-07;;;
6252;44200;CHL;;;2026-07-01;;;
6252;44200;CHL;;;2026-07-07;;;
6269;44202;CHL;;;2025-07-12;;;
6269;44202;CHL;;;2026-07-07;;;
6270;44203;CHL;;;2025-07-12;;;
6270;44203;CHL;;;2026-06-06;;;
6282;44204;CHL;;;2024-07-07;;;
6282;44204;CHL;;;2025-07-01;;;
6282;44204;CHL;;;2025-07-07;;;
6282;44204;CHL;;;2026-07-01;;;
6282;44204;CHL;;;2026-07-07;;;
6283;44205;CHL;;;2026-07-01;;;
6283;44205;CHL;;;2026-07-07;;;
6284;44206;CHL;;;2024-07-07;;;
6284;44206;CHL;;;2025-07-01;;;
6284;44206;CHL;;;2025-07-07;;;
6284;44206;CHL;;;2026-07-01;;;
6284;44206;CHL;;;2026-07-07;;;
6320;44210;CHL;;;2026-07-01;;;
6320;44210;CHL;;;2026-07-07;;;
6338;44216;CHL;;;2026-07-01;;;
6338;44216;CHL;;;2026-07-07;;;
6908;44406;CHL;;;2025-06-09;;;
6908;44406;CHL;;;2025-07-12;;;
6908;44406;CHL;;;2026-06-06;;;
6909;44408;CHL;;;2025-06-09;;;
6909;44408;CHL;;;2026-07-03;;;
6909;44408;CHL;;;2026-06-06;;;
6910;44409;CHL;;;2025-06-09;;;
6910;44409;CHL;;;2026-07-03;;;
6910;44409;CHL;;;2026-06-06;;;
6920;44468;CHL;;;2025-06-04;;;
6920;44468;CHL;;;2025-07-07;;;
6920;44468;CHL;;;2026-07-01;;;
6920;44468;CHL;;;2026-07-07;;;
6922;44488;CHL;;;2025-06-04;;;
6922;44488;CHL;;;2025-07-07;;;
6922;44488;CHL;;;2026-07-01;;;
6922;44488;CHL;;;2026-07-07;;;
6939;44517;CHL;;;2025-07-05;;;
6939;44517;CHL;;;2025-06-11;;;
6939;44517;CHL;;;2026-07-05;;;
6940;44521;CHL;;;2025-07-05;;;
6940;44521;CHL;;;2025-06-11;;;
6940;44521;CHL;;;2026-07-05;;;
6941;44525;CHL;;;2025-07-05;;;
6941;44525;CHL;;;2025-06-11;;;
6941;44525;CHL;;;2026-07-05;;;
6923;44532;CHL;;;2025-06-04;;;
6923;44532;CHL;;;2025-07-10;;;
6935;44538;CHL;;;2026-07-05;;;
6929;44541;CHL;;;2026-07-05;;;
;44652;CHL;;;2025-07-07;;;
;44652;CHL;;;2026-07-01;;;
;44652;CHL;;;2026-07-07;;;
;44665;CHL;;;2025-07-07;;;
;44665;CHL;;;2026-07-01;;;
;44665;CHL;;;2026-07-07;;;
;44698;CHL;;;2025-07-07;;;
;44698;CHL;;;2026-07-01;;;
;44698;CHL;;;2026-07-07;;;
;44705;CHL;;;2025-07-08;;;
;44705;CHL;;;2026-05-02;;;
;44705;CHL;;;2026-07-08;;;
;44707;CHL;;;2025-07-07;;;
;44707;CHL;;;2026-07-01;;;
;44707;CHL;;;2026-07-07;;;
;44708;CHL;;;2025-07-07;;;
;44708;CHL;;;2026-07-01;;;
;44708;CHL;;;2026-07-07;;;
;44790;CHL;;;2026-07-05;;;
;44791;CHL;;;2026-07-05;;;
;44793;CHL;;;2026-07-05;;;
;44794;CHL;;;2026-07-05;;;
;44827;CHL;;;2025-06-11;;;
;44827;CHL;;;2026-07-01;;;
;44827;CHL;;;2026-07-07;;;
;44829;CHL;;;2025-07-08;;;
;44829;CHL;;;2026-05-02;;;
;44829;CHL;;;2026-07-08;;;
249;7824;CHL;;;2023-06-09;;;
249;7824;CHL;;;2024-07-03;;;
249;7824;CHL;;;2024-06-09;;;
249;7824;CHL;;;2025-07-03;;;
249;7824;CHL;;;2025-06-09;;;
249;7824;CHL;;;2026-07-03;;;
249;7824;CHL;;;2026-06-09;;;
282;8221;CHL;;;2025-06-09;;;
282;8221;CHL;;;2026-07-03;;;
282;8221;CHL;;;2026-06-09;;;
511;8732;CHL;;;2025-06-09;;;
511;8732;CHL;;;2026-07-03;;;
511;8732;CHL;;;2026-06-09;;;
2222;12624;CHL;;;2025-07-12;;;
2222;12624;CHL;;;2026-06-06;;;
2222;12624;CHL;;;2026-06-09;;;
2255;12639;CHL;;;2025-07-12;;;
2255;12639;CHL;;;2026-06-06;;;
2255;12639;CHL;;;2026-06-09;;;
2285;12650;CHL;;;2026-07-05;;;
2285;12650;CHL;;;2026-06-11;;;
527;8737;CHL;;;2024-07-01;;;
527;8737;CHL;;;2024-07-07;;;
527;8737;CHL;;;2025-07-01;;;
527;8737;CHL;;;2025-07-07;;;
527;8737;CHL;;;2026-05-02;;;
527;8737;CHL;;;2026-07-08;;;
840;9424;CHL;;;2024-04-02;;;
840;9424;CHL;;;2024-07-08;;;
840;9424;CHL;;;2025-04-02;;;
840;9424;CHL;;;2025-07-08;;;
840;9424;CHL;;;2026-05-02;;;
840;9424;CHL;;;2026-07-08;;;
2228;12631;CHL;;;2024-04-02;;;
2228;12631;CHL;;;2024-07-08;;;
2228;12631;CHL;;;2025-04-02;;;
2228;12631;CHL;;;2025-07-08;;;
2228;12631;CHL;;;2026-05-02;;;
2228;12631;CHL;;;2026-07-08;;;
2240;12636;CHL;;;2023-07-12;;;
2240;12636;CHL;;;2024-07-03;;;
2240;12636;CHL;;;2024-06-09;;;
2240;12636;CHL;;;2025-07-03;;;
2240;12636;CHL;;;2025-06-09;;;
2240;12636;CHL;;;2026-07-03;;;
2240;12636;CHL;;;2026-06-09;;;
6925;44494;CHL;;;2025-06-11;;;
6925;44494;CHL;;;2026-07-05;;;
6925;44494;CHL;;;2026-07-08;;;
518;8733;CHL;;;2023-07-12;;;
518;8733;CHL;;;2024-06-06;;;
518;8733;CHL;;;2024-07-12;;;
518;8733;CHL;;;2026-05-02;;;
518;8733;CHL;;;2026-07-08;;;
1456;12299;CHL;;;2024-07-01;;;
1456;12299;CHL;;;2024-07-07;;;
1456;12299;CHL;;;2025-07-01;;;
1456;12299;CHL;;;2025-07-07;;;
1456;12299;CHL;;;2026-05-02;;;
1456;12299;CHL;;;2026-07-08;;;
1792;12551;CHL;;;2023-06-09;;;
1792;12551;CHL;;;2024-07-03;;;
1792;12551;CHL;;;2024-06-09;;;
1792;12551;CHL;;;2025-07-03;;;
1792;12551;CHL;;;2025-06-09;;;
1792;12551;CHL;;;2026-07-03;;;
1792;12551;CHL;;;2026-06-09;;;
1930;12572;CHL;;;2026-07-08;;;
2017;12585;CHL;;;2026-07-08;;;
2339;12727;CHL;;;2023-06-09;;;
2339;12727;CHL;;;2024-07-03;;;
2339;12727;CHL;;;2024-06-09;;;
2339;12727;CHL;;;2025-07-03;;;
2339;12727;CHL;;;2025-06-09;;;
2339;12727;CHL;;;2026-07-03;;;
2339;12727;CHL;;;2026-06-09;;;
6736;44373;CHL;;;2025-06-04;;;
6736;44373;CHL;;;2025-07-10;;;
6736;44373;CHL;;;2026-06-04;;;
6736;44373;CHL;;;2026-07-10;;;
738;9062;CHL;;;2023-07-12;;;
738;9062;CHL;;;2024-06-06;;;
738;9062;CHL;;;2024-07-12;;;
738;9062;CHL;;;2025-07-03;;;
738;9062;CHL;;;2025-06-09;;;
738;9062;CHL;;;2026-07-03;;;
738;9062;CHL;;;2026-06-09;;;
1488;12302;CHL;;;2025-07-10;;;
1488;12302;CHL;;;2026-06-04;;;
1488;12302;CHL;;;2026-07-10;;;
1689;12519;CHL;;;2025-06-09;;;
1689;12519;CHL;;;2026-07-03;;;
1689;12519;CHL;;;2026-06-09;;;
2547;13200;CHL;;;2024-04-02;;;
2547;13200;CHL;;;2024-07-08;;;
2547;13200;CHL;;;2025-04-02;;;
2547;13200;CHL;;;2025-07-08;;;
2547;13200;CHL;;;2025-06-11;;;
2547;13200;CHL;;;2026-07-05;;;
2547;13200;CHL;;;2026-07-08;;;
6737;44374;CHL;;;2025-07-10;;;
6737;44374;CHL;;;2026-06-04;;;
6737;44374;CHL;;;2026-07-10;;;
;44796;CHL;;;2026-06-09;;;
;44797;CHL;;;2026-06-09;;;
1864;12564;CHL;;;2024-07-01;;;
1864;12564;CHL;;;2024-07-07;;;
1864;12564;CHL;;;2025-07-01;;;
1864;12564;CHL;;;2025-07-07;;;
1864;12564;CHL;;;2026-07-01;;;
1864;12564;CHL;;;2026-07-07;;;
2623;22364;CHL;;;2025-07-07;;;
2623;22364;CHL;;;2026-07-01;;;
2623;22364;CHL;;;2026-07-07;;;
303;8227;CHL;;;2023-07-07;;;
303;8227;CHL;;;2024-07-01;;;
303;8227;CHL;;;2024-07-07;;;
303;8227;CHL;;;2025-07-01;;;
303;8227;CHL;;;2025-07-07;;;
303;8227;CHL;;;2026-07-01;;;
303;8227;CHL;;;2026-07-07;;;
932;9901;CHL;;;2023-06-09;;;
932;9901;CHL;;;2024-07-03;;;
932;9901;CHL;;;2024-06-09;;;
932;9901;CHL;;;2025-07-03;;;
932;9901;CHL;;;2025-06-09;;;
932;9901;CHL;;;2026-07-03;;;
932;9901;CHL;;;2026-06-09;;;
1901;12568;CHL;;;2024-07-01;;;
1901;12568;CHL;;;2024-07-07;;;
1901;12568;CHL;;;2025-07-01;;;
1901;12568;CHL;;;2025-07-07;;;
1901;12568;CHL;;;2026-07-01;;;
1901;12568;CHL;;;2026-07-07;;;
2132;12605;CHL;;;2023-06-11;;;
2132;12605;CHL;;;2024-07-05;;;
2132;12605;CHL;;;2024-06-11;;;
2132;12605;CHL;;;2025-07-05;;;
2132;12605;CHL;;;2025-07-12;;;
2132;12605;CHL;;;2026-06-06;;;
2132;12605;CHL;;;2026-06-09;;;
2418;12748;CHL;;;2023-06-11;;;
2418;12748;CHL;;;2024-07-05;;;
2418;12748;CHL;;;2024-06-11;;;
2418;12748;CHL;;;2025-07-05;;;
2418;12748;CHL;;;2025-06-11;;;
2418;12748;CHL;;;2026-07-05;;;
2418;12748;CHL;;;2026-06-11;;;
6927;44499;CHL;;;2025-07-05;;;
6927;44499;CHL;;;2025-07-08;;;
6927;44499;CHL;;;2026-05-02;;;
6927;44499;CHL;;;2026-07-08;;;
394;8366;CHL;;;2024-07-01;;;
394;8366;CHL;;;2024-07-08;;;
394;8366;CHL;;;2025-04-02;;;
394;8366;CHL;;;2025-07-08;;;
394;8366;CHL;;;2026-05-02;;;
394;8366;CHL;;;2026-07-08;;;
931;9900;CHL;;;2023-07-12;;;
931;9900;CHL;;;2024-06-06;;;
931;9900;CHL;;;2024-07-12;;;
931;9900;CHL;;;2025-07-03;;;
931;9900;CHL;;;2025-06-09;;;
931;9900;CHL;;;2026-07-03;;;
931;9900;CHL;;;2026-06-09;;;
934;9997;CHL;;;2023-07-10;;;
934;9997;CHL;;;2024-06-04;;;
934;9997;CHL;;;2024-07-10;;;
934;9997;CHL;;;2025-06-04;;;
934;9997;CHL;;;2025-07-10;;;
934;9997;CHL;;;2026-06-04;;;
934;9997;CHL;;;2026-07-10;;;
2223;12625;CHL;;;2023-07-12;;;
2223;12625;CHL;;;2024-06-06;;;
2223;12625;CHL;;;2024-07-12;;;
2223;12625;CHL;;;2025-06-06;;;
2223;12625;CHL;;;2025-07-12;;;
2223;12625;CHL;;;2026-06-06;;;
2223;12625;CHL;;;2026-07-08;;;
2482;13139;CHL;;;2023-06-09;;;
2482;13139;CHL;;;2024-07-03;;;
2482;13139;CHL;;;2024-06-09;;;
2482;13139;CHL;;;2025-07-03;;;
2482;13139;CHL;;;2025-06-09;;;
2482;13139;CHL;;;2026-07-03;;;
2482;13139;CHL;;;2026-06-09;;;
2501;13146;CHL;;;2023-07-12;;;
2501;13146;CHL;;;2024-06-06;;;
2501;13146;CHL;;;2024-06-09;;;
2501;13146;CHL;;;2025-07-03;;;
2501;13146;CHL;;;2025-06-09;;;
2501;13146;CHL;;;2026-07-03;;;
2501;13146;CHL;;;2026-06-09;;;
2323;12717;CHL;;;2026-06-09;;;
2455;12813;CHL;;;2026-06-09;;;
204;7806;CHL;;;2023-07-08;;;
204;7806;CHL;;;2024-07-03;;;
204;7806;CHL;;;2024-06-09;;;
204;7806;CHL;;;2025-07-03;;;
204;7806;CHL;;;2025-06-09;;;
204;7806;CHL;;;2026-07-03;;;
204;7806;CHL;;;2026-06-09;;;
219;7810;CHL;;;2023-07-08;;;
219;7810;CHL;;;2024-07-03;;;
219;7810;CHL;;;2024-06-09;;;
219;7810;CHL;;;2025-07-03;;;
219;7810;CHL;;;2025-06-09;;;
219;7810;CHL;;;2026-07-03;;;
219;7810;CHL;;;2026-06-09;;;
351;8323;CHL;;;2023-07-12;;;
351;8323;CHL;;;2024-06-06;;;
351;8323;CHL;;;2024-07-12;;;
351;8323;CHL;;;2025-07-03;;;
351;8323;CHL;;;2025-06-09;;;
351;8323;CHL;;;2026-07-03;;;
351;8323;CHL;;;2026-06-09;;;
2032;12588;CHL;;;2023-06-09;;;
2032;12588;CHL;;;2024-07-03;;;
2032;12588;CHL;;;2024-06-09;;;
2032;12588;CHL;;;2025-07-03;;;
2032;12588;CHL;;;2025-06-09;;;
2032;12588;CHL;;;2026-07-03;;;
2032;12588;CHL;;;2026-06-09;;;
2187;12616;CHL;;;2024-07-03;;;
2187;12616;CHL;;;2024-06-09;;;
2187;12616;CHL;;;2025-07-03;;;
2187;12616;CHL;;;2025-06-09;;;
2187;12616;CHL;;;2026-07-03;;;
2187;12616;CHL;;;2026-06-09;;;
88;6441;CHL;;;2023-06-09;;;
88;6441;CHL;;;2024-07-03;;;
88;6441;CHL;;;2024-06-09;;;
88;6441;CHL;;;2025-07-03;;;
88;6441;CHL;;;2025-06-09;;;
88;6441;CHL;;;2026-07-03;;;
88;6441;CHL;;;2026-06-09;;;
148;7297;CHL;;;2024-07-10;;;
148;7297;CHL;;;2025-06-04;;;
148;7297;CHL;;;2025-07-10;;;
148;7297;CHL;;;2026-06-04;;;
148;7297;CHL;;;2026-07-10;;;
196;7805;CHL;;;2024-07-10;;;
196;7805;CHL;;;2025-06-04;;;
196;7805;CHL;;;2025-07-10;;;
196;7805;CHL;;;2026-06-04;;;
196;7805;CHL;;;2026-07-10;;;
485;8723;CHL;;;2025-07-10;;;
485;8723;CHL;;;2026-06-04;;;
485;8723;CHL;;;2026-07-10;;;
1489;12303;CHL;;;2023-07-12;;;
1489;12303;CHL;;;2024-06-06;;;
1489;12303;CHL;;;2024-07-12;;;
1489;12303;CHL;;;2025-06-06;;;
1489;12303;CHL;;;2025-07-12;;;
1489;12303;CHL;;;2026-06-06;;;
1489;12303;CHL;;;2026-07-12;;;
2018;12586;CHL;;;2025-06-11;;;
2018;12586;CHL;;;2026-07-05;;;
2018;12586;CHL;;;2026-07-08;;;
2047;12591;CHL;;;2025-06-06;;;
2047;12591;CHL;;;2025-07-12;;;
2047;12591;CHL;;;2026-06-06;;;
2047;12591;CHL;;;2026-07-12;;;
2090;12595;CHL;;;2023-07-12;;;
2090;12595;CHL;;;2024-06-06;;;
2090;12595;CHL;;;2024-07-12;;;
2090;12595;CHL;;;2025-06-06;;;
2090;12595;CHL;;;2025-07-12;;;
2090;12595;CHL;;;2026-06-06;;;
2090;12595;CHL;;;2026-07-12;;;
800;9414;CHL;;;2024-07-01;;;
800;9414;CHL;;;2024-07-07;;;
800;9414;CHL;;;2025-07-01;;;
800;9414;CHL;;;2025-07-07;;;
800;9414;CHL;;;2026-07-01;;;
800;9414;CHL;;;2026-07-07;;;
955;10000;CHL;;;2023-07-08;;;
955;10000;CHL;;;2024-04-02;;;
955;10000;CHL;;;2024-07-08;;;
955;10000;CHL;;;2025-04-02;;;
955;10000;CHL;;;2025-07-08;;;
955;10000;CHL;;;2026-05-02;;;
955;10000;CHL;;;2026-07-08;;;
1518;12309;CHL;;;2023-06-09;;;
1518;12309;CHL;;;2024-07-03;;;
1518;12309;CHL;;;2024-06-09;;;
1518;12309;CHL;;;2025-07-03;;;
1518;12309;CHL;;;2025-06-09;;;
1518;12309;CHL;;;2026-07-03;;;
1518;12309;CHL;;;2026-06-09;;;
1557;12316;CHL;;;2023-06-09;;;
1557;12316;CHL;;;2024-07-03;;;
1557;12316;CHL;;;2024-06-09;;;
1557;12316;CHL;;;2025-07-03;;;
1557;12316;CHL;;;2025-06-09;;;
1557;12316;CHL;;;2026-07-03;;;
1557;12316;CHL;;;2026-06-09;;;
2224;12626;CHL;;;2024-07-03;;;
2224;12626;CHL;;;2025-07-05;;;
2224;12626;CHL;;;2025-06-11;;;
2224;12626;CHL;;;2026-07-05;;;
2224;12626;CHL;;;2026-06-11;;;
2518;13151;CHL;;;2023-07-12;;;
2518;13151;CHL;;;2024-06-06;;;
2518;13151;CHL;;;2024-07-12;;;
2518;13151;CHL;;;2025-06-06;;;
2518;13151;CHL;;;2025-07-12;;;
2518;13151;CHL;;;2026-06-06;;;
2518;13151;CHL;;;2026-06-09;;;
6376;44220;CHL;;;2024-06-09;;;
6376;44220;CHL;;;2025-07-03;;;
6376;44220;CHL;;;2025-06-09;;;
6376;44220;CHL;;;2026-07-03;;;
6376;44220;CHL;;;2026-06-09;;;
;44711;CHL;;;2025-06-09;;;
;44711;CHL;;;2026-07-03;;;
;44711;CHL;;;2026-06-09;;;
730;8985;CHL;;;2023-06-09;;;
730;8985;CHL;;;2024-07-03;;;
730;8985;CHL;;;2024-06-09;;;
730;8985;CHL;;;2025-07-03;;;
730;8985;CHL;;;2025-06-09;;;
730;8985;CHL;;;2026-07-03;;;
730;8985;CHL;;;2026-06-09;;;
;22701;CHL;;;2026-07-03;;;
;22701;CHL;;;2026-06-09;;;
6924;44493;CHL;;;2025-06-11;;;
6924;44493;CHL;;;2026-07-05;;;
6924;44493;CHL;;;2026-07-08;;;
227;7812;CHL;;;2025-07-05;;;
227;7812;CHL;;;2025-06-11;;;
227;7812;CHL;;;2026-07-05;;;
227;7812;CHL;;;2026-06-11;;;
1776;12549;CHL;;;2023-06-09;;;
1776;12549;CHL;;;2024-06-04;;;
1776;12549;CHL;;;2024-07-10;;;
1776;12549;CHL;;;2025-06-04;;;
1776;12549;CHL;;;2025-07-10;;;
1776;12549;CHL;;;2026-06-04;;;
1776;12549;CHL;;;2026-07-10;;;
1723;12540;CHL;;;2023-06-09;;;
1723;12540;CHL;;;2024-07-03;;;
1723;12540;CHL;;;2024-06-09;;;
1723;12540;CHL;;;2025-07-03;;;
1723;12540;CHL;;;2025-06-09;;;
1723;12540;CHL;;;2026-07-03;;;
1723;12540;CHL;;;2026-06-09;;;
2288;12654;CHL;;;2023-06-09;;;
2288;12654;CHL;;;2024-07-03;;;
2288;12654;CHL;;;2024-06-09;;;
2288;12654;CHL;;;2025-07-03;;;
2288;12654;CHL;;;2025-06-09;;;
2288;12654;CHL;;;2026-07-03;;;
2288;12654;CHL;;;2026-06-09;;;
6942;44526;CHL;;;2025-07-05;;;
6942;44526;CHL;;;2025-06-11;;;
6942;44526;CHL;;;2026-07-05;;;
6942;44526;CHL;;;2026-07-08;;;
;44666;CHL;;;2025-06-09;;;
;44666;CHL;;;2026-07-03;;;
;44666;CHL;;;2026-06-09;;;
922;9890;CHL;;;2024-07-10;;;
922;9890;CHL;;;2025-06-04;;;
922;9890;CHL;;;2025-07-10;;;
922;9890;CHL;;;2026-06-04;;;
922;9890;CHL;;;2026-07-10;;;
2220;12622;CHL;;;2023-06-09;;;
2220;12622;CHL;;;2024-07-03;;;
2220;12622;CHL;;;2024-06-09;;;
2220;12622;CHL;;;2025-07-03;;;
2220;12622;CHL;;;2025-06-09;;;
2220;12622;CHL;;;2026-07-03;;;
2220;12622;CHL;;;2026-06-09;;;
;22822;CHL;;;2026-07-08;;;
;22823;CHL;;;2026-07-08;;;
;44653;CHL;;;2025-07-07;;;
;44653;CHL;;;2026-07-01;;;
;44653;CHL;;;2026-07-07;;;
360;8328;CHL;;;2023-07-10;;;
360;8328;CHL;;;2024-06-04;;;
360;8328;CHL;;;2024-07-10;;;
360;8328;CHL;;;2025-06-04;;;
360;8328;CHL;;;2025-07-10;;;
360;8328;CHL;;;2026-06-04;;;
360;8328;CHL;;;2026-07-10;;;
729;8984;CHL;;;2024-07-01;;;
729;8984;CHL;;;2024-07-07;;;
729;8984;CHL;;;2025-07-01;;;
729;8984;CHL;;;2025-07-07;;;
729;8984;CHL;;;2026-07-01;;;
729;8984;CHL;;;2026-07-07;;;
1724;12541;CHL;;;2026-07-08;;;
2840;22579;CHL;;;2025-07-12;;;
2840;22579;CHL;;;2026-06-06;;;
2840;22579;CHL;;;2026-06-09;;;
;44654;CHL;;;2025-06-09;;;
;44654;CHL;;;2026-07-03;;;
;44654;CHL;;;2026-06-09;;;
2262;12645;CHL;;;2026-07-08;;;
2322;12714;CHL;;;2026-07-08;;;
2324;12718;CHL;;;2026-07-08;;;
2333;12723;CHL;;;2026-07-08;;;
2335;12725;CHL;;;2026-07-08;;;
6930;12797;CHL;;;2026-07-08;;;
923;9893;CHL;;;2024-07-01;;;
923;9893;CHL;;;2024-07-07;;;
923;9893;CHL;;;2025-07-01;;;
923;9893;CHL;;;2025-07-07;;;
923;9893;CHL;;;2026-07-01;;;
923;9893;CHL;;;2026-07-07;;;
1631;12327;CHL;;;2023-07-10;;;
1631;12327;CHL;;;2024-06-04;;;
1631;12327;CHL;;;2024-07-10;;;
1631;12327;CHL;;;2025-06-04;;;
1631;12327;CHL;;;2025-07-10;;;
1631;12327;CHL;;;2026-06-04;;;
1631;12327;CHL;;;2026-07-10;;;
1718;12539;CHL;;;2026-07-08;;;
1959;12576;CHL;;;2026-07-08;;;
6932;22703;CHL;;;2025-07-12;;;
6932;22703;CHL;;;2026-06-06;;;
6932;22703;CHL;;;2026-06-09;;;
1536;12313;CHL;;;2023-06-09;;;
1536;12313;CHL;;;2024-07-03;;;
1536;12313;CHL;;;2024-06-09;;;
1536;12313;CHL;;;2025-07-03;;;
1536;12313;CHL;;;2025-06-09;;;
1536;12313;CHL;;;2026-07-03;;;
1536;12313;CHL;;;2026-06-09;;;
2256;12640;CHL;;;2024-04-02;;;
2256;12640;CHL;;;2024-07-10;;;
2256;12640;CHL;;;2025-06-04;;;
2256;12640;CHL;;;2025-07-10;;;
2256;12640;CHL;;;2026-06-04;;;
2256;12640;CHL;;;2026-07-10;;;
2582;22226;CHL;;;2023-07-12;;;
2582;22226;CHL;;;2024-06-06;;;
2582;22226;CHL;;;2024-07-12;;;
2582;22226;CHL;;;2025-06-06;;;
2582;22226;CHL;;;2025-07-12;;;
2582;22226;CHL;;;2026-06-06;;;
2582;22226;CHL;;;2026-06-09;;;
2811;22569;CHL;;;2025-06-11;;;
2811;22569;CHL;;;2026-07-05;;;
2811;22569;CHL;;;2026-07-08;;;
6336;44213;CHL;;;2024-06-09;;;
6336;44213;CHL;;;2025-07-03;;;
6336;44213;CHL;;;2025-06-09;;;
6336;44213;CHL;;;2026-07-03;;;
6336;44213;CHL;;;2026-06-09;;;
6351;44217;CHL;;;2024-07-08;;;
6351;44217;CHL;;;2025-04-02;;;
6351;44217;CHL;;;2025-07-08;;;
6351;44217;CHL;;;2026-05-02;;;
6351;44217;CHL;;;2026-06-09;;;
1541;12314;CHL;;;2023-07-08;;;
1541;12314;CHL;;;2024-04-02;;;
1541;12314;CHL;;;2024-07-08;;;
1541;12314;CHL;;;2025-04-02;;;
1541;12314;CHL;;;2025-07-08;;;
1541;12314;CHL;;;2026-05-02;;;
1541;12314;CHL;;;2026-07-08;;;
2089;12594;CHL;;;2024-04-02;;;
2089;12594;CHL;;;2024-07-08;;;
2089;12594;CHL;;;2025-04-02;;;
2089;12594;CHL;;;2025-07-08;;;
2089;12594;CHL;;;2026-05-02;;;
2089;12594;CHL;;;2026-07-08;;;
2520;13153;CHL;;;2024-06-09;;;
2520;13153;CHL;;;2025-07-03;;;
2520;13153;CHL;;;2025-06-09;;;
2520;13153;CHL;;;2026-07-03;;;
2520;13153;CHL;;;2026-06-09;;;
6399;44222;CHL;;;2025-06-09;;;
6399;44222;CHL;;;2026-07-03;;;
6399;44222;CHL;;;2026-06-09;;;
6926;44495;CHL;;;2025-06-11;;;
6926;44495;CHL;;;2026-07-05;;;
6926;44495;CHL;;;2026-07-08;;;
6928;44501;CHL;;;2025-07-05;;;
6928;44501;CHL;;;2025-06-11;;;
6928;44501;CHL;;;2026-07-05;;;
6928;44501;CHL;;;2026-07-08;;;
418;8562;CHL;;;2023-07-07;;;
418;8562;CHL;;;2024-07-01;;;
418;8562;CHL;;;2024-07-07;;;
418;8562;CHL;;;2025-07-01;;;
418;8562;CHL;;;2025-07-07;;;
418;8562;CHL;;;2026-07-01;;;
418;8562;CHL;;;2026-07-07;;;
493;8728;CHL;;;2023-06-09;;;
493;8728;CHL;;;2024-07-03;;;
493;8728;CHL;;;2024-06-09;;;
493;8728;CHL;;;2025-07-03;;;
493;8728;CHL;;;2025-06-09;;;
493;8728;CHL;;;2026-07-03;;;
493;8728;CHL;;;2026-06-09;;;
785;9413;CHL;;;2023-06-09;;;
785;9413;CHL;;;2024-07-03;;;
785;9413;CHL;;;2024-06-09;;;
785;9413;CHL;;;2025-07-03;;;
785;9413;CHL;;;2025-06-09;;;
785;9413;CHL;;;2026-07-03;;;
785;9413;CHL;;;2026-06-09;;;
805;9415;CHL;;;2023-07-12;;;
805;9415;CHL;;;2024-06-06;;;
805;9415;CHL;;;2024-07-12;;;
805;9415;CHL;;;2025-06-06;;;
805;9415;CHL;;;2025-07-12;;;
805;9415;CHL;;;2026-06-06;;;
805;9415;CHL;;;2026-06-09;;;
1651;12510;CHL;;;2023-07-12;;;
1651;12510;CHL;;;2024-06-06;;;
1651;12510;CHL;;;2024-07-12;;;
1651;12510;CHL;;;2025-06-06;;;
1651;12510;CHL;;;2025-07-12;;;
1651;12510;CHL;;;2026-06-06;;;
1651;12510;CHL;;;2026-07-12;;;
2261;12644;CHL;;;2023-06-09;;;
2261;12644;CHL;;;2024-07-03;;;
2261;12644;CHL;;;2024-06-09;;;
2261;12644;CHL;;;2025-07-03;;;
2261;12644;CHL;;;2025-06-09;;;
2261;12644;CHL;;;2026-07-03;;;
2261;12644;CHL;;;2026-06-09;;;
2519;13152;CHL;;;2024-07-08;;;
2519;13152;CHL;;;2024-06-11;;;
2519;13152;CHL;;;2025-07-05;;;
2519;13152;CHL;;;2025-06-11;;;
2519;13152;CHL;;;2026-07-05;;;
2519;13152;CHL;;;2026-06-11;;;
6337;44214;CHL;;;2024-06-09;;;
6337;44214;CHL;;;2025-07-03;;;
6337;44214;CHL;;;2025-06-09;;;
6337;44214;CHL;;;2026-07-03;;;
6337;44214;CHL;;;2026-06-09;;;
;44657;CHL;;;2025-06-09;;;
;44657;CHL;;;2026-07-03;;;
;44657;CHL;;;2026-06-09;;;
131;7289;CHL;;;2024-07-08;;;
131;7289;CHL;;;2025-04-02;;;
131;7289;CHL;;;2025-07-08;;;
131;7289;CHL;;;2026-05-02;;;
131;7289;CHL;;;2026-07-08;;;
1916;12570;CHL;;;2024-06-09;;;
1916;12570;CHL;;;2025-07-03;;;
1916;12570;CHL;;;2025-06-09;;;
1916;12570;CHL;;;2026-07-03;;;
1916;12570;CHL;;;2026-06-09;;;
243;7821;CHL;;;2023-07-07;;;
243;7821;CHL;;;2024-07-01;;;
243;7821;CHL;;;2024-07-07;;;
243;7821;CHL;;;2025-07-01;;;
243;7821;CHL;;;2025-07-07;;;
243;7821;CHL;;;2026-07-01;;;
243;7821;CHL;;;2026-07-07;;;
519;8735;CHL;;;2023-06-09;;;
519;8735;CHL;;;2024-07-03;;;
519;8735;CHL;;;2024-06-09;;;
519;8735;CHL;;;2025-07-03;;;
519;8735;CHL;;;2025-06-09;;;
519;8735;CHL;;;2026-07-03;;;
519;8735;CHL;;;2026-06-09;;;
823;9421;CHL;;;2023-07-10;;;
823;9421;CHL;;;2024-06-04;;;
823;9421;CHL;;;2024-07-10;;;
823;9421;CHL;;;2025-06-04;;;
823;9421;CHL;;;2025-07-10;;;
823;9421;CHL;;;2026-06-04;;;
823;9421;CHL;;;2026-07-10;;;
2481;13113;CHL;;;2023-07-12;;;
2481;13113;CHL;;;2024-06-06;;;
2481;13113;CHL;;;2024-07-12;;;
2481;13113;CHL;;;2025-06-06;;;
2481;13113;CHL;;;2025-07-12;;;
2481;13113;CHL;;;2026-06-06;;;
2481;13113;CHL;;;2026-06-09;;;
;44669;CHL;;;2025-07-08;;;
;44669;CHL;;;2026-05-02;;;
;44669;CHL;;;2026-07-08;;;
;44714;CHL;;;2025-06-09;;;
;44714;CHL;;;2026-07-03;;;
;44714;CHL;;;2026-06-09;;;
2258;12642;CHL;;;2026-07-07;;;
2351;12728;CHL;;;2026-07-07;;;
2385;12731;CHL;;;2026-07-07;;;
2387;12734;CHL;;;2026-07-07;;;
;22829;CHL;;;2026-07-08;;;
492;8726;CHL;;;2023-06-09;;;
492;8726;CHL;;;2024-07-03;;;
492;8726;CHL;;;2024-06-09;;;
492;8726;CHL;;;2025-07-03;;;
492;8726;CHL;;;2025-06-09;;;
492;8726;CHL;;;2026-07-03;;;
492;8726;CHL;;;2026-06-09;;;
1690;12521;CHL;;;2026-07-08;;;
1716;12537;CHL;;;2026-07-08;;;
154;7298;CHL;;;2024-07-10;;;
154;7298;CHL;;;2025-06-04;;;
154;7298;CHL;;;2025-07-10;;;
154;7298;CHL;;;2026-06-04;;;
154;7298;CHL;;;2026-07-10;;;
2117;12603;CHL;;;2025-06-11;;;
2117;12603;CHL;;;2026-07-05;;;
2117;12603;CHL;;;2026-07-07;;;
228;7815;CHL;;;2023-07-12;;;
228;7815;CHL;;;2024-06-06;;;
228;7815;CHL;;;2024-07-12;;;
228;7815;CHL;;;2025-07-03;;;
228;7815;CHL;;;2025-06-09;;;
228;7815;CHL;;;2026-07-03;;;
228;7815;CHL;;;2026-06-09;;;
304;8229;CHL;;;2025-06-09;;;
304;8229;CHL;;;2026-07-03;;;
304;8229;CHL;;;2026-06-09;;;
368;8356;CHL;;;2025-07-10;;;
368;8356;CHL;;;2026-06-04;;;
368;8356;CHL;;;2026-07-10;;;
1945;12574;CHL;;;2021-06-09;;;
1945;12574;CHL;;;2024-07-03;;;
1945;12574;CHL;;;2024-06-09;;;
1945;12574;CHL;;;2025-07-03;;;
1945;12574;CHL;;;2025-06-09;;;
1945;12574;CHL;;;2026-07-03;;;
1945;12574;CHL;;;2026-06-09;;;
2173;12613;CHL;;;2024-06-09;;;
2173;12613;CHL;;;2025-07-03;;;
2173;12613;CHL;;;2025-06-09;;;
2173;12613;CHL;;;2026-06-09;;;
816;9418;CHL;;;2023-07-12;;;
816;9418;CHL;;;2024-06-06;;;
816;9418;CHL;;;2024-07-12;;;
816;9418;CHL;;;2025-07-03;;;
816;9418;CHL;;;2025-06-09;;;
816;9418;CHL;;;2026-07-03;;;
816;9418;CHL;;;2026-06-09;;;
2491;13142;CHL;;;2024-07-01;;;
2491;13142;CHL;;;2024-07-07;;;
2491;13142;CHL;;;2025-07-01;;;
2491;13142;CHL;;;2025-07-07;;;
2491;13142;CHL;;;2026-07-01;;;
2491;13142;CHL;;;2026-07-08;;;
6296;44207;CHL;;;2024-07-08;;;
6296;44207;CHL;;;2025-04-02;;;
6296;44207;CHL;;;2025-07-08;;;
6296;44207;CHL;;;2026-05-02;;;
6296;44207;CHL;;;2026-07-08;;;
6307;44209;CHL;;;2024-07-08;;;
6307;44209;CHL;;;2025-04-02;;;
6307;44209;CHL;;;2025-07-08;;;
6307;44209;CHL;;;2026-05-02;;;
6307;44209;CHL;;;2026-07-08;;;
6917;44449;CHL;;;2025-06-04;;;
6917;44449;CHL;;;2025-07-10;;;
6917;44449;CHL;;;2026-06-04;;;
6917;44449;CHL;;;2026-07-10;;;
918;9889;CHL;;;2023-07-10;;;
918;9889;CHL;;;2024-06-04;;;
918;9889;CHL;;;2024-07-10;;;
918;9889;CHL;;;2025-06-04;;;
918;9889;CHL;;;2025-07-10;;;
918;9889;CHL;;;2026-07-05;;;
918;9889;CHL;;;2026-06-11;;;
1703;12528;CHL;;;2024-07-03;;;
1703;12528;CHL;;;2024-07-03;;;
1703;12528;CHL;;;2024-06-09;;;
1703;12528;CHL;;;2025-07-03;;;
1703;12528;CHL;;;2025-06-09;;;
1703;12528;CHL;;;2026-07-03;;;
1703;12528;CHL;;;2026-06-09;;;
1960;12579;CHL;;;2023-07-12;;;
1960;12579;CHL;;;2024-07-03;;;
1960;12579;CHL;;;2024-06-09;;;
1960;12579;CHL;;;2025-07-03;;;
1960;12579;CHL;;;2025-06-09;;;
1960;12579;CHL;;;2026-07-03;;;
1960;12579;CHL;;;2026-06-09;;;
2419;12756;CHL;;;2023-07-08;;;
2419;12756;CHL;;;2024-04-02;;;
2419;12756;CHL;;;2024-07-08;;;
2419;12756;CHL;;;2025-04-02;;;
2419;12756;CHL;;;2025-07-08;;;
2419;12756;CHL;;;2026-05-02;;;
2419;12756;CHL;;;2026-07-08;;;
2426;12790;CHL;;;2024-07-01;;;
2426;12790;CHL;;;2024-07-07;;;
2426;12790;CHL;;;2025-06-09;;;
2426;12790;CHL;;;2026-07-03;;;
2426;12790;CHL;;;2026-06-09;;;
2436;12793;CHL;;;2023-07-12;;;
2436;12793;CHL;;;2024-06-06;;;
2436;12793;CHL;;;2024-07-12;;;
2436;12793;CHL;;;2025-06-06;;;
2436;12793;CHL;;;2025-07-12;;;
2436;12793;CHL;;;2026-06-06;;;
2436;12793;CHL;;;2026-07-12;;;
2483;13140;CHL;;;2023-06-11;;;
2483;13140;CHL;;;2024-07-05;;;
2483;13140;CHL;;;2024-06-11;;;
2483;13140;CHL;;;2025-07-05;;;
2483;13140;CHL;;;2025-06-11;;;
2483;13140;CHL;;;2026-07-05;;;
2483;13140;CHL;;;2026-07-08;;;
2492;13144;CHL;;;2023-07-12;;;
2492;13144;CHL;;;2024-06-06;;;
2492;13144;CHL;;;2024-07-12;;;
2492;13144;CHL;;;2025-06-06;;;
2492;13144;CHL;;;2025-07-12;;;
2492;13144;CHL;;;2026-06-06;;;
2492;13144;CHL;;;2026-06-09;;;
386;8362;CHL;;;2024-06-06;;;
386;8362;CHL;;;2024-07-12;;;
386;8362;CHL;;;2025-06-06;;;
386;8362;CHL;;;2025-07-12;;;
386;8362;CHL;;;2026-06-06;;;
386;8362;CHL;;;2026-06-09;;;
2546;13199;CHL;;;2026-07-05;;;
2546;13199;CHL;;;2026-06-11;;;
433;8682;CHL;;;2026-06-09;;;
535;8739;CHL;;;2026-06-09;;;
1884;12567;CHL;;;2024-07-08;;;
1884;12567;CHL;;;2025-04-02;;;
1884;12567;CHL;;;2025-07-08;;;
1884;12567;CHL;;;2026-05-02;;;
1884;12567;CHL;;;2026-07-08;;;
2338;12726;CHL;;;2026-06-09;;;
2386;12732;CHL;;;2026-06-09;;;
212;7808;CHL;;;2023-06-09;;;
212;7808;CHL;;;2024-07-03;;;
212;7808;CHL;;;2024-06-09;;;
212;7808;CHL;;;2025-07-03;;;
212;7808;CHL;;;2025-06-09;;;
212;7808;CHL;;;2026-07-03;;;
212;7808;CHL;;;2026-06-09;;;
502;8729;CHL;;;2025-06-09;;;
502;8729;CHL;;;2026-07-03;;;
502;8729;CHL;;;2026-06-09;;;
510;8731;CHL;;;2023-07-10;;;
510;8731;CHL;;;2024-06-04;;;
510;8731;CHL;;;2024-07-10;;;
510;8731;CHL;;;2025-06-04;;;
510;8731;CHL;;;2025-07-10;;;
510;8731;CHL;;;2026-06-04;;;
510;8731;CHL;;;2026-07-10;;;
1608;12324;CHL;;;2023-07-07;;;
1608;12324;CHL;;;2024-07-01;;;
1608;12324;CHL;;;2024-07-07;;;
1608;12324;CHL;;;2025-07-01;;;
1608;12324;CHL;;;2025-07-07;;;
1608;12324;CHL;;;2026-07-01;;;
1608;12324;CHL;;;2026-07-07;;;
1976;12583;CHL;;;2023-06-09;;;
1976;12583;CHL;;;2024-07-03;;;
1976;12583;CHL;;;2024-06-09;;;
1976;12583;CHL;;;2025-07-03;;;
1976;12583;CHL;;;2025-06-09;;;
1976;12583;CHL;;;2026-07-03;;;
1976;12583;CHL;;;2026-06-09;;;
2229;12632;CHL;;;2024-04-02;;;
2229;12632;CHL;;;2024-07-08;;;
2229;12632;CHL;;;2025-04-02;;;
2229;12632;CHL;;;2026-06-04;;;
2229;12632;CHL;;;2026-07-10;;;
6364;44218;CHL;;;2025-06-09;;;
6364;44218;CHL;;;2026-07-03;;;
6364;44218;CHL;;;2026-06-09;;;
6410;44223;CHL;;;2025-06-09;;;
6410;44223;CHL;;;2026-07-03;;;
6410;44223;CHL;;;2026-06-09;;;
6918;44450;CHL;;;2025-06-04;;;
6918;44450;CHL;;;2025-07-10;;;
6918;44450;CHL;;;2026-06-04;;;
6918;44450;CHL;;;2026-07-10;;;
248;7822;CHL;;;2024-07-10;;;
248;7822;CHL;;;2025-06-04;;;
248;7822;CHL;;;2025-07-10;;;
248;7822;CHL;;;2026-06-04;;;
248;7822;CHL;;;2026-07-10;;;
476;8716;CHL;;;2024-07-10;;;
476;8716;CHL;;;2025-06-04;;;
476;8716;CHL;;;2025-07-10;;;
476;8716;CHL;;;2026-06-04;;;
476;8716;CHL;;;2026-07-10;;;
2330;12722;CHL;;;2025-06-06;;;
2330;12722;CHL;;;2025-07-12;;;
2330;12722;CHL;;;2026-07-03;;;
2330;12722;CHL;;;2026-06-09;;;
6913;55002;CHL;;;2024-07-10;;;
6913;55002;CHL;;;2025-06-04;;;
6913;55002;CHL;;;2025-07-10;;;
6913;55002;CHL;;;2026-06-04;;;
6913;55002;CHL;;;2026-07-10;;;
747;9065;CHL;;;2024-06-06;;;
747;9065;CHL;;;2024-07-12;;;
747;9065;CHL;;;2025-06-06;;;
747;9065;CHL;;;2025-07-12;;;
747;9065;CHL;;;2026-06-06;;;
747;9065;CHL;;;2026-06-09;;;
739;9063;CHL;;;2023-07-10;;;
739;9063;CHL;;;2024-06-04;;;
739;9063;CHL;;;2024-07-10;;;
739;9063;CHL;;;2025-06-04;;;
739;9063;CHL;;;2025-07-10;;;
739;9063;CHL;;;2026-06-04;;;
739;9063;CHL;;;2026-07-10;;;
2589;22227;CHL;;;2023-06-09;;;
2589;22227;CHL;;;2024-07-03;;;
2589;22227;CHL;;;2024-06-09;;;
2589;22227;CHL;;;2025-07-03;;;
2589;22227;CHL;;;2025-06-09;;;
2589;22227;CHL;;;2026-07-03;;;
2589;22227;CHL;;;2026-06-09;;;
2609;22279;CHL;;;2024-07-07;;;
2609;22279;CHL;;;2025-07-01;;;
2609;22279;CHL;;;2025-07-07;;;
2609;22279;CHL;;;2026-07-01;;;
2609;22279;CHL;;;2026-07-07;;;
2609;22279;CHL;;;2026-07-10;;;
2780;22563;CHL;;;2025-06-11;;;
2780;22563;CHL;;;2026-07-01;;;
2780;22563;CHL;;;2026-07-07;;;
2780;22563;CHL;;;2026-07-10;;;
6335;44212;CHL;;;2024-06-09;;;
6335;44212;CHL;;;2025-07-03;;;
6335;44212;CHL;;;2025-06-09;;;
6335;44212;CHL;;;2026-07-03;;;
6335;44212;CHL;;;2026-07-10;;;
6387;44221;CHL;;;2025-06-09;;;
6387;44221;CHL;;;2026-07-03;;;
6387;44221;CHL;;;2026-07-10;;;
6943;44527;CHL;;;2025-07-05;;;
6943;44527;CHL;;;2025-06-11;;;
6943;44527;CHL;;;2026-07-05;;;
6943;44527;CHL;;;2026-07-08;;;
359;8326;CHL;;;2024-06-04;;;
359;8326;CHL;;;2024-07-10;;;
359;8326;CHL;;;2025-06-04;;;
359;8326;CHL;;;2025-07-10;;;
359;8326;CHL;;;2026-06-04;;;
359;8326;CHL;;;2026-07-10;;;
393;8363;CHL;;;2023-06-09;;;
393;8363;CHL;;;2024-07-03;;;
393;8363;CHL;;;2024-06-09;;;
393;8363;CHL;;;2025-07-03;;;
393;8363;CHL;;;2025-06-09;;;
393;8363;CHL;;;2026-07-03;;;
393;8363;CHL;;;2026-06-09;;;
2242;12638;CHL;;;2023-07-12;;;
2242;12638;CHL;;;2024-06-06;;;
2242;12638;CHL;;;2024-07-12;;;
2242;12638;CHL;;;2025-06-06;;;
2242;12638;CHL;;;2025-07-12;;;
2242;12638;CHL;;;2026-06-06;;;
2242;12638;CHL;;;2026-06-09;;;
6365;44219;CHL;;;2024-06-09;;;
6365;44219;CHL;;;2025-07-03;;;
6365;44219;CHL;;;2025-06-09;;;
6365;44219;CHL;;;2026-07-03;;;
6365;44219;CHL;;;2026-06-09;;;
;44671;CHL;;;2025-07-05;;;
;44671;CHL;;;2025-07-08;;;
;44671;CHL;;;2026-05-02;;;
;44671;CHL;;;2026-06-09;;;
764;9403;CHL;;;2024-07-10;;;
764;9403;CHL;;;2025-06-04;;;
764;9403;CHL;;;2025-07-10;;;
764;9403;CHL;;;2026-06-04;;;
764;9403;CHL;;;2026-07-10;;;
1614;12325;CHL;;;2023-07-08;;;
1614;12325;CHL;;;2024-04-02;;;
1614;12325;CHL;;;2024-07-08;;;
1614;12325;CHL;;;2025-04-02;;;
1614;12325;CHL;;;2025-07-08;;;
1614;12325;CHL;;;2026-05-02;;;
1614;12325;CHL;;;2026-07-08;;;
1758;12546;CHL;;;2024-07-01;;;
1758;12546;CHL;;;2024-06-04;;;
1758;12546;CHL;;;2024-07-10;;;
1758;12546;CHL;;;2025-06-04;;;
1758;12546;CHL;;;2025-07-10;;;
1758;12546;CHL;;;2026-06-04;;;
1758;12546;CHL;;;2026-07-10;;;
2292;12658;CHL;;;2023-06-09;;;
2292;12658;CHL;;;2024-07-03;;;
2292;12658;CHL;;;2024-06-09;;;
2292;12658;CHL;;;2025-07-03;;;
2292;12658;CHL;;;2025-06-09;;;
2292;12658;CHL;;;2026-07-03;;;
2292;12658;CHL;;;2026-06-09;;;
2493;13145;CHL;;;2023-07-12;;;
2493;13145;CHL;;;2024-06-06;;;
2493;13145;CHL;;;2024-07-12;;;
2493;13145;CHL;;;2025-06-06;;;
2493;13145;CHL;;;2025-07-12;;;
2493;13145;CHL;;;2026-06-06;;;
2493;13145;CHL;;;2026-06-09;;;
2510;13149;CHL;;;2024-07-03;;;
2510;13149;CHL;;;2024-06-09;;;
2510;13149;CHL;;;2024-07-12;;;
2510;13149;CHL;;;2025-06-06;;;
2510;13149;CHL;;;2025-07-12;;;
2510;13149;CHL;;;2026-06-06;;;
2510;13149;CHL;;;2026-06-09;;;
273;8214;CHL;;;2025-06-09;;;
273;8214;CHL;;;2026-07-03;;;
273;8214;CHL;;;2026-06-09;;;
290;8222;CHL;;;2025-06-09;;;
290;8222;CHL;;;2026-07-03;;;
290;8222;CHL;;;2026-06-09;;;
2045;12589;CHL;;;2025-07-10;;;
2045;12589;CHL;;;2026-06-04;;;
2045;12589;CHL;;;2026-07-10;;;
2188;12617;CHL;;;2024-07-10;;;
2188;12617;CHL;;;2025-06-04;;;
2188;12617;CHL;;;2025-07-10;;;
2188;12617;CHL;;;2026-06-04;;;
2188;12617;CHL;;;2026-07-10;;;
2198;12618;CHL;;;2025-07-10;;;
2198;12618;CHL;;;2026-06-04;;;
2198;12618;CHL;;;2026-07-10;;;
2526;13186;CHL;;;2024-06-09;;;
2526;13186;CHL;;;2025-07-03;;;
2526;13186;CHL;;;2025-06-09;;;
2526;13186;CHL;;;2026-07-03;;;
2526;13186;CHL;;;2026-06-09;;;
419;8564;CHL;;;2025-06-06;;;
419;8564;CHL;;;2025-06-09;;;
419;8564;CHL;;;2026-07-03;;;
419;8564;CHL;;;2026-06-09;;;
1791;12550;CHL;;;2024-07-05;;;
1791;12550;CHL;;;2024-06-11;;;
1791;12550;CHL;;;2025-07-05;;;
1791;12550;CHL;;;2025-06-11;;;
1791;12550;CHL;;;2026-07-05;;;
1791;12550;CHL;;;2026-06-11;;;
2227;12630;CHL;;;2026-06-06;;;
2284;12649;CHL;;;2026-06-06;;;
2325;12720;CHL;;;2026-06-06;;;
2352;12729;CHL;;;2026-06-06;;;
139;7292;CHL;;;2023-06-09;;;
139;7292;CHL;;;2024-07-03;;;
139;7292;CHL;;;2024-06-09;;;
139;7292;CHL;;;2025-07-03;;;
139;7292;CHL;;;2025-06-09;;;
139;7292;CHL;;;2026-07-03;;;
139;7292;CHL;;;2026-06-09;;;
281;8220;CHL;;;2025-06-09;;;
281;8220;CHL;;;2026-07-03;;;
281;8220;CHL;;;2026-06-09;;;
2046;12590;CHL;;;2026-07-05;;;
2046;12590;CHL;;;2026-06-11;;;
2283;12648;CHL;;;2026-07-05;;;
2283;12648;CHL;;;2026-06-11;;;
;44718;CHL;;;2026-07-08;;;
;44767;CHL;;;2026-07-08;;;
;44788;CHL;;;2026-06-09;;;
;44789;CHL;;;2026-06-09;;;
1505;12305;CHL;;;2023-07-10;;;
1505;12305;CHL;;;2024-06-04;;;
1505;12305;CHL;;;2024-07-10;;;
1505;12305;CHL;;;2025-06-04;;;
1505;12305;CHL;;;2025-07-10;;;
1505;12305;CHL;;;2026-06-04;;;
1505;12305;CHL;;;2026-07-10;;;
6916;22222;CHL;;;2024-07-03;;;
6916;22222;CHL;;;2024-06-06;;;
6916;22222;CHL;;;2024-07-12;;;
6916;22222;CHL;;;2025-06-06;;;
6916;22222;CHL;;;2025-07-12;;;
6916;22222;CHL;;;2026-06-06;;;
6916;22222;CHL;;;2026-07-12;;;
2832;22575;CHL;;;2025-07-12;;;
2832;22575;CHL;;;2026-06-06;;;
2832;22575;CHL;;;2026-06-09;;;
6334;44211;CHL;;;2024-06-09;;;
6334;44211;CHL;;;2025-07-03;;;
6334;44211;CHL;;;2025-06-09;;;
6334;44211;CHL;;;2026-07-03;;;
6334;44211;CHL;;;2026-06-09;;;
;44792;CHL;;;2026-07-05;;;
;44792;CHL;;;2026-06-11;;;
780;9411;CHL;;;2023-06-09;;;
780;9411;CHL;;;2024-07-03;;;
780;9411;CHL;;;2024-06-09;;;
780;9411;CHL;;;2025-07-03;;;
780;9411;CHL;;;2025-06-09;;;
780;9411;CHL;;;2026-07-03;;;
780;9411;CHL;;;2026-06-09;;;
2795;22566;CHL;;;2025-07-12;;;
2795;22566;CHL;;;2026-07-03;;;
2795;22566;CHL;;;2026-06-09;;;
6423;44224;CHL;;;2025-06-09;;;
6423;44224;CHL;;;2026-07-03;;;
6423;44224;CHL;;;2026-06-09;;;
;44693;CHL;;;2025-06-09;;;
;44693;CHL;;;2026-07-03;;;
;44693;CHL;;;2026-06-09;;;
401;8367;CHL;;;2023-07-10;;;
401;8367;CHL;;;2024-06-04;;;
401;8367;CHL;;;2024-07-10;;;
401;8367;CHL;;;2025-06-04;;;
401;8367;CHL;;;2025-07-10;;;
401;8367;CHL;;;2026-06-04;;;
401;8367;CHL;;;2026-07-10;;;
706;8977;CHL;;;2023-07-12;;;
706;8977;CHL;;;2024-06-06;;;
706;8977;CHL;;;2024-07-12;;;
706;8977;CHL;;;2026-07-03;;;
706;8977;CHL;;;2026-06-09;;;
924;9896;CHL;;;2024-07-01;;;
924;9896;CHL;;;2024-07-07;;;
924;9896;CHL;;;2025-07-01;;;
924;9896;CHL;;;2025-07-07;;;
924;9896;CHL;;;2026-07-01;;;
924;9896;CHL;;;2026-07-08;;;
1742;12544;CHL;;;2023-07-10;;;
1742;12544;CHL;;;2024-06-04;;;
1742;12544;CHL;;;2024-07-10;;;
1742;12544;CHL;;;2025-06-04;;;
1742;12544;CHL;;;2025-07-10;;;
1742;12544;CHL;;;2026-06-04;;;
1742;12544;CHL;;;2026-07-10;;;
2302;12710;CHL;;;2023-07-12;;;
2302;12710;CHL;;;2024-06-06;;;
2302;12710;CHL;;;2024-07-12;;;
2302;12710;CHL;;;2025-06-06;;;
2302;12710;CHL;;;2025-07-12;;;
2302;12710;CHL;;;2026-06-06;;;
2302;12710;CHL;;;2026-07-12;;;
2574;22107;CHL;;;2024-04-02;;;
2574;22107;CHL;;;2024-07-08;;;
2574;22107;CHL;;;2024-06-11;;;
2574;22107;CHL;;;2025-07-05;;;
2574;22107;CHL;;;2025-06-11;;;
2574;22107;CHL;;;2026-07-05;;;
2574;22107;CHL;;;2026-06-11;;;
;22932;CHL;;;2026-07-07;;;
6919;44467;CHL;;;2025-06-04;;;
6919;44467;CHL;;;2025-07-10;;;
6919;44467;CHL;;;2026-06-04;;;
6919;44467;CHL;;;2026-07-10;;;
6921;44469;CHL;;;2025-06-04;;;
6921;44469;CHL;;;2025-07-07;;;
6921;44469;CHL;;;2026-07-01;;;
6921;44469;CHL;;;2026-07-07;;;
367;8355;CHL;;;2023-07-08;;;
367;8355;CHL;;;2024-04-02;;;
367;8355;CHL;;;2024-07-08;;;
367;8355;CHL;;;2025-04-02;;;
367;8355;CHL;;;2025-07-08;;;
367;8355;CHL;;;2026-05-02;;;
367;8355;CHL;;;2026-07-08;;;
1542;12315;CHL;;;2023-07-10;;;
1542;12315;CHL;;;2024-06-04;;;
1542;12315;CHL;;;2024-07-10;;;
1542;12315;CHL;;;2025-06-04;;;
1542;12315;CHL;;;2025-07-10;;;
1542;12315;CHL;;;2026-06-04;;;
1542;12315;CHL;;;2026-07-10;;;
2281;12646;CHL;;;2023-07-12;;;
2281;12646;CHL;;;2024-06-06;;;
2281;12646;CHL;;;2024-07-12;;;
2281;12646;CHL;;;2025-06-06;;;
2281;12646;CHL;;;2025-06-09;;;
2281;12646;CHL;;;2026-07-03;;;
2281;12646;CHL;;;2026-06-09;;;
6934;22709;CHL;;;2025-07-12;;;
6934;22709;CHL;;;2026-06-06;;;
6934;22709;CHL;;;2026-06-09;;;
6914;22714;CHL;;;2026-07-01;;;
6914;22714;CHL;;;2026-07-03;;;
6914;22714;CHL;;;2026-06-09;;;
1408;12289;CHL;;;2024-04-02;;;
1408;12289;CHL;;;2024-07-08;;;
1408;12289;CHL;;;2024-07-10;;;
1408;12289;CHL;;;2025-06-04;;;
1408;12289;CHL;;;2025-07-10;;;
1408;12289;CHL;;;2026-06-04;;;
1408;12289;CHL;;;2026-07-10;;;
1650;12509;CHL;;;2025-07-10;;;
1650;12509;CHL;;;2026-06-04;;;
1650;12509;CHL;;;2026-07-10;;;
2527;13187;CHL;;;2024-04-02;;;
2527;13187;CHL;;;2024-07-05;;;
2527;13187;CHL;;;2024-06-11;;;
2527;13187;CHL;;;2025-07-05;;;
2527;13187;CHL;;;2025-06-11;;;
2527;13187;CHL;;;2026-07-05;;;
2527;13187;CHL;;;2026-06-11;;;
2528;13188;CHL;;;2024-04-02;;;
2528;13188;CHL;;;2024-07-08;;;
2528;13188;CHL;;;2024-06-11;;;
2528;13188;CHL;;;2025-07-05;;;
2528;13188;CHL;;;2025-06-11;;;
2528;13188;CHL;;;2026-07-05;;;
2528;13188;CHL;;;2026-06-11;;;
6936;44539;CHL;;;2026-07-08;;;
;44762;CHL;;;2026-07-08;;;
6915;22106;SC;;;2023-06-30;;;
50;5053;SC;;;2024-05-31;;;
57;5712;SC;;;2024-06-30;;;
79;6439;SC;;;2024-06-30;;;
88;6441;SC;;;2024-06-30;;;
90;6444;SC;;;2024-11-30;;;
130;7287;SC;;;2024-10-31;;;
148;7297;SC;;;2024-06-30;;;
243;7821;SC;;;2024-07-31;;;
248;7822;SC;;;2024-07-31;;;
298;8224;SC;;;2024-10-31;;;
359;8326;SC;;;2025-01-31;;;
386;8362;SC;;;2024-06-30;;;
426;8679;SC;;;2024-06-30;;;
442;8685;SC;;;2024-06-30;;;
460;8694;SC;;;2024-06-30;;;
476;8716;SC;;;2024-12-31;;;
485;8723;SC;;;2024-06-30;;;
519;8735;SC;;;2024-06-30;;;
684;8969;SC;;;2024-06-30;;;
685;8970;SC;;;2024-07-31;;;
693;8971;SC;;;2024-07-31;;;
694;8973;SC;;;2024-07-31;;;
700;8975;SC;;;2024-06-30;;;
705;8976;SC;;;2024-06-30;;;
715;8981;SC;;;2024-07-31;;;
730;8985;SC;;;2024-07-31;;;
748;9068;SC;;;2024-06-30;;;
756;9401;SC;;;2024-06-30;;;
764;9403;SC;;;2024-06-30;;;
768;9405;SC;;;2024-06-30;;;
816;9418;SC;;;2024-06-30;;;
822;9419;SC;;;2024-06-30;;;
922;9890;SC;;;2024-06-30;;;
924;9896;SC;;;2024-06-30;;;
928;9897;SC;;;2024-06-30;;;
955;10000;SC;;;2024-06-30;;;
1439;12294;SC;;;2024-06-30;;;
1455;12298;SC;;;2024-06-30;;;
1536;12313;SC;;;2024-06-30;;;
1541;12314;SC;;;2024-06-30;;;
1586;12320;SC;;;2024-06-30;;;
1587;12321;SC;;;2024-06-30;;;
1606;12322;SC;;;2024-06-30;;;
1631;12327;SC;;;2024-06-30;;;
1651;12510;SC;;;2024-06-30;;;
1775;12548;SC;;;2024-06-30;;;
1843;12560;SC;;;2024-06-30;;;
1863;12563;SC;;;2024-06-30;;;
1902;12569;SC;;;2024-06-30;;;
1917;12571;SC;;;2024-06-30;;;
1945;12574;SC;;;2024-06-30;;;
1993;12584;SC;;;2024-06-30;;;
2032;12588;SC;;;2025-01-31;;;
2063;12592;SC;;;2025-01-31;;;
2089;12594;SC;;;2025-01-31;;;
2104;12602;SC;;;2024-06-30;;;
2118;12604;SC;;;2024-06-30;;;
2186;12615;SC;;;2024-06-30;;;
2240;12636;SC;;;2024-06-30;;;
2286;12651;SC;;;2024-06-30;;;
2288;12654;SC;;;2024-06-30;;;
2291;12657;SC;;;2024-06-30;;;
2292;12658;SC;;;2024-06-30;;;
2301;12708;SC;;;2024-06-30;;;
2362;12730;SC;;;2024-12-31;;;
2483;13140;SC;;;2024-06-30;;;
2491;13142;SC;;;2024-06-30;;;
2492;13144;SC;;;2024-06-30;;;
2493;13145;SC;;;2024-06-30;;;
2509;13148;SC;;;2024-06-30;;;
2510;13149;SC;;;2024-06-30;;;
2511;13150;SC;;;2024-08-31;;;
2518;13151;SC;;;2024-06-30;;;
2520;13153;SC;;;2024-06-30;;;
2527;13187;SC;;;2024-11-30;;;
3816;42318;SC;;;2024-06-30;;;
6940;44521;SC;;;2024-10-31;;;
6941;44525;SC;;;2024-10-31;;;
;44669;SC;;;2024-12-31;;;
;44705;SC;;;2024-12-31;;;
;44829;SC;;;2024-12-31;;;
218;7809;SC;;;2024-02-29;;;
218;7809;SC;;;2024-10-31;;;
274;8218;SC;;;2023-02-28;;;
274;8218;SC;;;2024-10-31;;;
933;9902;SC;;;2023-01-31;;;
933;9902;SC;;;2025-01-31;;;
280;8219;SC;;;2023-04-30;;;
280;8219;SC;;;2024-10-31;;;
291;8223;SC;;;2023-05-31;;;
291;8223;SC;;;2024-10-31;;;
41;5036;SC;;;2024-11-30;;;
66;6436;SC;;;2024-11-30;;;
6937;6446;SC;;;2024-11-30;;;
115;7282;SC;;;2024-09-30;;;
124;7285;SC;;;2024-12-31;;;
131;7289;SC;;;2024-11-30;;;
139;7292;SC;;;2024-10-31;;;
146;7293;SC;;;2024-10-31;;;
147;7295;SC;;;2024-12-31;;;
155;7299;SC;;;2024-12-31;;;
212;7808;SC;;;2024-11-30;;;
227;7812;SC;;;2024-10-31;;;
228;7815;SC;;;2024-12-31;;;
303;8227;SC;;;2024-12-31;;;
378;8360;SC;;;2024-11-30;;;
402;8369;SC;;;2024-12-31;;;
418;8562;SC;;;2024-07-31;;;
477;8717;SC;;;2024-11-30;;;
509;8730;SC;;;2024-12-31;;;
510;8731;SC;;;2024-06-30;;;
528;8738;SC;;;2024-10-31;;;
729;8984;SC;;;2024-07-31;;;
731;8986;SC;;;2024-06-30;;;
755;9399;SC;;;2024-11-30;;;
769;9406;SC;;;2024-11-30;;;
800;9414;SC;;;2024-11-30;;;
807;9416;SC;;;2024-06-30;;;
823;9421;SC;;;2024-11-30;;;
831;9422;SC;;;2024-11-30;;;
918;9889;SC;;;2024-11-30;;;
923;9893;SC;;;2024-11-30;;;
935;9999;SC;;;2024-11-30;;;
1473;12300;SC;;;2024-12-31;;;
1489;12303;SC;;;2024-08-31;;;
1518;12309;SC;;;2024-12-31;;;
1571;12317;SC;;;2024-06-30;;;
1607;12323;SC;;;2024-07-31;;;
1608;12324;SC;;;2024-07-31;;;
1615;12326;SC;;;2024-06-30;;;
1632;12501;SC;;;2024-07-31;;;
1633;12506;SC;;;2024-07-31;;;
1652;12511;SC;;;2024-12-31;;;
1682;12517;SC;;;2024-12-31;;;
1757;12545;SC;;;2024-12-31;;;
1916;12570;SC;;;2024-08-31;;;
1976;12583;SC;;;2024-06-30;;;
2103;12600;SC;;;2024-12-31;;;
2161;12610;SC;;;2024-06-30;;;
2241;12637;SC;;;2024-06-30;;;
2256;12640;SC;;;2024-09-30;;;
2296;12659;SC;;;2024-06-30;;;
2302;12710;SC;;;2024-12-31;;;
2326;12721;SC;;;2025-01-31;;;
2394;12744;SC;;;2024-12-31;;;
2395;12745;SC;;;2024-12-31;;;
2396;12746;SC;;;2024-12-31;;;
2419;12756;SC;;;2024-12-31;;;
2435;12792;SC;;;2024-09-30;;;
2444;12794;SC;;;2024-12-31;;;
2445;12795;SC;;;2024-12-31;;;
2502;13147;SC;;;2024-06-30;;;
2519;13152;SC;;;2024-06-30;;;
2526;13186;SC;;;2024-11-30;;;
2528;13188;SC;;;2024-11-30;;;
2536;13189;SC;;;2024-11-30;;;
2538;13198;SC;;;2024-12-31;;;
2547;13200;SC;;;2024-12-31;;;
2548;13201;SC;;;2024-12-31;;;
2557;13204;SC;;;2024-12-31;;;
2590;22269;SC;;;2024-11-30;;;
2591;22271;SC;;;2024-11-30;;;
2623;22364;SC;;;2024-11-30;;;
6736;44373;SC;;;2024-09-30;;;
6917;44449;SC;;;2024-09-30;;;
6918;44450;SC;;;2024-09-30;;;
6919;44467;SC;;;2024-09-30;;;
6920;44468;SC;;;2024-09-30;;;
6921;44469;SC;;;2024-09-30;;;
6922;44488;SC;;;2024-09-30;;;
6923;44532;SC;;;2024-09-30;;;
;44652;SC;;;2024-11-30;;;
;44653;SC;;;2024-11-30;;;
;44665;SC;;;2024-11-30;;;
;44698;SC;;;2024-11-30;;;
;44707;SC;;;2024-11-30;;;
138;7291;SC;;;2023-03-31;;;
138;7291;SC;;;2024-11-30;;;
419;8564;SC;;;2024-02-29;;;
419;8564;SC;;;2024-11-30;;;
1975;12582;SC;;;2024-06-30;;;
1975;12582;SC;;;2024-11-30;;;
2219;12621;SC;;;2023-03-31;;;
2219;12621;SC;;;2024-11-30;;;
2224;12626;SC;;;2023-02-28;;;
2224;12626;SC;;;2024-10-31;;;
2334;12724;SC;;;2023-01-31;;;
2334;12724;SC;;;2025-01-31;;;
2339;12727;SC;;;2023-01-31;;;
2339;12727;SC;;;2025-01-31;;;
2047;12591;SC;;;2023-03-31;;;
2047;12591;SC;;;2024-11-30;;;
2330;12722;SC;;;2024-09-30;;;
2330;12722;SC;;;2024-11-30;;;
518;8733;SC;;;2025-08-31;;;
2287;12652;SC;;;2025-01-31;;;
2426;12790;SC;;;2025-02-28;;;
2780;22563;SC;;;2025-02-28;;;
2788;22565;SC;;;2025-04-30;;;
2795;22566;SC;;;2025-02-28;;;
2803;22567;SC;;;2025-02-28;;;
2811;22569;SC;;;2025-02-28;;;
2832;22575;SC;;;2025-02-28;;;
2833;22576;SC;;;2025-04-30;;;
2839;22578;SC;;;2025-04-30;;;
2840;22579;SC;;;2025-02-28;;;
2847;22580;SC;;;2025-04-30;;;
;22701;SC;;;2025-05-31;;;
6932;22703;SC;;;2025-05-31;;;
6934;22709;SC;;;2025-05-31;;;
;22711;SC;;;2025-07-31;;;
;22712;SC;;;2025-07-31;;;
6914;22714;SC;;;2025-06-30;;;
6924;44493;SC;;;2025-04-30;;;
6925;44494;SC;;;2025-04-30;;;
6926;44495;SC;;;2025-04-30;;;
;44654;SC;;;2025-02-28;;;
;44657;SC;;;2025-02-28;;;
;44666;SC;;;2025-02-28;;;
;44693;SC;;;2025-02-28;;;
290;8222;SC;;;2023-03-31;;;
290;8222;SC;;;2025-03-31;;;
385;8361;SC;;;2023-02-28;;;
385;8361;SC;;;2025-02-28;;;
427;8681;SC;;;2023-12-31;;;
427;8681;SC;;;2025-12-31;;;
450;8689;SC;;;2023-03-31;;;
450;8689;SC;;;2025-03-31;;;
492;8726;SC;;;2023-03-31;;;
492;8726;SC;;;2025-03-31;;;
493;8728;SC;;;2023-02-28;;;
493;8728;SC;;;2025-02-28;;;
527;8737;SC;;;2023-02-28;;;
527;8737;SC;;;2025-02-28;;;
770;9407;SC;;;2023-09-30;;;
770;9407;SC;;;2025-09-30;;;
785;9413;SC;;;2023-10-31;;;
785;9413;SC;;;2025-10-31;;;
805;9415;SC;;;2023-03-31;;;
805;9415;SC;;;2025-03-31;;;
1440;12295;SC;;;2023-10-31;;;
1440;12295;SC;;;2025-10-31;;;
1456;12299;SC;;;2023-10-31;;;
1456;12299;SC;;;2025-10-31;;;
1505;12305;SC;;;2023-10-31;;;
1505;12305;SC;;;2025-10-31;;;
1534;12310;SC;;;2023-03-31;;;
1534;12310;SC;;;2025-03-31;;;
1689;12519;SC;;;2023-11-30;;;
1689;12519;SC;;;2025-02-28;;;
1696;12523;SC;;;2023-02-28;;;
1696;12523;SC;;;2025-02-28;;;
1702;12526;SC;;;2023-03-31;;;
1702;12526;SC;;;2025-03-31;;;
1791;12550;SC;;;2023-11-30;;;
1791;12550;SC;;;2025-04-30;;;
1864;12564;SC;;;2023-09-30;;;
1864;12564;SC;;;2025-09-30;;;
2075;12593;SC;;;2023-09-30;;;
2075;12593;SC;;;2025-10-31;;;
2090;12595;SC;;;2023-10-31;;;
2090;12595;SC;;;2025-10-31;;;
2225;12628;SC;;;2023-10-31;;;
2225;12628;SC;;;2025-10-31;;;
2388;12735;SC;;;2023-09-30;;;
2388;12735;SC;;;2025-10-31;;;
58;5713;SC;;;2023-06-30;;;
58;5713;SC;;;2025-06-30;;;
89;6442;SC;;;2023-06-30;;;
89;6442;SC;;;2025-06-30;;;
116;7283;SC;;;2023-04-30;;;
116;7283;SC;;;2025-05-31;;;
117;7284;SC;;;2023-06-30;;;
117;7284;SC;;;2025-06-30;;;
196;7805;SC;;;2023-05-31;;;
196;7805;SC;;;2025-05-31;;;
377;8359;SC;;;2023-06-30;;;
377;8359;SC;;;2025-06-30;;;
394;8366;SC;;;2023-05-31;;;
394;8366;SC;;;2025-05-31;;;
486;8725;SC;;;2023-04-30;;;
486;8725;SC;;;2025-04-30;;;
675;8963;SC;;;2023-05-31;;;
675;8963;SC;;;2025-05-31;;;
683;8967;SC;;;2023-05-31;;;
683;8967;SC;;;2025-05-31;;;
722;8982;SC;;;2023-04-30;;;
722;8982;SC;;;2025-03-31;;;
739;9063;SC;;;2023-05-31;;;
739;9063;SC;;;2025-05-31;;;
746;9064;SC;;;2023-04-30;;;
746;9064;SC;;;2025-04-30;;;
747;9065;SC;;;2023-04-30;;;
747;9065;SC;;;2025-04-30;;;
776;9409;SC;;;2023-11-30;;;
776;9409;SC;;;2025-11-30;;;
777;9410;SC;;;2023-06-30;;;
777;9410;SC;;;2025-06-30;;;
840;9424;SC;;;2023-04-30;;;
840;9424;SC;;;2025-04-30;;;
931;9900;SC;;;2023-11-30;;;
931;9900;SC;;;2025-11-30;;;
934;9997;SC;;;2023-05-31;;;
934;9997;SC;;;2025-05-31;;;
1670;12514;SC;;;2023-04-30;;;
1670;12514;SC;;;2025-04-30;;;
1676;12515;SC;;;2023-04-30;;;
1676;12515;SC;;;2025-04-30;;;
1683;12518;SC;;;2023-07-31;;;
1683;12518;SC;;;2025-07-31;;;
1723;12540;SC;;;2023-11-30;;;
1723;12540;SC;;;2025-11-30;;;
1741;12543;SC;;;2023-03-31;;;
1741;12543;SC;;;2025-03-31;;;
1742;12544;SC;;;2023-11-30;;;
1742;12544;SC;;;2025-05-31;;;
1758;12546;SC;;;2023-06-30;;;
1758;12546;SC;;;2025-06-30;;;
1776;12549;SC;;;2023-11-30;;;
1776;12549;SC;;;2025-11-30;;;
1792;12551;SC;;;2023-07-31;;;
1792;12551;SC;;;2025-07-31;;;
1808;12553;SC;;;2023-11-30;;;
1808;12553;SC;;;2025-11-30;;;
2147;12607;SC;;;2023-06-30;;;
2147;12607;SC;;;2025-06-30;;;
2148;12608;SC;;;2023-06-30;;;
2148;12608;SC;;;2025-06-30;;;
2162;12611;SC;;;2023-05-31;;;
2162;12611;SC;;;2025-05-31;;;
2174;12614;SC;;;2023-05-31;;;
2174;12614;SC;;;2025-05-31;;;
2187;12616;SC;;;2023-05-31;;;
2187;12616;SC;;;2025-05-31;;;
2198;12618;SC;;;2023-12-31;;;
2198;12618;SC;;;2025-03-31;;;
2218;12620;SC;;;2023-05-31;;;
2218;12620;SC;;;2025-04-30;;;
2220;12622;SC;;;2023-06-30;;;
2220;12622;SC;;;2025-06-30;;;
2223;12625;SC;;;2023-11-30;;;
2223;12625;SC;;;2025-11-30;;;
2389;12736;SC;;;2023-04-30;;;
2389;12736;SC;;;2025-04-30;;;
2418;12748;SC;;;2023-06-30;;;
2418;12748;SC;;;2025-06-30;;;
2436;12793;SC;;;2023-04-30;;;
2436;12793;SC;;;2025-04-30;;;
2574;22107;SC;;;2023-06-30;;;
2574;22107;SC;;;2025-06-30;;;
205;7807;SC;;;2024-08-31;;;
205;7807;SC;;;2025-10-31;;;
236;7817;SC;;;2024-02-29;;;
236;7817;SC;;;2025-01-31;;;
304;8229;SC;;;2024-07-31;;;
304;8229;SC;;;2025-01-31;;;
468;8696;SC;;;2024-01-31;;;
468;8696;SC;;;2025-10-31;;;
706;8977;SC;;;2024-02-29;;;
706;8977;SC;;;2025-09-30;;;
1488;12302;SC;;;2024-04-30;;;
1488;12302;SC;;;2025-03-31;;;
1650;12509;SC;;;2024-12-31;;;
1650;12509;SC;;;2025-03-31;;;
1669;12513;SC;;;2024-02-29;;;
1669;12513;SC;;;2025-04-30;;;
1774;12547;SC;;;2024-04-30;;;
1774;12547;SC;;;2025-02-28;;;
1842;12559;SC;;;2024-01-31;;;
1842;12559;SC;;;2025-01-31;;;
2018;12586;SC;;;2024-12-31;;;
2018;12586;SC;;;2025-03-31;;;
2045;12589;SC;;;2024-03-31;;;
2045;12589;SC;;;2025-03-31;;;
2046;12590;SC;;;2024-03-31;;;
2046;12590;SC;;;2025-10-31;;;
2102;12596;SC;;;2024-12-31;;;
2102;12596;SC;;;2025-10-31;;;
2117;12603;SC;;;2024-03-31;;;
2117;12603;SC;;;2025-03-31;;;
2222;12624;SC;;;2024-03-31;;;
2222;12624;SC;;;2025-06-30;;;
2229;12632;SC;;;2024-02-29;;;
2229;12632;SC;;;2025-10-31;;;
2255;12639;SC;;;2024-03-31;;;
2255;12639;SC;;;2025-06-30;;;
2259;12643;SC;;;2024-03-31;;;
2259;12643;SC;;;2025-10-31;;;
2390;12743;SC;;;2025-09-30;;;
2390;12743;SC;;;2025-10-31;;;
6269;44202;SC;;;2024-01-31;;;
6269;44202;SC;;;2025-05-31;;;
6270;44203;SC;;;2024-01-31;;;
6270;44203;SC;;;2025-05-31;;;
6283;44205;SC;;;2024-03-31;;;
6283;44205;SC;;;2025-06-30;;;
6320;44210;SC;;;2024-02-29;;;
6320;44210;SC;;;2025-06-30;;;
6338;44216;SC;;;2024-02-29;;;
6338;44216;SC;;;2025-06-30;;;
6364;44218;SC;;;2024-02-29;;;
6364;44218;SC;;;2025-02-28;;;
6387;44221;SC;;;2024-02-29;;;
6387;44221;SC;;;2025-02-28;;;
6399;44222;SC;;;2024-02-29;;;
6399;44222;SC;;;2025-02-28;;;
6410;44223;SC;;;2024-02-29;;;
6410;44223;SC;;;2025-02-28;;;
6423;44224;SC;;;2024-02-29;;;
6423;44224;SC;;;2025-02-28;;;
6737;44374;SC;;;2024-06-30;;;
6737;44374;SC;;;2025-03-31;;;
6908;44406;SC;;;2024-06-30;;;
6908;44406;SC;;;2025-03-31;;;
6909;44408;SC;;;2024-06-30;;;
6909;44408;SC;;;2025-02-28;;;
6910;44409;SC;;;2024-06-30;;;
6910;44409;SC;;;2025-02-28;;;
6927;44499;SC;;;2023-10-31;;;
6927;44499;SC;;;2025-10-31;;;
6928;44501;SC;;;2023-10-31;;;
6928;44501;SC;;;2025-10-31;;;
6939;44517;SC;;;2023-10-31;;;
6939;44517;SC;;;2025-10-31;;;
6942;44526;SC;;;2023-10-31;;;
6942;44526;SC;;;2025-10-31;;;
6943;44527;SC;;;2023-10-31;;;
6943;44527;SC;;;2025-10-31;;;
6935;44538;SC;;;2025-02-28;;;
6935;44538;SC;;;2025-10-31;;;
;44671;SC;;;2023-10-31;;;
;44671;SC;;;2025-10-31;;;
6929;44541;SC;;;2023-10-31;;;
6929;44541;SC;;;2025-10-31;;;
6929;44541;SC;;;2025-10-31;;;
273;8214;SC;;;2024-11-30;;;
273;8214;SC;;;2025-02-28;;;
282;8221;SC;;;2024-10-31;;;
282;8221;SC;;;2025-01-31;;;
1710;12536;SC;;;2024-12-31;;;
1710;12536;SC;;;2025-03-31;;;
2283;12648;SC;;;2024-06-30;;;
2283;12648;SC;;;2025-10-31;;;
2285;12650;SC;;;2024-01-31;;;
2285;12650;SC;;;2025-10-31;;;
2565;13205;SC;;;2023-02-28;;;
2565;13205;SC;;;2025-02-28;;;
2565;13205;SC;;;2025-10-31;;;
2465;12971;SC;;;2024-11-30;;;
2465;12971;SC;;;2025-10-31;;;
2546;13199;SC;;;2024-12-31;;;
2546;13199;SC;;;2025-10-31;;;
832;9423;SC;;;2023-02-28;;;
832;9423;SC;;;2023-02-28;;;
832;9423;SC;;;2025-10-31;;;
;22930;SC;;;2025-12-31;;;
;22931;SC;;;2025-12-31;;;
;44790;SC;;;2025-11-30;;;
;44791;SC;;;2025-11-30;;;
;44792;SC;;;2025-11-30;;;
;44793;SC;;;2025-11-30;;;
;44794;SC;;;2025-11-30;;;
51;5708;SC;;;2023-02-28;;;
51;5708;SC;;;2025-02-28;;;
367;8355;SC;;;2023-02-28;;;
367;8355;SC;;;2025-02-28;;;
763;9402;SC;;;2023-02-28;;;
763;9402;SC;;;2025-02-28;;;
780;9411;SC;;;2023-02-28;;;
780;9411;SC;;;2025-02-28;;;
844;9425;SC;;;2023-02-28;;;
844;9425;SC;;;2025-02-28;;;
1709;12530;SC;;;2023-02-28;;;
1709;12530;SC;;;2025-12-31;;;
2207;12619;SC;;;2023-02-28;;;
2207;12619;SC;;;2025-02-28;;;
6938;22270;SC;;;2023-12-31;;;
6938;22270;SC;;;2025-12-31;;;
2600;22277;SC;;;2023-12-31;;;
2600;22277;SC;;;2025-12-31;;;
2601;22278;SC;;;2023-12-31;;;
2601;22278;SC;;;2025-12-31;;;
2609;22279;SC;;;2023-12-31;;;
2609;22279;SC;;;2025-12-31;;;
2615;22280;SC;;;2023-12-31;;;
2615;22280;SC;;;2025-12-31;;;
2616;22281;SC;;;2023-12-31;;;
2616;22281;SC;;;2025-12-31;;;
2854;30263;SC;;;2023-02-28;;;
2854;30263;SC;;;2025-02-28;;;
72;6437;SC;;;2023-11-30;;;
72;6437;SC;;;2025-11-30;;;
78;6438;SC;;;2023-03-31;;;
78;6438;SC;;;2025-03-31;;;
443;8688;SC;;;2023-04-30;;;
443;8688;SC;;;2025-04-30;;;
1704;12529;SC;;;2023-03-31;;;
1704;12529;SC;;;2025-03-31;;;
1717;12538;SC;;;2023-03-31;;;
1717;12538;SC;;;2025-03-31;;;
2226;12629;SC;;;2023-12-31;;;
2226;12629;SC;;;2025-12-31;;;
2321;12713;SC;;;2023-04-30;;;
2321;12713;SC;;;2025-04-30;;;
6916;22222;SC;;;2023-03-31;;;
6916;22222;SC;;;2025-03-31;;;
2575;22223;SC;;;2023-03-31;;;
2575;22223;SC;;;2025-03-31;;;
2581;22225;SC;;;2023-03-31;;;
2581;22225;SC;;;2025-03-31;;;
2582;22226;SC;;;2023-03-31;;;
2582;22226;SC;;;2025-03-31;;;
2589;22227;SC;;;2023-03-31;;;
2589;22227;SC;;;2025-03-31;;;
154;7298;SC;;;2024-01-31;;;
154;7298;SC;;;2026-01-31;;;
281;8220;SC;;;2024-02-29;;;
281;8220;SC;;;2025-02-28;;;
502;8729;SC;;;2024-06-30;;;
502;8729;SC;;;2025-02-28;;;
932;9901;SC;;;2024-02-29;;;
932;9901;SC;;;2026-02-28;;;
1392;12288;SC;;;2024-01-31;;;
1392;12288;SC;;;2026-01-31;;;
1409;12290;SC;;;2024-01-31;;;
1409;12290;SC;;;2026-01-31;;;
1931;12573;SC;;;2024-01-31;;;
1931;12573;SC;;;2026-01-31;;;
2133;12606;SC;;;2024-03-31;;;
2133;12606;SC;;;2025-12-31;;;
2221;12623;SC;;;2024-12-31;;;
2221;12623;SC;;;2025-12-31;;;
2227;12630;SC;;;2024-06-30;;;
2227;12630;SC;;;2025-11-30;;;
2228;12631;SC;;;2024-01-31;;;
2228;12631;SC;;;2026-01-31;;;
2284;12649;SC;;;2024-03-31;;;
2284;12649;SC;;;2025-11-30;;;
6252;44200;SC;;;2024-01-31;;;
6252;44200;SC;;;2026-01-31;;;
6284;44206;SC;;;2024-01-31;;;
6284;44206;SC;;;2026-01-31;;;
6307;44209;SC;;;2024-01-31;;;
6307;44209;SC;;;2026-01-31;;;
511;8732;SC;;;2024-11-30;;;
511;8732;SC;;;2025-02-28;;;
2325;12720;SC;;;2024-12-31;;;
2325;12720;SC;;;2025-11-30;;;
2352;12729;SC;;;2024-12-31;;;
2352;12729;SC;;;2025-11-30;;;
2454;12802;SC;;;2024-12-31;;;
2454;12802;SC;;;2025-12-31;;;
219;7810;SC;;;2024-02-29;;;
219;7810;SC;;;2026-02-28;;;
;22822;SC;;;2026-03-31;;;
;22823;SC;;;2026-03-31;;;
;22829;SC;;;2026-03-31;;;
;22932;SC;;;2026-01-31;;;
80;6440;SC;;;2024-06-30;;;
80;6440;SC;;;2026-06-30;;;
344;8322;SC;;;2024-03-31;;;
344;8322;SC;;;2026-03-31;;;
351;8323;SC;;;2024-03-31;;;
351;8323;SC;;;2026-03-31;;;
360;8328;SC;;;2024-03-31;;;
360;8328;SC;;;2026-03-31;;;
368;8356;SC;;;2024-02-29;;;
368;8356;SC;;;2026-02-28;;;
393;8363;SC;;;2024-01-31;;;
393;8363;SC;;;2026-01-31;;;
535;8739;SC;;;2024-06-30;;;
535;8739;SC;;;2026-02-28;;;
536;8741;SC;;;2024-03-31;;;
536;8741;SC;;;2026-04-30;;;
662;8902;SC;;;2024-06-30;;;
662;8902;SC;;;2026-03-31;;;
669;8962;SC;;;2024-06-30;;;
669;8962;SC;;;2026-06-30;;;
676;8966;SC;;;2024-06-30;;;
676;8966;SC;;;2026-06-30;;;
707;8979;SC;;;2024-04-30;;;
707;8979;SC;;;2026-04-30;;;
714;8980;SC;;;2024-06-30;;;
714;8980;SC;;;2026-03-31;;;
738;9062;SC;;;2024-06-30;;;
738;9062;SC;;;2026-03-31;;;
1408;12289;SC;;;2024-03-31;;;
1408;12289;SC;;;2026-03-31;;;
1421;12291;SC;;;2024-03-31;;;
1421;12291;SC;;;2026-03-31;;;
1422;12292;SC;;;2024-03-31;;;
1422;12292;SC;;;2026-03-31;;;
1423;12293;SC;;;2024-04-30;;;
1423;12293;SC;;;2026-04-30;;;
1542;12315;SC;;;2024-06-30;;;
1542;12315;SC;;;2026-03-31;;;
1557;12316;SC;;;2024-05-31;;;
1557;12316;SC;;;2026-05-31;;;
1572;12318;SC;;;2024-06-30;;;
1572;12318;SC;;;2026-03-31;;;
1614;12325;SC;;;2024-06-30;;;
1614;12325;SC;;;2026-06-30;;;
1841;12558;SC;;;2024-04-30;;;
1841;12558;SC;;;2026-04-30;;;
1883;12565;SC;;;2024-04-30;;;
1883;12565;SC;;;2026-04-30;;;
1884;12567;SC;;;2024-06-30;;;
1884;12567;SC;;;2026-06-30;;;
1901;12568;SC;;;2024-04-30;;;
1901;12568;SC;;;2026-04-30;;;
1960;12579;SC;;;2024-06-30;;;
1960;12579;SC;;;2026-03-31;;;
2173;12613;SC;;;2024-07-31;;;
2173;12613;SC;;;2026-04-30;;;
2188;12617;SC;;;2024-03-31;;;
2188;12617;SC;;;2026-03-31;;;
2239;12635;SC;;;2024-03-31;;;
2239;12635;SC;;;2026-03-31;;;
2242;12638;SC;;;2024-03-31;;;
2242;12638;SC;;;2026-03-31;;;
2257;12641;SC;;;2024-03-31;;;
2257;12641;SC;;;2026-03-31;;;
2258;12642;SC;;;2024-06-30;;;
2258;12642;SC;;;2026-02-28;;;
2261;12644;SC;;;2024-06-30;;;
2261;12644;SC;;;2026-03-31;;;
2281;12646;SC;;;2024-03-31;;;
2281;12646;SC;;;2026-03-31;;;
2282;12647;SC;;;2024-06-30;;;
2282;12647;SC;;;2026-06-30;;;
2289;12655;SC;;;2024-03-31;;;
2289;12655;SC;;;2026-03-31;;;
2290;12656;SC;;;2024-05-31;;;
2290;12656;SC;;;2026-05-31;;;
6282;44204;SC;;;2024-01-31;;;
6282;44204;SC;;;2026-01-31;;;
6296;44207;SC;;;2024-01-31;;;
6296;44207;SC;;;2026-01-31;;;
6334;44211;SC;;;2024-02-29;;;
6334;44211;SC;;;2026-02-28;;;
6335;44212;SC;;;2024-02-29;;;
6335;44212;SC;;;2026-02-28;;;
6336;44213;SC;;;2024-02-29;;;
6336;44213;SC;;;2026-02-28;;;
6337;44214;SC;;;2024-02-29;;;
6337;44214;SC;;;2026-02-28;;;
6376;44220;SC;;;2024-02-29;;;
6376;44220;SC;;;2026-02-28;;;
6913;55002;SC;;;2024-03-31;;;
6913;55002;SC;;;2026-03-31;;;
235;7816;SC;;;2023-01-31;;;
235;7816;SC;;;2024-03-31;;;
235;7816;SC;;;2026-03-31;;;
242;7818;SC;;;2023-02-28;;;
242;7818;SC;;;2024-03-31;;;
242;7818;SC;;;2026-03-31;;;
2351;12728;SC;;;2023-01-31;;;
2351;12728;SC;;;2025-01-31;;;
2351;12728;SC;;;2026-02-28;;;
484;8718;SC;;;2024-07-31;;;
484;8718;SC;;;2026-03-31;;;
2386;12732;SC;;;2024-11-30;;;
2386;12732;SC;;;2026-02-28;;;
2455;12813;SC;;;2024-09-30;;;
2455;12813;SC;;;2026-02-28;;;
2464;12963;SC;;;2024-11-30;;;
2464;12963;SC;;;2026-01-31;;;
2501;13146;SC;;;2024-06-30;;;
2501;13146;SC;;;2026-06-30;;;
2385;12731;SC;;;2023-01-31;;;
2385;12731;SC;;;2025-01-31;;;
2385;12731;SC;;;2026-02-28;;;
2387;12734;SC;;;2023-01-31;;;
2387;12734;SC;;;2025-01-31;;;
2387;12734;SC;;;2026-02-28;;;
;44788;SC;;;2025-05-31;;;
;44788;SC;;;2026-02-28;;;
;44789;SC;;;2025-05-31;;;
;44789;SC;;;2026-02-28;;;
;44797;SC;;;2025-02-28;;;
;44797;SC;;;2026-02-28;;;
433;8682;SC;;;2023-11-30;;;
433;8682;SC;;;2025-11-30;;;
433;8682;SC;;;2026-02-28;;;
2323;12717;SC;;;2023-05-31;;;
2323;12717;SC;;;2025-05-31;;;
2323;12717;SC;;;2026-02-28;;;
2338;12726;SC;;;2023-04-30;;;
2338;12726;SC;;;2025-04-30;;;
2338;12726;SC;;;2026-02-28;;;
;44796;SC;;;2023-10-31;;;
;44796;SC;;;2025-10-31;;;
;44796;SC;;;2026-02-28;;;
1535;12311;SC;;;2024-06-30;;;
1535;12311;SC;;;2026-03-31;;;
1825;12554;SC;;;2024-06-30;;;
1825;12554;SC;;;2026-03-31;;;
2300;12709;SC;;;2024-06-30;;;
2300;12709;SC;;;2026-03-31;;;
2482;13139;SC;;;2024-06-30;;;
2482;13139;SC;;;2026-03-31;;;
2566;13206;SC;;;2024-12-31;;;
2566;13206;SC;;;2026-03-31;;;
;44711;SC;;;2024-12-31;;;
;44711;SC;;;2026-03-31;;;
;44714;SC;;;2024-12-31;;;
;44714;SC;;;2026-03-31;;;
434;8684;SC;;;2024-07-31;;;
434;8684;SC;;;2026-03-31;;;
1974;12580;SC;;;2024-08-31;;;
1974;12580;SC;;;2026-03-31;;;
2537;13197;SC;;;2024-12-31;;;
2537;13197;SC;;;2026-03-31;;;
2556;13203;SC;;;2024-12-31;;;
2556;13203;SC;;;2026-03-31;;;
2573;13207;SC;;;2024-12-31;;;
2573;13207;SC;;;2026-03-31;;;
;44708;SC;;;2024-11-30;;;
;44708;SC;;;2026-03-31;;;
;44827;SC;;;2025-02-28;;;
;44827;SC;;;2026-03-31;;;
459;8692;SC;;;2023-11-30;;;
459;8692;SC;;;2025-11-30;;;
459;8692;SC;;;2026-03-31;;;
2474;13098;SC;;;2023-08-31;;;
2474;13098;SC;;;2025-05-31;;;
2474;13098;SC;;;2026-03-31;;;
1862;12561;SC;;;2024-02-29;;;
1862;12561;SC;;;2026-02-28;;;
1862;12561;SC;;;2026-03-31;;;
204;7806;SC;;;2024-01-31;;;
204;7806;SC;;;2026-01-31;;;
401;8367;SC;;;2024-02-29;;;
401;8367;SC;;;2026-02-28;;;
1441;12297;SC;;;2024-03-31;;;
1441;12297;SC;;;2026-03-31;;;
1504;12304;SC;;;2024-02-29;;;
1504;12304;SC;;;2026-02-28;;;
1517;12306;SC;;;2024-01-31;;;
1517;12306;SC;;;2026-01-31;;;
1703;12528;SC;;;2024-01-31;;;
1703;12528;SC;;;2026-01-31;;;
1716;12537;SC;;;2024-02-29;;;
1716;12537;SC;;;2026-02-28;;;
1930;12572;SC;;;2024-01-31;;;
1930;12572;SC;;;2026-01-31;;;
1958;12575;SC;;;2024-01-31;;;
1958;12575;SC;;;2026-01-31;;;
1959;12576;SC;;;2024-01-31;;;
1959;12576;SC;;;2026-01-31;;;
2456;12878;SC;;;2024-01-31;;;
2456;12878;SC;;;2026-01-31;;;
2481;13113;SC;;;2024-01-31;;;
2481;13113;SC;;;2026-01-31;;;
2855;30295;SC;;;2024-02-29;;;
2855;30295;SC;;;2026-02-28;;;
6365;44219;SC;;;2024-02-29;;;
6365;44219;SC;;;2026-02-28;;;
;44718;SC;;;2024-12-31;;;
;44718;SC;;;2026-01-31;;;
;44762;SC;;;2024-11-30;;;
;44762;SC;;;2026-01-31;;;
6936;44539;SC;;;2025-02-28;;;
6936;44539;SC;;;2026-01-31;;;
;44767;SC;;;2025-02-28;;;
;44767;SC;;;2026-01-31;;;
1690;12521;SC;;;2023-04-30;;;
1690;12521;SC;;;2025-01-31;;;
1690;12521;SC;;;2026-01-31;;;
1724;12541;SC;;;2023-04-30;;;
1724;12541;SC;;;2025-04-30;;;
1724;12541;SC;;;2026-01-31;;;
1718;12539;SC;;;2023-11-30;;;
1718;12539;SC;;;2025-11-30;;;
1718;12539;SC;;;2026-01-31;;;
2017;12585;SC;;;2024-01-31;;;
2017;12585;SC;;;2026-01-31;;;
2017;12585;SC;;;2026-01-31;;;
249;7824;SC;;;2024-01-31;;;
249;7824;SC;;;2026-01-31;;;
369;8357;SC;;;2024-02-29;;;
369;8357;SC;;;2026-02-28;;;
2132;12605;SC;;;2024-01-31;;;
2132;12605;SC;;;2026-01-31;;;
2262;12645;SC;;;2024-06-30;;;
2262;12645;SC;;;2026-01-31;;;
2425;12776;SC;;;2024-03-31;;;
2425;12776;SC;;;2026-03-31;;;
6930;12797;SC;;;2024-06-30;;;
6930;12797;SC;;;2026-01-31;;;
2475;13112;SC;;;2024-01-31;;;
2475;13112;SC;;;2026-01-31;;;
6236;44199;SC;;;2024-01-31;;;
6236;44199;SC;;;2026-01-31;;;
6351;44217;SC;;;2024-01-31;;;
6351;44217;SC;;;2026-01-31;;;
2322;12714;SC;;;2025-01-31;;;
2322;12714;SC;;;2026-01-31;;;
2324;12718;SC;;;2025-01-31;;;
2324;12718;SC;;;2026-01-31;;;
2335;12725;SC;;;2023-01-31;;;
2335;12725;SC;;;2025-07-31;;;
2335;12725;SC;;;2026-01-31;;;
2333;12723;SC;;;2023-04-30;;;
2333;12723;SC;;;2025-04-30;;;
2333;12723;SC;;;2026-01-31;;;
1740;12542;SC;;;2023-11-30;;;
1740;12542;SC;;;2025-04-30;;;
1740;12542;SC;;;2025-12-31;;;
