id;dateOfOrigin;presenceMarked;instructorId
1;2022-05-31 12:00:00;1;78
2;2023-08-05 12:00:00;1;40
3;2021-07-24 12:00:00;1;23
4;2022-08-22 12:00:00;1;40
5;2023-06-10 12:00:00;1;40
6;2022-12-13 12:00:00;1;23
7;2023-11-30 12:00:00;1;40
8;2021-07-17 12:00:00;1;58
9;2022-07-04 12:00:00;1;23
10;2023-06-10 12:00:00;1;40
11;2022-12-12 12:00:00;1;66
12;2023-11-27 12:00:00;1;40
13;2021-11-01 12:00:00;1;40
14;2022-11-22 12:00:00;1;72
15;2023-11-27 12:00:00;1;40
16;2021-11-04 12:00:00;1;57
17;2022-11-11 12:00:00;1;78
18;2023-11-30 12:00:00;1;40
19;2023-04-20 12:00:00;1;477
20;2023-09-05 12:00:00;1;477
21;2023-06-27 12:00:00;1;477
22;2023-07-20 12:00:00;1;477
23;2023-10-17 12:00:00;1;477
24;2023-11-06 12:00:00;1;477
25;2023-11-15 12:00:00;1;477
26;2023-11-20 12:00:00;1;477
27;2021-08-16 12:00:00;1;58
28;2022-08-14 12:00:00;1;401
29;2023-09-06 12:00:00;1;477
30;2021-07-05 12:00:00;1;714
31;2022-06-15 12:00:00;1;298
32;2023-06-20 12:00:00;1;367
33;2021-07-19 12:00:00;1;235
34;2022-05-22 12:00:00;1;359
35;2023-06-11 12:00:00;1;367
36;2021-07-20 12:00:00;1;130
37;2022-07-23 12:00:00;1;700
38;2023-07-31 12:00:00;1;367
39;2021-06-18 12:00:00;1;148
40;2022-06-06 12:00:00;1;459
41;2023-06-20 12:00:00;1;367
42;2021-07-14 12:00:00;1;154
43;2022-05-22 12:00:00;1;459
44;2023-05-29 12:00:00;1;367
45;2021-08-31 12:00:00;1;476
46;2022-07-25 12:00:00;1;535
47;2023-08-13 12:00:00;1;367
48;2023-06-01 12:00:00;1;675
49;2023-12-10 12:00:00;1;675
50;2021-06-16 12:00:00;1;738
51;2022-06-13 12:00:00;1;738
52;2023-06-22 12:00:00;1;675
53;2021-08-13 12:00:00;1;90
54;2022-06-28 12:00:00;1;738
55;2023-07-19 12:00:00;1;675
56;2021-07-08 12:00:00;1;402
57;2022-07-03 12:00:00;1;298
58;2023-07-31 12:00:00;1;433
59;2021-08-17 12:00:00;1;298
60;2022-07-18 12:00:00;1;130
61;2023-09-02 12:00:00;1;433
62;2021-10-03 12:00:00;1;58
63;2022-09-19 12:00:00;1;748
64;2023-10-16 12:00:00;1;433
65;2021-06-16 12:00:00;1;291
66;2022-04-18 12:00:00;1;393
67;2023-06-25 12:00:00;1;433
68;2021-09-15 12:00:00;1;402
69;2022-10-10 12:00:00;1;393
70;2023-10-10 12:00:00;1;433
71;2021-06-15 12:00:00;1;344
72;2022-05-22 12:00:00;1;459
73;2023-04-16 12:00:00;1;433
74;2021-07-02 12:00:00;1;476
75;2022-05-15 12:00:00;1;419
76;2023-07-30 12:00:00;1;433
77;2021-12-12 12:00:00;1;739
78;2022-10-03 12:00:00;1;714
79;2023-10-16 12:00:00;1;433
80;2021-10-26 12:00:00;1;40
81;2022-10-10 12:00:00;1;748
82;2023-10-22 12:00:00;1;756
83;2021-10-12 12:00:00;1;477
84;2022-12-01 12:00:00;1;748
85;2023-10-22 12:00:00;1;756
86;2022-09-14 12:00:00;1;477
87;2023-09-11 12:00:00;1;763
88;2021-11-07 12:00:00;1;344
89;2022-11-06 12:00:00;1;378
90;2023-11-18 12:00:00;1;763
91;2022-01-07 12:00:00;1;235
92;2023-01-22 12:00:00;1;393
93;2023-12-11 12:00:00;1;763
94;2021-11-20 12:00:00;1;154
95;2022-11-22 12:00:00;1;459
96;2023-12-11 12:00:00;1;763
97;2021-01-06 12:00:00;1;124
98;2023-02-16 12:00:00;1;243
99;2023-12-12 12:00:00;1;763
100;2021-11-21 12:00:00;1;476
101;2022-12-21 12:00:00;1;730
102;2023-12-12 12:00:00;1;763
103;2023-05-11 12:00:00;1;58
104;2021-10-11 12:00:00;1;57
105;2022-10-06 12:00:00;1;33
106;2023-11-23 12:00:00;1;58
107;2023-06-23 12:00:00;1;57
108;2021-07-11 12:00:00;1;57
109;2022-07-18 12:00:00;1;57
110;2023-07-17 12:00:00;1;57
111;2021-06-13 12:00:00;1;58
112;2022-06-16 12:00:00;1;108
113;2023-04-15 12:00:00;1;57
114;2021-07-03 12:00:00;1;23
115;2022-07-06 12:00:00;1;78
116;2023-07-17 12:00:00;1;57
117;2022-05-09 12:00:00;1;6963
118;2023-04-16 12:00:00;1;57
119;2021-12-03 12:00:00;1;730
120;2022-11-20 12:00:00;1;367
121;2023-10-26 12:00:00;1;764
122;2021-06-21 12:00:00;1;714
123;2022-04-10 12:00:00;1;218
124;2023-07-01 12:00:00;1;764
125;2021-07-01 12:00:00;1;291
126;2022-06-15 12:00:00;1;298
127;2023-07-29 12:00:00;1;764
128;2021-10-04 12:00:00;1;535
129;2022-09-25 12:00:00;1;739
130;2023-08-28 12:00:00;1;764
131;2021-07-27 12:00:00;1;714
132;2022-06-06 12:00:00;1;700
133;2023-06-26 12:00:00;1;764
134;2021-11-23 12:00:00;1;402
135;2022-11-28 12:00:00;1;700
136;2023-10-26 12:00:00;1;764
137;2021-09-08 12:00:00;1;40
138;2022-09-11 12:00:00;1;304
139;2023-09-29 12:00:00;1;764
140;2023-04-14 12:00:00;1;23
141;2022-06-10 12:00:00;1;72
142;2023-06-30 12:00:00;1;23
143;2021-10-27 12:00:00;1;58
144;2022-06-28 12:00:00;1;89
145;2023-06-23 12:00:00;1;23
146;2023-05-23 12:00:00;1;124
147;2021-05-18 12:00:00;1;6954
148;2022-03-29 12:00:00;1;57
149;2023-03-18 12:00:00;1;124
150;2022-06-12 12:00:00;1;58
151;2023-06-10 12:00:00;1;108
152;2021-07-16 12:00:00;1;6954
153;2022-07-04 12:00:00;1;23
154;2023-07-08 12:00:00;1;108
155;2022-05-11 12:00:00;1;72
156;2023-05-20 12:00:00;1;108
157;2021-07-18 12:00:00;1;72
158;2022-07-06 12:00:00;1;78
159;2023-07-10 12:00:00;1;108
160;2021-06-30 12:00:00;1;66
161;2022-06-13 12:00:00;1;65
162;2023-05-25 12:00:00;1;108
163;2021-07-26 12:00:00;1;6954
164;2022-06-25 12:00:00;1;88
165;2023-05-25 12:00:00;1;108
166;2021-05-14 12:00:00;1;23
167;2022-06-27 12:00:00;1;6954
168;2023-06-08 12:00:00;1;108
169;2023-10-03 12:00:00;1;377
170;2023-06-16 12:00:00;1;377
171;2023-07-03 12:00:00;1;377
172;2023-06-13 12:00:00;1;377
173;2023-06-08 12:00:00;1;377
174;2023-12-11 12:00:00;1;377
175;2023-06-15 12:00:00;1;377
176;2023-07-09 12:00:00;1;377
177;2023-08-01 12:00:00;1;377
178;2023-10-10 12:00:00;1;377
179;2023-10-17 12:00:00;1;377
180;2023-10-19 12:00:00;1;377
181;2023-10-22 12:00:00;1;377
182;2023-10-26 12:00:00;1;377
183;2023-11-20 12:00:00;1;377
184;2023-11-27 12:00:00;1;377
185;2023-12-04 12:00:00;1;377
186;2021-09-07 12:00:00;1;154
187;2022-09-19 12:00:00;1;477
188;2023-09-26 12:00:00;1;377
189;2021-07-19 12:00:00;1;148
190;2022-07-04 12:00:00;1;402
191;2023-07-12 12:00:00;1;377
192;2023-05-26 12:00:00;1;24
193;2023-05-26 12:00:00;1;24
194;2023-05-26 12:00:00;1;24
195;2023-05-26 12:00:00;1;24
196;2022-06-07 12:00:00;1;9
197;2023-04-04 12:00:00;1;24
198;2021-11-12 12:00:00;1;32
199;2022-04-12 12:00:00;1;17
200;2023-04-04 12:00:00;1;24
201;2023-07-30 12:00:00;1;694
202;2021-08-17 12:00:00;1;298
203;2022-08-21 12:00:00;1;367
204;2023-08-28 12:00:00;1;694
205;2022-01-22 12:00:00;1;477
206;2023-01-16 12:00:00;1;433
207;2023-11-06 12:00:00;1;694
208;2021-08-02 12:00:00;1;298
209;2022-08-28 12:00:00;1;130
210;2023-08-08 12:00:00;1;694
211;2021-06-19 12:00:00;1;298
212;2022-05-23 12:00:00;1;359
213;2023-07-01 12:00:00;1;694
214;2021-06-16 12:00:00;1;344
215;2022-04-05 12:00:00;1;378
216;2023-05-08 12:00:00;1;694
217;2021-07-12 12:00:00;1;235
218;2022-05-10 12:00:00;1;378
219;2023-07-18 12:00:00;1;694
220;2021-06-17 12:00:00;1;235
221;2022-04-19 12:00:00;1;748
222;2023-05-08 12:00:00;1;694
223;2021-07-06 12:00:00;1;154
224;2022-05-23 12:00:00;1;748
225;2023-07-31 12:00:00;1;694
226;2021-11-15 12:00:00;1;402
227;2022-12-11 12:00:00;1;393
228;2023-12-26 12:00:00;1;694
229;2021-06-17 12:00:00;1;298
230;2022-05-08 12:00:00;1;700
231;2023-07-01 12:00:00;1;694
232;2021-06-23 12:00:00;1;80
233;2022-05-15 12:00:00;1;419
234;2023-05-30 12:00:00;1;694
235;2021-12-08 12:00:00;1;402
236;2022-12-05 12:00:00;1;243
237;2023-11-06 12:00:00;1;694
238;2021-06-17 12:00:00;1;298
239;2022-04-24 12:00:00;1;243
240;2023-05-30 12:00:00;1;694
241;2021-09-07 12:00:00;1;154
242;2022-08-14 12:00:00;1;401
243;2023-07-18 12:00:00;1;694
244;2021-06-24 12:00:00;1;386
245;2022-05-09 12:00:00;1;304
246;2023-05-23 12:00:00;1;694
247;2023-05-23 12:00:00;1;738
248;2023-05-18 12:00:00;1;738
249;2023-06-07 12:00:00;1;738
250;2023-06-05 12:00:00;1;738
251;2023-03-27 12:00:00;1;738
252;2023-04-18 12:00:00;1;738
253;2023-05-17 12:00:00;1;738
254;2023-04-15 12:00:00;1;738
255;2023-12-15 12:00:00;1;738
256;2023-12-22 12:00:00;1;738
257;2023-12-09 12:00:00;1;738
258;2023-05-08 12:00:00;1;738
259;2023-12-21 12:00:00;1;738
260;2021-03-04 12:00:00;1;738
261;2022-03-12 12:00:00;1;764
262;2023-02-03 12:00:00;1;738
263;2021-03-18 12:00:00;1;90
264;2022-02-24 12:00:00;1;764
265;2023-01-13 12:00:00;1;738
266;2021-06-30 12:00:00;1;738
267;2022-05-06 12:00:00;1;738
268;2023-04-05 12:00:00;1;738
269;2021-07-20 12:00:00;1;298
270;2022-07-12 12:00:00;1;367
271;2023-06-13 12:00:00;1;1571
272;2021-07-30 12:00:00;1;242
273;2022-06-12 12:00:00;1;367
274;2023-06-20 12:00:00;1;1571
275;2021-11-21 12:00:00;1;476
276;2022-12-28 12:00:00;1;764
277;2023-11-20 12:00:00;1;1571
278;2021-06-17 12:00:00;1;714
279;2022-04-10 12:00:00;1;218
280;2023-05-16 12:00:00;1;1571
281;2021-07-12 12:00:00;1;291
282;2022-01-15 12:00:00;1;227
283;2023-08-18 12:00:00;1;1571
284;2021-07-13 12:00:00;1;235
285;2022-06-14 12:00:00;1;130
286;2023-06-13 12:00:00;1;1571
287;2021-11-22 12:00:00;1;378
288;2022-11-16 12:00:00;1;359
289;2023-11-20 12:00:00;1;1571
290;2021-06-15 12:00:00;1;344
291;2022-04-25 12:00:00;1;419
292;2023-07-06 12:00:00;1;1571
293;2023-06-15 12:00:00;1;359
294;2021-06-23 12:00:00;1;40
295;2022-07-17 12:00:00;1;218
296;2023-06-05 12:00:00;1;359
297;2021-07-28 12:00:00;1;235
298;2022-06-07 12:00:00;1;298
299;2023-07-10 12:00:00;1;359
300;2021-08-31 12:00:00;1;476
301;2022-07-18 12:00:00;1;694
302;2023-09-12 12:00:00;1;359
303;2021-09-06 12:00:00;1;291
304;2022-09-12 12:00:00;1;130
305;2023-09-12 12:00:00;1;359
306;2021-07-07 12:00:00;1;298
307;2022-06-14 12:00:00;1;130
308;2023-07-25 12:00:00;1;359
309;2021-07-27 12:00:00;1;298
310;2022-06-06 12:00:00;1;459
311;2023-06-25 12:00:00;1;359
312;2021-06-23 12:00:00;1;694
313;2022-06-13 12:00:00;1;535
314;2023-05-14 12:00:00;1;359
315;2021-08-10 12:00:00;1;291
316;2022-08-07 12:00:00;1;730
317;2023-08-29 12:00:00;1;359
318;2023-04-14 12:00:00;1;66
319;2021-12-04 12:00:00;1;50
320;2022-10-29 12:00:00;1;40
321;2023-12-02 12:00:00;1;66
322;2022-12-15 12:00:00;1;58
323;2024-01-01 12:00:00;1;66
324;2022-06-11 12:00:00;1;23
325;2023-05-22 12:00:00;1;66
326;2021-05-25 12:00:00;1;23
327;2022-06-17 12:00:00;1;65
328;2023-05-29 12:00:00;1;66
329;2021-07-11 12:00:00;1;57
330;2022-07-11 12:00:00;1;50
331;2023-05-22 12:00:00;1;66
332;2021-11-28 12:00:00;1;243
333;2022-11-06 12:00:00;1;378
334;2023-10-17 12:00:00;1;684
335;2021-12-12 12:00:00;1;393
336;2022-12-04 12:00:00;1;739
337;2023-11-27 12:00:00;1;684
338;2022-01-14 12:00:00;1;694
339;2022-12-11 12:00:00;1;393
340;2023-11-27 12:00:00;1;684
341;2021-09-21 12:00:00;1;80
342;2022-09-20 12:00:00;1;393
343;2023-10-17 12:00:00;1;684
344;2021-06-22 12:00:00;1;17
345;2022-06-15 12:00:00;1;24
346;2023-04-17 12:00:00;1;9
347;2022-06-09 12:00:00;1;9
348;2023-04-17 12:00:00;1;9
349;2021-08-26 12:00:00;1;17
350;2022-08-12 12:00:00;1;32
351;2023-08-25 12:00:00;1;9
352;2023-06-15 12:00:00;1;378
353;2022-11-28 12:00:00;1;477
354;2023-09-18 12:00:00;1;378
355;2021-08-06 12:00:00;1;476
356;2022-08-29 12:00:00;1;218
357;2023-08-27 12:00:00;1;378
358;2021-09-08 12:00:00;1;700
359;2022-09-25 12:00:00;1;739
360;2023-09-18 12:00:00;1;378
361;2021-08-09 12:00:00;1;218
362;2022-08-16 12:00:00;1;748
363;2023-08-07 12:00:00;1;378
364;2022-04-28 12:00:00;1;700
365;2023-03-06 12:00:00;1;378
366;2021-06-23 12:00:00;1;80
367;2022-05-16 12:00:00;1;243
368;2023-05-15 12:00:00;1;378
369;2021-07-14 12:00:00;1;402
370;2022-06-14 12:00:00;1;243
371;2023-05-15 12:00:00;1;378
372;2021-07-06 12:00:00;1;393
373;2022-06-06 12:00:00;1;401
374;2023-07-30 12:00:00;1;378
375;2021-06-17 12:00:00;1;235
376;2022-04-19 12:00:00;1;402
377;2023-07-02 12:00:00;1;378
378;2023-07-27 12:00:00;1;739
379;2021-07-14 12:00:00;1;58
380;2022-05-24 12:00:00;1;108
381;2023-06-05 12:00:00;1;739
382;2021-02-15 12:00:00;1;235
383;2022-02-08 12:00:00;1;108
384;2023-10-22 12:00:00;1;739
385;2021-06-16 12:00:00;1;714
386;2022-05-16 12:00:00;1;377
387;2023-04-03 12:00:00;1;739
388;2021-10-29 12:00:00;1;40
389;2022-09-13 12:00:00;1;359
390;2023-08-14 12:00:00;1;739
391;2021-09-22 12:00:00;1;298
392;2022-10-11 12:00:00;1;359
393;2023-10-22 12:00:00;1;739
394;2021-07-19 12:00:00;1;242
395;2022-07-11 12:00:00;1;359
396;2023-07-09 12:00:00;1;739
397;2021-08-01 12:00:00;1;58
398;2022-08-09 12:00:00;1;739
399;2023-08-14 12:00:00;1;739
400;2021-10-12 12:00:00;1;477
401;2022-11-13 12:00:00;1;714
402;2023-11-27 12:00:00;1;739
403;2021-07-08 12:00:00;1;243
404;2022-05-08 12:00:00;1;714
405;2023-07-25 12:00:00;1;739
406;2021-06-21 12:00:00;1;344
407;2022-04-27 12:00:00;1;730
408;2023-05-28 12:00:00;1;739
409;2021-09-22 12:00:00;1;298
410;2022-07-04 12:00:00;1;402
411;2023-07-09 12:00:00;1;739
412;2021-11-21 12:00:00;1;459
413;2022-11-21 12:00:00;1;304
414;2023-11-28 12:00:00;1;739
415;2021-07-07 12:00:00;1;218
416;2022-07-18 12:00:00;1;694
417;2023-06-27 12:00:00;1;748
418;2022-05-30 12:00:00;1;227
419;2023-04-10 12:00:00;1;748
420;2021-07-05 12:00:00;1;80
421;2022-06-28 12:00:00;1;227
422;2023-07-23 12:00:00;1;748
423;2021-07-26 12:00:00;1;148
424;2022-06-05 12:00:00;1;359
425;2023-06-05 12:00:00;1;748
426;2021-12-14 12:00:00;1;477
427;2022-10-10 12:00:00;1;393
428;2023-11-12 12:00:00;1;748
429;2021-06-15 12:00:00;1;218
430;2022-04-17 12:00:00;1;700
431;2023-05-21 12:00:00;1;748
432;2021-03-22 12:00:00;1;148
433;2022-03-21 12:00:00;1;700
434;2023-03-06 12:00:00;1;748
435;2021-06-22 12:00:00;1;700
436;2022-04-25 12:00:00;1;419
437;2023-04-10 12:00:00;1;748
438;2021-10-27 12:00:00;1;154
439;2022-11-22 12:00:00;1;730
440;2023-11-12 12:00:00;1;748
441;2023-04-11 12:00:00;1;72
442;2023-05-06 12:00:00;1;72
443;2023-04-12 12:00:00;1;72
444;2022-05-01 12:00:00;1;58
445;2023-06-02 12:00:00;1;72
446;2022-04-10 12:00:00;1;23
447;2023-04-22 12:00:00;1;72
448;2021-09-24 12:00:00;1;58
449;2022-08-03 12:00:00;1;50
450;2023-07-18 12:00:00;1;72
451;2023-04-02 12:00:00;1;393
452;2021-10-04 12:00:00;1;535
453;2022-09-21 12:00:00;1;477
454;2023-10-17 12:00:00;1;785
455;2021-08-10 12:00:00;1;344
456;2022-08-08 12:00:00;1;459
457;2023-08-31 12:00:00;1;785
458;2023-06-24 12:00:00;1;785
459;2021-07-28 12:00:00;1;23
460;2022-07-25 12:00:00;1;72
461;2023-06-03 12:00:00;1;785
462;2021-05-18 12:00:00;1;23
463;2022-06-16 12:00:00;1;78
464;2023-06-03 12:00:00;1;785
465;2021-08-01 12:00:00;1;298
466;2022-08-22 12:00:00;1;298
467;2023-08-20 12:00:00;1;700
468;2022-05-16 12:00:00;1;227
469;2023-06-01 12:00:00;1;700
470;2021-07-08 12:00:00;1;218
471;2022-05-24 12:00:00;1;700
472;2023-07-09 12:00:00;1;700
473;2022-09-22 12:00:00;1;402
474;2023-09-25 12:00:00;1;700
475;2022-01-23 12:00:00;1;291
476;2023-01-23 12:00:00;1;359
477;2023-11-19 12:00:00;1;805
478;2021-10-19 12:00:00;1;377
479;2022-10-11 12:00:00;1;700
480;2023-10-15 12:00:00;1;805
481;2021-11-28 12:00:00;1;459
482;2022-10-30 12:00:00;1;459
483;2023-10-15 12:00:00;1;805
484;2021-11-15 12:00:00;1;477
485;2022-11-27 12:00:00;1;401
486;2023-09-15 12:00:00;1;805
487;2022-09-14 12:00:00;1;402
488;2023-09-15 12:00:00;1;805
489;2023-05-01 12:00:00;1;146
490;2023-06-22 12:00:00;1;146
491;2021-04-04 12:00:00;1;6954
492;2022-03-29 12:00:00;1;57
493;2023-04-24 12:00:00;1;146
494;2022-06-04 12:00:00;1;108
495;2023-04-24 12:00:00;1;146
496;2021-05-08 12:00:00;1;6963
497;2022-06-18 12:00:00;1;108
498;2023-06-30 12:00:00;1;146
499;2021-09-24 12:00:00;1;58
500;2022-09-04 12:00:00;1;78
501;2023-09-23 12:00:00;1;146
502;2021-07-27 12:00:00;1;130
503;2022-06-08 12:00:00;1;218
504;2023-07-24 12:00:00;1;459
505;2021-07-13 12:00:00;1;714
506;2022-06-08 12:00:00;1;218
507;2023-06-06 12:00:00;1;459
508;2021-07-28 12:00:00;1;242
509;2022-07-18 12:00:00;1;130
510;2023-08-02 12:00:00;1;459
511;2021-08-02 12:00:00;1;58
512;2022-08-29 12:00:00;1;359
513;2023-08-21 12:00:00;1;459
514;2021-07-21 12:00:00;1;218
515;2022-06-12 12:00:00;1;378
516;2023-06-19 12:00:00;1;459
517;2021-06-17 12:00:00;1;154
518;2022-05-10 12:00:00;1;378
519;2023-04-04 12:00:00;1;459
520;2021-10-06 12:00:00;1;130
521;2022-10-30 12:00:00;1;459
522;2023-10-08 12:00:00;1;459
523;2021-03-25 12:00:00;1;154
524;2022-03-30 12:00:00;1;459
525;2023-04-02 12:00:00;1;459
526;2021-07-20 12:00:00;1;291
527;2022-07-18 12:00:00;1;419
528;2023-06-06 12:00:00;1;459
529;2021-07-13 12:00:00;1;714
530;2022-06-06 12:00:00;1;714
531;2023-07-16 12:00:00;1;459
532;2021-08-10 12:00:00;1;401
533;2022-07-25 12:00:00;1;535
534;2023-07-16 12:00:00;1;459
535;2022-12-16 12:00:00;1;377
536;2023-11-14 12:00:00;1;705
537;2021-10-29 12:00:00;1;40
538;2022-10-16 12:00:00;1;243
539;2023-10-29 12:00:00;1;705
540;2021-10-03 12:00:00;1;58
541;2022-09-12 12:00:00;1;243
542;2023-09-24 12:00:00;1;705
543;2021-10-11 12:00:00;1;694
544;2022-11-27 12:00:00;1;401
545;2023-11-14 12:00:00;1;705
546;2021-12-01 12:00:00;1;80
547;2022-11-06 12:00:00;1;401
548;2023-10-29 12:00:00;1;705
549;2022-09-15 12:00:00;1;402
550;2023-09-24 12:00:00;1;705
551;2022-01-30 12:00:00;1;80
552;2023-04-15 12:00:00;1;747
553;2023-05-18 12:00:00;1;80
554;2023-06-29 12:00:00;1;80
555;2022-12-11 12:00:00;1;23
556;2023-12-11 12:00:00;1;80
557;2021-11-04 12:00:00;1;57
558;2022-11-22 12:00:00;1;72
559;2023-11-23 12:00:00;1;80
560;2022-01-23 12:00:00;1;57
561;2023-01-20 12:00:00;1;50
562;2023-12-11 12:00:00;1;80
563;2023-05-24 12:00:00;1;88
564;2023-07-21 12:00:00;1;88
565;2021-05-29 12:00:00;1;66
566;2022-05-15 12:00:00;1;57
567;2023-05-11 12:00:00;1;88
568;2021-05-05 12:00:00;1;40
569;2022-06-18 12:00:00;1;66
570;2023-05-29 12:00:00;1;88
571;2021-06-19 12:00:00;1;23
572;2022-05-16 12:00:00;1;89
573;2023-05-11 12:00:00;1;88
574;2021-05-28 12:00:00;1;66
575;2022-05-16 12:00:00;1;89
576;2023-05-29 12:00:00;1;88
577;2021-09-23 12:00:00;1;748
578;2022-09-12 12:00:00;1;243
579;2023-09-19 12:00:00;1;303
580;2021-06-05 12:00:00;1;6963
581;2022-06-16 12:00:00;1;108
582;2023-06-23 12:00:00;1;64
583;2021-05-08 12:00:00;1;6954
584;2022-06-03 12:00:00;1;78
585;2023-05-12 12:00:00;1;64
586;2021-07-17 12:00:00;1;58
587;2022-08-25 12:00:00;1;88
588;2023-08-12 12:00:00;1;64
589;2021-06-22 12:00:00;1;66
590;2022-06-06 12:00:00;1;89
591;2023-06-26 12:00:00;1;64
592;2021-08-31 12:00:00;1;50
593;2022-07-11 12:00:00;1;50
594;2023-08-24 12:00:00;1;64
595;2021-06-26 12:00:00;1;66
596;2022-06-21 12:00:00;1;108
597;2023-06-12 12:00:00;1;89
598;2022-05-01 12:00:00;1;89
599;2023-03-30 12:00:00;1;89
600;2021-07-31 12:00:00;1;57
601;2022-08-22 12:00:00;1;50
602;2023-06-12 12:00:00;1;89
603;2022-01-27 12:00:00;1;138
604;2023-04-13 12:00:00;1;386
605;2021-03-08 12:00:00;1;80
606;2022-03-22 12:00:00;1;747
607;2023-04-25 12:00:00;1;386
608;2022-01-28 12:00:00;1;80
609;2023-04-26 12:00:00;1;386
610;2023-07-26 12:00:00;1;714
611;2021-06-17 12:00:00;1;402
612;2022-05-10 12:00:00;1;694
613;2023-08-01 12:00:00;1;714
614;2022-04-30 12:00:00;1;227
615;2023-04-26 12:00:00;1;714
616;2021-04-13 12:00:00;1;154
617;2022-04-10 12:00:00;1;459
618;2023-05-15 12:00:00;1;714
619;2021-07-13 12:00:00;1;40
620;2022-07-05 12:00:00;1;714
621;2023-06-12 12:00:00;1;714
622;2021-07-19 12:00:00;1;235
623;2022-06-06 12:00:00;1;714
624;2023-05-15 12:00:00;1;714
625;2021-06-15 12:00:00;1;747
626;2022-04-04 12:00:00;1;714
627;2023-04-10 12:00:00;1;714
628;2021-07-21 12:00:00;1;402
629;2022-06-14 12:00:00;1;243
630;2023-08-01 12:00:00;1;714
631;2021-08-10 12:00:00;1;401
632;2022-08-15 12:00:00;1;535
633;2023-08-21 12:00:00;1;714
634;2023-01-31 12:00:00;1;730
635;2023-11-05 12:00:00;1;714
636;2022-09-22 12:00:00;1;477
637;2023-09-26 12:00:00;1;243
638;2022-01-23 12:00:00;1;58
639;2022-12-05 12:00:00;1;433
640;2024-01-21 12:00:00;1;243
641;2021-06-17 12:00:00;1;402
642;2022-05-16 12:00:00;1;377
643;2023-07-10 12:00:00;1;243
644;2021-10-10 12:00:00;1;700
645;2022-10-09 12:00:00;1;359
646;2023-08-07 12:00:00;1;243
647;2021-07-07 12:00:00;1;291
648;2022-07-12 12:00:00;1;378
649;2023-07-24 12:00:00;1;243
650;2022-01-25 12:00:00;1;477
651;2022-11-13 12:00:00;1;739
652;2023-11-13 12:00:00;1;243
653;2021-10-10 12:00:00;1;700
654;2022-11-13 12:00:00;1;739
655;2023-11-13 12:00:00;1;243
656;2021-09-06 12:00:00;1;80
657;2022-09-20 12:00:00;1;748
658;2023-09-29 12:00:00;1;243
659;2021-09-27 12:00:00;1;386
660;2022-10-01 12:00:00;1;243
661;2023-10-08 12:00:00;1;243
662;2021-08-16 12:00:00;1;154
663;2022-07-26 12:00:00;1;243
664;2023-08-07 12:00:00;1;243
665;2021-11-08 12:00:00;1;730
666;2022-09-11 12:00:00;1;304
667;2023-09-17 12:00:00;1;243
668;2021-10-12 12:00:00;1;378
669;2022-11-20 12:00:00;1;367
670;2023-11-04 12:00:00;1;401
671;2021-11-28 12:00:00;1;459
672;2022-12-05 12:00:00;1;433
673;2023-12-04 12:00:00;1;401
674;2022-01-31 12:00:00;1;367
675;2023-02-02 12:00:00;1;359
676;2023-12-04 12:00:00;1;401
677;2021-04-23 12:00:00;1;476
678;2022-03-13 12:00:00;1;359
679;2023-05-01 12:00:00;1;401
680;2021-09-07 12:00:00;1;298
681;2022-09-13 12:00:00;1;700
682;2023-09-27 12:00:00;1;401
683;2022-01-17 12:00:00;1;130
684;2023-01-30 12:00:00;1;714
685;2023-11-04 12:00:00;1;401
686;2021-06-23 12:00:00;1;459
687;2022-06-07 12:00:00;1;243
688;2023-06-23 12:00:00;1;401
689;2021-05-23 12:00:00;1;459
690;2022-06-06 12:00:00;1;401
691;2023-05-29 12:00:00;1;401
692;2021-07-13 12:00:00;1;747
693;2022-05-15 12:00:00;1;401
694;2023-05-29 12:00:00;1;401
695;2021-06-15 12:00:00;1;124
696;2022-04-27 12:00:00;1;730
697;2023-05-01 12:00:00;1;401
698;2021-10-27 12:00:00;1;58
699;2022-10-29 12:00:00;1;40
700;2023-11-24 12:00:00;1;98
701;2021-08-16 12:00:00;1;57
702;2022-07-28 12:00:00;1;23
703;2023-06-07 12:00:00;1;98
704;2022-05-15 12:00:00;1;72
705;2023-05-30 12:00:00;1;98
706;2021-06-29 12:00:00;1;58
707;2022-06-16 12:00:00;1;78
708;2023-05-30 12:00:00;1;98
709;2021-06-22 12:00:00;1;72
710;2022-06-13 12:00:00;1;65
711;2023-06-01 12:00:00;1;98
712;2021-06-08 12:00:00;1;50
713;2022-06-06 12:00:00;1;89
714;2023-05-10 12:00:00;1;98
715;2022-05-04 12:00:00;1;6963
716;2023-06-01 12:00:00;1;98
717;2022-09-15 12:00:00;1;477
718;2023-09-25 12:00:00;1;535
719;2021-08-09 12:00:00;1;40
720;2022-07-22 12:00:00;1;748
721;2023-07-17 12:00:00;1;535
722;2021-08-09 12:00:00;1;344
723;2022-08-22 12:00:00;1;393
724;2023-08-22 12:00:00;1;535
725;2022-02-18 12:00:00;1;32
726;2022-04-12 12:00:00;1;24
727;2023-04-04 12:00:00;1;248
728;2023-06-02 12:00:00;1;722
729;2021-08-16 12:00:00;1;90
730;2022-07-21 12:00:00;1;738
731;2023-07-17 12:00:00;1;722
732;2022-01-09 12:00:00;1;1571
733;2023-01-02 12:00:00;1;722
734;2023-12-28 12:00:00;1;722
735;2022-11-30 12:00:00;1;477
736;2023-09-18 12:00:00;1;932
737;2022-11-18 12:00:00;1;840
738;2022-11-20 12:00:00;1;535
739;2023-11-19 12:00:00;1;932
740;2022-09-23 12:00:00;1;402
741;2023-09-18 12:00:00;1;932
742;2023-04-13 12:00:00;1;730
743;2023-05-11 12:00:00;1;730
744;2023-08-06 12:00:00;1;730
745;2023-05-28 12:00:00;1;730
746;2023-05-27 12:00:00;1;730
747;2023-06-13 12:00:00;1;730
748;2023-06-20 12:00:00;1;730
749;2023-08-08 12:00:00;1;730
750;2023-09-20 12:00:00;1;730
751;2023-12-13 12:00:00;1;730
752;2023-12-06 12:00:00;1;730
753;2023-05-13 12:00:00;1;730
754;2023-07-29 12:00:00;1;730
755;2023-08-02 12:00:00;1;730
756;2023-10-08 12:00:00;1;730
757;2023-10-07 12:00:00;1;730
758;2022-05-25 12:00:00;1;477
759;2023-06-03 12:00:00;1;730
760;2023-05-26 12:00:00;1;805
761;2023-05-27 12:00:00;1;367
762;2023-05-30 12:00:00;1;730
763;2021-07-21 12:00:00;1;747
764;2023-09-29 12:00:00;1;378
765;2023-09-30 12:00:00;1;730
766;2023-05-26 12:00:00;1;402
767;2023-05-25 12:00:00;1;402
768;2023-09-13 12:00:00;1;402
769;2023-05-28 12:00:00;1;402
770;2023-08-07 12:00:00;1;402
771;2023-06-07 12:00:00;1;402
772;2023-10-08 12:00:00;1;402
773;2023-12-22 12:00:00;1;683
774;2023-12-23 12:00:00;1;683
775;2023-12-25 12:00:00;1;402
776;2021-09-06 12:00:00;1;148
777;2022-09-27 12:00:00;1;378
778;2023-09-15 12:00:00;1;402
779;2023-05-26 12:00:00;1;764
780;2023-05-28 12:00:00;1;932
781;2023-05-30 12:00:00;1;402
782;2023-05-27 12:00:00;1;816
783;2023-05-30 12:00:00;1;932
784;2023-06-01 12:00:00;1;402
785;2021-09-07 12:00:00;1;80
786;2022-09-19 12:00:00;1;402
787;2023-09-21 12:00:00;1;402
788;2022-01-28 12:00:00;1;154
789;2023-01-29 12:00:00;1;367
790;2023-12-10 12:00:00;1;840
791;2021-12-08 12:00:00;1;402
792;2022-12-04 12:00:00;1;739
793;2023-10-15 12:00:00;1;840
794;2021-11-28 12:00:00;1;243
795;2022-11-28 12:00:00;1;304
796;2023-12-10 12:00:00;1;840
797;2024-03-19 12:00:00;1;477
798;2021-08-23 12:00:00;1;58
799;2022-02-03 12:00:00;1;235
800;2023-02-19 12:00:00;1;700
801;2024-01-29 12:00:00;1;367
802;2021-01-28 12:00:00;1;675
803;2022-02-14 12:00:00;1;738
804;2023-01-16 12:00:00;1;675
805;2024-01-15 12:00:00;1;675
806;2021-03-28 12:00:00;1;764
807;2022-03-21 12:00:00;1;764
808;2023-02-07 12:00:00;1;722
809;2024-02-03 12:00:00;1;675
810;2024-03-10 12:00:00;1;756
811;2024-03-08 12:00:00;1;756
812;2022-02-10 12:00:00;1;477
813;2023-03-01 12:00:00;1;359
814;2024-03-26 12:00:00;1;756
815;2021-03-22 12:00:00;1;148
816;2022-02-07 12:00:00;1;243
817;2023-01-22 12:00:00;1;393
818;2024-03-26 12:00:00;1;756
819;2023-01-30 12:00:00;1;477
820;2024-01-15 12:00:00;1;763
821;2022-04-23 12:00:00;1;401
822;2023-03-29 12:00:00;1;477
823;2024-03-12 12:00:00;1;763
824;2022-04-20 12:00:00;1;402
825;2023-04-02 12:00:00;1;694
826;2024-03-12 12:00:00;1;763
827;2024-02-22 12:00:00;1;58
828;2022-02-07 12:00:00;1;72
829;2023-02-04 12:00:00;1;40
830;2024-02-21 12:00:00;1;58
831;2023-02-10 12:00:00;1;89
832;2024-02-21 12:00:00;1;58
833;2024-03-27 12:00:00;1;57
834;2024-02-04 12:00:00;1;57
835;2023-04-02 12:00:00;1;40
836;2024-02-16 12:00:00;1;57
837;2023-02-11 12:00:00;1;57
838;2024-02-02 12:00:00;1;57
839;2021-01-17 12:00:00;1;50
840;2022-02-08 12:00:00;1;57
841;2023-01-20 12:00:00;1;50
842;2024-02-16 12:00:00;1;57
843;2024-01-05 12:00:00;1;212
844;2024-01-06 12:00:00;1;212
845;2024-02-22 12:00:00;1;212
846;2023-01-21 12:00:00;1;58
847;2024-02-01 12:00:00;1;212
848;2023-02-02 12:00:00;1;66
849;2024-02-01 12:00:00;1;212
850;2024-03-14 12:00:00;1;377
851;2024-01-03 12:00:00;1;377
852;2024-01-02 12:00:00;1;377
853;2024-02-06 12:00:00;1;377
854;2024-01-23 12:00:00;1;377
855;2024-02-23 12:00:00;1;377
856;2024-03-27 12:00:00;1;377
857;2024-03-08 12:00:00;1;694
858;2021-01-04 12:00:00;1;298
859;2022-02-02 12:00:00;1;477
860;2023-02-20 12:00:00;1;739
861;2024-01-03 12:00:00;1;694
862;2021-04-23 12:00:00;1;476
863;2022-04-04 12:00:00;1;298
864;2023-03-23 12:00:00;1;748
865;2024-03-11 12:00:00;1;694
866;2022-04-24 12:00:00;1;377
867;2023-04-03 12:00:00;1;700
868;2024-03-11 12:00:00;1;694
869;2024-03-15 12:00:00;1;738
870;2024-03-22 12:00:00;1;738
871;2024-03-20 12:00:00;1;738
872;2021-03-15 12:00:00;1;738
873;2022-03-14 12:00:00;1;675
874;2023-01-16 12:00:00;1;675
875;2024-01-05 12:00:00;1;738
876;2021-03-06 12:00:00;1;90
877;2022-02-14 12:00:00;1;738
878;2023-01-10 12:00:00;1;675
879;2024-01-17 12:00:00;1;738
880;2021-02-17 12:00:00;1;402
881;2022-02-07 12:00:00;1;367
882;2023-02-25 12:00:00;1;694
883;2024-01-22 12:00:00;1;1571
884;2023-03-29 12:00:00;1;402
885;2024-01-22 12:00:00;1;1571
886;2021-01-06 12:00:00;1;476
887;2022-04-26 12:00:00;1;730
888;2023-03-29 12:00:00;1;477
889;2024-03-10 12:00:00;1;359
890;2022-04-29 12:00:00;1;227
891;2023-04-02 12:00:00;1;694
892;2024-03-10 12:00:00;1;359
893;2022-03-15 12:00:00;1;6963
894;2023-03-30 12:00:00;1;89
895;2024-03-04 12:00:00;1;66
896;2023-04-12 12:00:00;1;477
897;2024-03-25 12:00:00;1;684
898;2023-04-19 12:00:00;1;377
899;2024-02-19 12:00:00;1;684
900;2023-04-23 12:00:00;1;730
901;2024-03-25 12:00:00;1;684
902;2023-03-22 12:00:00;1;730
903;2024-02-19 12:00:00;1;684
904;2024-03-15 12:00:00;1;739
905;2022-01-29 12:00:00;1;108
906;2023-01-16 12:00:00;1;433
907;2024-01-30 12:00:00;1;739
908;2022-04-13 12:00:00;1;227
909;2023-03-30 12:00:00;1;700
910;2024-02-25 12:00:00;1;739
911;2023-03-10 12:00:00;1;377
912;2024-02-13 12:00:00;1;748
913;2023-03-24 12:00:00;1;730
914;2024-03-30 12:00:00;1;748
915;2024-03-09 12:00:00;1;72
916;2023-03-24 12:00:00;1;477
917;2024-02-27 12:00:00;1;785
918;2021-02-17 12:00:00;1;344
919;2022-02-16 12:00:00;1;402
920;2023-02-13 12:00:00;1;1571
921;2024-02-22 12:00:00;1;785
922;2023-04-27 12:00:00;1;402
923;2024-02-27 12:00:00;1;785
924;2024-02-12 12:00:00;1;78
925;2024-03-24 12:00:00;1;78
926;2023-01-04 12:00:00;1;58
927;2024-01-06 12:00:00;1;78
928;2023-02-15 12:00:00;1;57
929;2024-01-06 12:00:00;1;78
930;2022-03-16 12:00:00;1;58
931;2023-03-18 12:00:00;1;124
932;2024-03-19 12:00:00;1;78
933;2022-02-20 12:00:00;1;459
934;2024-01-17 12:00:00;1;785
935;2024-01-18 12:00:00;1;6365
936;2024-01-19 12:00:00;1;700
937;2021-01-06 12:00:00;1;148
938;2022-02-13 12:00:00;1;344
939;2023-01-23 12:00:00;1;359
940;2024-01-31 12:00:00;1;700
941;2023-04-01 12:00:00;1;694
942;2024-03-18 12:00:00;1;805
943;2024-01-20 12:00:00;1;146
944;2024-03-23 12:00:00;1;146
945;2022-05-12 12:00:00;1;58
946;2023-03-05 12:00:00;1;146
947;2024-03-02 12:00:00;1;146
948;2022-03-03 12:00:00;1;66
949;2023-03-05 12:00:00;1;146
950;2024-03-02 12:00:00;1;146
951;2024-02-04 12:00:00;1;747
952;2024-01-04 12:00:00;1;80
953;2022-03-08 12:00:00;1;6963
954;2023-08-01 12:00:00;1;58
955;2024-01-08 12:00:00;1;80
956;2021-01-23 12:00:00;1;72
957;2022-02-17 12:00:00;1;50
958;2023-01-25 12:00:00;1;57
959;2024-02-25 12:00:00;1;80
960;2021-02-18 12:00:00;1;50
961;2022-02-17 12:00:00;1;50
962;2023-02-23 12:00:00;1;72
963;2024-02-25 12:00:00;1;80
964;2024-04-03 12:00:00;1;88
965;2021-01-24 12:00:00;1;6954
966;2022-02-21 12:00:00;1;57
967;2023-02-16 12:00:00;1;33
968;2024-02-26 12:00:00;1;88
969;2021-03-26 12:00:00;1;40
970;2022-02-21 12:00:00;1;57
971;2023-03-16 12:00:00;1;146
972;2024-02-26 12:00:00;1;88
973;2022-03-16 12:00:00;1;477
974;2023-02-20 12:00:00;1;739
975;2024-02-12 12:00:00;1;303
976;2021-02-26 12:00:00;1;227
977;2022-02-14 12:00:00;1;218
978;2023-02-27 12:00:00;1;700
979;2024-02-12 12:00:00;1;303
980;2024-03-11 12:00:00;1;89
981;2024-01-24 12:00:00;1;386
982;2024-01-15 12:00:00;1;386
983;2024-03-25 12:00:00;1;386
984;2021-12-03 12:00:00;1;50
985;2023-01-22 12:00:00;1;40
986;2024-02-07 12:00:00;1;90
987;2021-02-08 12:00:00;1;148
988;2022-02-27 12:00:00;1;218
989;2023-02-06 12:00:00;1;367
990;2024-02-26 12:00:00;1;714
991;2023-04-20 12:00:00;1;377
992;2024-02-26 12:00:00;1;714
993;2023-04-19 12:00:00;1;477
994;2024-03-12 12:00:00;1;243
995;2023-04-12 12:00:00;1;730
996;2024-03-12 12:00:00;1;243
997;2022-03-17 12:00:00;1;227
998;2023-03-28 12:00:00;1;730
999;2024-02-11 12:00:00;1;243
1000;2021-02-22 12:00:00;1;154
1001;2023-02-17 12:00:00;1;805
1002;2023-02-21 12:00:00;1;402
1003;2024-02-28 12:00:00;1;243
1004;2024-03-10 12:00:00;1;401
1005;2023-04-10 12:00:00;1;377
1006;2024-03-24 12:00:00;1;401
1007;2022-04-22 12:00:00;1;748
1008;2023-04-04 12:00:00;1;459
1009;2024-03-24 12:00:00;1;401
1010;2021-04-01 12:00:00;1;402
1011;2022-04-10 12:00:00;1;459
1012;2023-04-10 12:00:00;1;714
1013;2024-04-08 12:00:00;1;401
1014;2022-04-24 12:00:00;1;401
1015;2023-04-09 12:00:00;1;535
1016;2024-04-08 12:00:00;1;401
1017;2021-01-07 12:00:00;1;90
1018;2022-03-14 12:00:00;1;738
1019;2023-01-24 12:00:00;1;675
1020;2024-03-27 12:00:00;1;722
1021;2023-05-05 12:00:00;1;738
1022;2024-03-27 12:00:00;1;722
1023;2021-01-30 12:00:00;1;764
1024;2022-02-07 12:00:00;1;738
1025;2023-01-09 12:00:00;1;722
1026;2024-01-09 12:00:00;1;722
1027;2021-12-06 12:00:00;1;298
1028;2023-03-13 12:00:00;1;694
1029;2023-03-14 12:00:00;1;359
1030;2024-03-17 12:00:00;1;932
1031;2022-05-31 12:00:00;1;227
1032;2023-04-03 12:00:00;1;739
1033;2024-03-17 12:00:00;1;932
1034;2024-01-21 12:00:00;1;730
1035;2024-01-25 12:00:00;1;730
1036;2021-06-23 12:00:00;1;40
1037;2022-05-23 12:00:00;1;748
1038;2023-04-03 12:00:00;1;700
1039;2024-04-07 12:00:00;1;730
1040;2024-01-14 12:00:00;1;714
1041;2024-01-18 12:00:00;1;714
1042;2024-01-21 12:00:00;1;714
1043;2024-01-22 12:00:00;1;730
1044;2023-05-25 12:00:00;1;730
1045;2024-04-07 12:00:00;1;730
1046;2024-01-02 12:00:00;1;402
1047;2024-01-22 12:00:00;1;402
1048;2024-01-23 12:00:00;1;402
1049;2021-01-25 12:00:00;1;58
1050;2022-01-23 12:00:00;1;58
1051;2023-01-20 12:00:00;1;402
1052;2024-01-12 12:00:00;1;402
1053;2023-03-24 12:00:00;1;738
1054;2024-03-26 12:00:00;1;1441
1055;2021-03-26 12:00:00;1;722
1056;2022-03-14 12:00:00;1;675
1057;2023-03-08 12:00:00;1;722
1058;2024-03-25 12:00:00;1;1441
1059;2021-03-21 12:00:00;1;738
1060;2022-03-14 12:00:00;1;738
1061;2023-02-07 12:00:00;1;722
1062;2024-03-25 12:00:00;1;1441
1063;2021-03-30 12:00:00;1;90
1064;2022-02-07 12:00:00;1;738
1065;2023-01-09 12:00:00;1;722
1066;2024-03-26 12:00:00;1;1441
1067;2021-03-25 12:00:00;1;90
1068;2022-03-24 12:00:00;1;738
1069;2023-03-08 12:00:00;1;722
1070;2024-03-22 12:00:00;1;1441
