id;courseId;traineeId;traineeNumber;instructorId;instructorNumber;activityType;courseDate;oldButeeDate
1;4192;6915;22106;72;6437;HF;2021-06-21 12:00:00;6/30/2022
2;4200;402;8369;;1001;HF;2021-12-07 12:00:00;12/31/2022
3;4114;402;8369;;1001;HF;2022-12-07 12:00:00;12/31/2023
4;4131;402;8369;;1001;HF;2023-12-05 12:00:00;12/31/2024
5;4200;730;8985;;1001;HF;2021-12-07 12:00:00;12/31/2022
6;4114;730;8985;;1001;HF;2022-12-07 12:00:00;12/31/2023
7;4131;730;8985;;1001;HF;2023-12-05 12:00:00;12/31/2024
8;4200;1606;12322;;1001;HF;2021-12-07 12:00:00;12/31/2022
9;4114;1606;12322;;1001;HF;2022-12-07 12:00:00;12/31/2023
10;4131;1606;12322;;1001;HF;2023-12-05 12:00:00;12/31/2024
11;4164;196;7805;1606;12322;HF;2022-03-10 12:00:00;5/31/2023
12;4114;196;7805;;1001;HF;2022-12-07 12:00:00;12/31/2023
13;4131;196;7805;;1001;HF;2023-12-05 12:00:00;12/31/2024
14;4089;2546;13199;249;7824;HF;2021-11-15 12:00:00;12/31/2022
15;4148;2546;13199;1606;12322;HF;2022-12-12 12:00:00;12/31/2023
16;4204;2546;13199;196;7805;HF;2023-10-27 12:00:00;12/31/2024
17;4195;7072;44707;1606;12322;HF;2022-11-09 12:00:00;11/30/2023
18;4153;7072;44707;196;7805;HF;2023-10-23 12:00:00;11/30/2024
19;4195;7058;44669;1606;12322;HF;2022-11-09 12:00:00;11/30/2023
20;4153;7058;44669;196;7805;HF;2023-10-23 12:00:00;11/30/2024
21;4195;7089;44829;1606;12322;HF;2022-11-09 12:00:00;11/30/2023
22;4153;7089;44829;196;7805;HF;2023-10-23 12:00:00;11/30/2024
23;4075;2475;13112;1606;12322;HF;2022-02-08 12:00:00;2/28/2023
24;4199;2475;13112;196;7805;HF;2023-02-27 12:00:00;2/29/2024
25;4119;6943;44527;1606;12322;HF;2022-12-05 12:00:00;12/31/2023
26;4153;6943;44527;196;7805;HF;2023-10-23 12:00:00;12/31/2024
27;4119;7059;44671;1606;12322;HF;2022-12-05 12:00:00;12/31/2023
28;4198;7059;44671;196;7805;HF;2023-09-25 12:00:00;9/30/2024
29;4074;298;8224;402;8369;HF;2021-10-04 12:00:00;11/30/2022
30;4246;298;8224;1606;12322;HF;2022-10-03 12:00:00;11/30/2023
31;4153;298;8224;196;7805;HF;2023-10-23 12:00:00;11/30/2024
32;4136;832;9423;402;8369;HF;2022-03-14 12:00:00;3/31/2023
33;4148;832;9423;1606;12322;HF;2022-12-12 12:00:00;12/31/2023
34;4204;832;9423;196;7805;HF;2023-10-27 12:00:00;12/31/2024
35;4247;1975;12582;402;8369;HF;2022-06-13 12:00:00;7/31/2023
36;4072;1975;12582;1606;12322;HF;2022-11-07 12:00:00;11/30/2023
37;4153;1975;12582;196;7805;HF;2023-10-23 12:00:00;11/30/2024
38;4095;2259;12643;249;7824;HF;2022-04-18 12:00:00;6/30/2023
39;4088;2259;12643;1606;12322;HF;2023-05-15 12:00:00;6/30/2024
40;4204;2259;12643;196;7805;HF;2023-10-27 12:00:00;10/31/2024
41;4120;6935;44538;1608;12324;HF;2023-02-16 12:00:00;2/29/2024
42;4204;6935;44538;196;7805;HF;2023-10-27 12:00:00;10/31/2024
43;4227;378;8360;72;6437;HF;2021-05-17 12:00:00;6/30/2022
44;4206;378;8360;730;8985;HF;2022-05-09 12:00:00;6/30/2023
45;4159;378;8360;196;7805;HF;2023-04-17 12:00:00;6/30/2024
46;4128;2104;12602;72;6437;HF;2021-09-27 12:00:00;10/31/2022
47;4203;2104;12602;730;8985;HF;2022-10-31 12:00:00;10/31/2023
48;4198;2104;12602;196;7805;HF;2023-09-25 12:00:00;10/31/2024
49;4074;2089;12594;402;8369;HF;2021-10-04 12:00:00;12/31/2022
50;4203;2089;12594;730;8985;HF;2022-10-31 12:00:00;12/31/2023
51;4153;2089;12594;196;7805;HF;2023-10-23 12:00:00;12/31/2024
52;4162;227;7812;249;7824;HF;2021-09-20 12:00:00;10/31/2022
53;4207;227;7812;730;8985;HF;2022-10-21 12:00:00;10/31/2023
54;4198;227;7812;196;7805;HF;2023-09-25 12:00:00;10/31/2024
55;4227;739;9063;72;6437;HF;2021-05-17 12:00:00;6/30/2022
56;4247;739;9063;402;8369;HF;2022-06-13 12:00:00;6/30/2023
57;4159;739;9063;196;7805;HF;2023-04-17 12:00:00;6/30/2024
58;4161;1535;12311;1606;12322;HF;2022-01-19 12:00:00;3/31/2023
59;4157;1535;12311;402;8369;HF;2022-10-03 12:00:00;10/31/2023
60;4198;1535;12311;196;7805;HF;2023-09-25 12:00:00;10/31/2024
61;4119;6929;44541;1606;12322;HF;2022-12-05 12:00:00;12/31/2023
62;4221;6929;44541;402;8369;HF;2023-09-18 12:00:00;9/30/2024
63;4204;6929;44541;196;7805;HF;2023-10-27 12:00:00;10/31/2024
64;4206;2283;12648;730;8985;HF;2022-05-09 12:00:00;6/30/2023
65;4108;2283;12648;402;8369;HF;2023-06-12 12:00:00;6/30/2024
66;4204;2283;12648;196;7805;HF;2023-10-27 12:00:00;10/31/2024
67;4193;492;8726;402;8369;HF;2022-06-20 12:00:00;7/31/2023
68;4104;492;8726;402;8369;HF;2022-09-26 12:00:00;9/30/2023
69;4198;492;8726;196;7805;HF;2023-09-25 12:00:00;9/30/2024
70;4104;2075;12593;402;8369;HF;2022-09-26 12:00:00;9/30/2023
71;4221;2075;12593;402;8369;HF;2023-09-18 12:00:00;9/30/2024
72;4204;2075;12593;196;7805;HF;2023-10-27 12:00:00;10/31/2024
73;4156;2225;12628;402;8369;HF;2021-11-22 12:00:00;12/31/2022
74;4141;2225;12628;402;8369;HF;2022-10-24 12:00:00;12/31/2023
75;4153;2225;12628;196;7805;HF;2023-10-23 12:00:00;12/31/2024
76;4090;2285;12650;402;8369;HF;2021-10-18 12:00:00;10/31/2022
77;4141;2285;12650;402;8369;HF;2022-10-24 12:00:00;10/31/2023
78;4204;2285;12650;196;7805;HF;2023-10-27 12:00:00;10/31/2024
79;4224;2465;12971;402;8369;HF;2021-12-23 12:00:00;12/31/2022
80;4129;2465;12971;402;8369;HF;2022-11-14 12:00:00;12/31/2023
81;4204;2465;12971;196;7805;HF;2023-10-27 12:00:00;12/31/2024
82;4074;2590;22269;402;8369;HF;2021-10-04 12:00:00;10/31/2022
83;4157;2590;22269;402;8369;HF;2022-10-03 12:00:00;10/31/2023
84;4198;2590;22269;196;7805;HF;2023-09-25 12:00:00;10/31/2024
85;4181;527;8737;249;7824;HF;2021-05-03 12:00:00;6/30/2022
86;4173;527;8737;402;8369;HF;2022-06-27 12:00:00;6/30/2023
87;4159;527;8737;196;7805;HF;2023-04-17 12:00:00;6/30/2024
88;4095;2390;12743;249;7824;HF;2022-04-18 12:00:00;6/30/2023
89;4154;2390;12743;402;8369;HF;2023-06-19 12:00:00;6/30/2024
90;4204;2390;12743;196;7805;HF;2023-10-27 12:00:00;10/31/2024
91;4089;2526;13186;249;7824;HF;2021-11-15 12:00:00;12/31/2022
92;4129;2526;13186;402;8369;HF;2022-11-14 12:00:00;12/31/2023
93;4153;2526;13186;196;7805;HF;2023-10-23 12:00:00;12/31/2024
94;4089;2565;13205;249;7824;HF;2021-11-15 12:00:00;12/31/2022
95;4129;2565;13205;402;8369;HF;2022-11-14 12:00:00;12/31/2023
96;4204;2565;13205;196;7805;HF;2023-10-27 12:00:00;12/31/2024
97;4090;755;9399;402;8369;HF;2021-10-18 12:00:00;10/31/2022
98;4157;755;9399;402;8369;HF;2022-10-03 12:00:00;10/31/2023
99;4198;755;9399;196;7805;HF;2023-09-25 12:00:00;10/31/2024
100;4227;443;8688;72;6437;HF;2021-05-17 12:00:00;6/30/2022
101;4142;443;8688;249;7824;HF;2022-05-16 12:00:00;6/30/2023
102;4159;443;8688;196;7805;HF;2023-04-17 12:00:00;6/30/2024
103;4225;683;8967;72;6437;HF;2021-06-07 12:00:00;6/30/2022
104;4095;683;8967;249;7824;HF;2022-04-18 12:00:00;6/30/2023
105;4159;683;8967;196;7805;HF;2023-04-17 12:00:00;6/30/2024
106;4128;2395;12745;72;6437;HF;2021-09-27 12:00:00;10/31/2022
107;4098;2395;12745;249;7824;HF;2022-09-19 12:00:00;10/31/2023
108;4198;2395;12745;196;7805;HF;2023-09-25 12:00:00;10/31/2024
109;4090;2418;12748;402;8369;HF;2021-10-18 12:00:00;10/31/2022
110;4098;2418;12748;249;7824;HF;2022-09-19 12:00:00;10/31/2023
111;4198;2418;12748;196;7805;HF;2023-09-25 12:00:00;10/31/2024
112;4174;2482;13139;249;7824;HF;2021-04-12 12:00:00;4/30/2022
113;4134;2482;13139;402;8369;HF;2022-04-04 12:00:00;4/30/2023
114;4172;2482;13139;1557;12316;HF;2023-03-20 12:00:00;4/30/2024
115;4132;6938;22270;1606;12322;HF;2021-12-11 12:00:00;12/31/2022
116;4137;6938;22270;1606;12322;HF;2022-10-17 12:00:00;12/31/2023
117;4180;6938;22270;1606;12322;HF;2023-11-27 12:00:00;12/31/2024
118;4132;2616;22281;1606;12322;HF;2021-12-11 12:00:00;12/31/2022
119;4137;2616;22281;1606;12322;HF;2022-10-17 12:00:00;12/31/2023
120;4180;2616;22281;1606;12322;HF;2023-11-27 12:00:00;12/31/2024
121;4149;2519;13152;249;7824;HF;2021-12-06 12:00:00;12/31/2022
122;4137;2519;13152;1606;12322;HF;2022-10-17 12:00:00;12/31/2023
123;4180;2519;13152;1606;12322;HF;2023-11-27 12:00:00;12/31/2024
124;4091;1651;12510;72;6437;HF;2021-11-08 12:00:00;12/31/2022
125;4157;1651;12510;402;8369;HF;2022-10-03 12:00:00;12/31/2023
126;4180;1651;12510;1606;12322;HF;2023-11-27 12:00:00;12/31/2024
127;4232;7064;22822;1606;12322;HF;2023-11-22 12:00:00;11/30/2024
128;4232;7065;22823;1606;12322;HF;2023-11-22 12:00:00;11/30/2024
129;4232;7066;22829;1606;12322;HF;2023-11-22 12:00:00;11/30/2024
130;4156;2528;13188;402;8369;HF;2021-11-22 12:00:00;12/31/2022
131;4072;2528;13188;1606;12322;HF;2022-11-07 12:00:00;12/31/2023
132;4180;2528;13188;1606;12322;HF;2023-11-27 12:00:00;12/31/2024
133;4156;2548;13201;402;8369;HF;2021-11-22 12:00:00;12/31/2022
134;4148;2548;13201;1606;12322;HF;2022-12-12 12:00:00;12/31/2023
135;4180;2548;13201;1606;12322;HF;2023-11-27 12:00:00;12/31/2024
136;4121;1422;12292;730;8985;HF;2022-01-31 12:00:00;2/28/2023
137;4148;1422;12292;1606;12322;HF;2022-12-12 12:00:00;2/29/2024
138;4231;1422;12292;1606;12322;HF;2023-12-18 12:00:00;2/28/2025
139;4083;2481;13113;249;7824;HF;2021-11-29 12:00:00;1/31/2023
140;4148;2481;13113;1606;12322;HF;2022-12-12 12:00:00;1/31/2024
141;4231;2481;13113;1606;12322;HF;2023-12-18 12:00:00;1/31/2025
142;4156;2362;12730;402;8369;HF;2021-11-22 12:00:00;12/31/2022
143;4207;2362;12730;730;8985;HF;2022-10-21 12:00:00;12/31/2023
144;4180;2362;12730;1606;12322;HF;2023-11-27 12:00:00;12/31/2024
145;4149;528;8738;249;7824;HF;2021-12-06 12:00:00;1/31/2023
146;4140;528;8738;730;8985;HF;2022-11-28 12:00:00;1/31/2024
147;4231;528;8738;1606;12322;HF;2023-12-18 12:00:00;1/31/2025
148;4149;935;9999;249;7824;HF;2021-12-06 12:00:00;1/31/2023
149;4140;935;9999;730;8985;HF;2022-11-28 12:00:00;1/31/2024
150;4231;935;9999;1606;12322;HF;2023-12-18 12:00:00;1/31/2025
151;4149;1409;12290;249;7824;HF;2021-12-06 12:00:00;1/31/2023
152;4189;1409;12290;730;8985;HF;2022-12-05 12:00:00;1/31/2024
153;4180;1409;12290;1606;12322;HF;2023-11-27 12:00:00;1/31/2025
154;4083;1704;12529;249;7824;HF;2021-11-29 12:00:00;1/31/2023
155;4189;1704;12529;730;8985;HF;2022-12-05 12:00:00;1/31/2024
156;4231;1704;12529;1606;12322;HF;2023-12-18 12:00:00;1/31/2025
157;4102;6236;44199;249;7824;HF;2022-01-13 12:00:00;1/31/2023
158;4140;6236;44199;730;8985;HF;2022-11-28 12:00:00;1/31/2024
159;4231;6236;44199;1606;12322;HF;2023-12-18 12:00:00;1/31/2025
160;4102;6252;44200;249;7824;HF;2022-01-13 12:00:00;1/31/2023
161;4189;6252;44200;730;8985;HF;2022-12-05 12:00:00;1/31/2024
162;4231;6252;44200;1606;12322;HF;2023-12-18 12:00:00;1/31/2025
163;4102;6284;44206;249;7824;HF;2022-01-13 12:00:00;1/31/2023
164;4189;6284;44206;730;8985;HF;2022-12-05 12:00:00;1/31/2024
165;4231;6284;44206;1606;12322;HF;2023-12-18 12:00:00;1/31/2025
166;4074;2032;12588;402;8369;HF;2021-10-04 12:00:00;12/31/2022
167;4141;2032;12588;402;8369;HF;2022-10-24 12:00:00;12/31/2023
168;4180;2032;12588;1606;12322;HF;2023-11-27 12:00:00;12/31/2024
169;4142;304;8229;249;7824;HF;2022-05-16 12:00:00;6/30/2023
170;4133;304;8229;402;8369;HF;2023-02-08 12:00:00;2/29/2024
171;4231;304;8229;1606;12322;HF;2023-12-18 12:00:00;2/28/2025
172;4089;1682;12517;249;7824;HF;2021-11-15 12:00:00;12/31/2022
173;4129;1682;12517;402;8369;HF;2022-11-14 12:00:00;12/31/2023
174;4180;1682;12517;1606;12322;HF;2023-11-27 12:00:00;12/31/2024
175;4195;7070;44698;1606;12322;HF;2022-11-09 12:00:00;11/30/2023
176;4220;7070;44698;1606;12322;HF;2023-10-02 12:00:00;11/30/2024
177;4206;280;8219;730;8985;HF;2022-05-09 12:00:00;6/30/2023
178;4246;280;8219;1606;12322;HF;2022-10-03 12:00:00;10/31/2023
179;4220;280;8219;1606;12322;HF;2023-10-02 12:00:00;10/31/2024
180;4125;536;8741;72;6437;HF;2021-11-01 12:00:00;11/30/2022
181;4203;536;8741;730;8985;HF;2022-10-31 12:00:00;11/30/2023
182;4220;536;8741;1606;12322;HF;2023-10-02 12:00:00;11/30/2024
183;4128;116;7283;72;6437;HF;2021-09-27 12:00:00;11/30/2022
184;4072;116;7283;1606;12322;HF;2022-11-07 12:00:00;11/30/2023
185;4220;116;7283;1606;12322;HF;2023-10-02 12:00:00;11/30/2024
186;4179;460;8694;249;7824;HF;2021-04-19 12:00:00;6/30/2022
187;4122;460;8694;1606;12322;HF;2022-05-30 12:00:00;6/30/2023
188;4088;460;8694;1606;12322;HF;2023-05-15 12:00:00;6/30/2024
189;4176;1710;12536;249;7824;HF;2022-01-17 12:00:00;2/28/2023
190;4148;1710;12536;1606;12322;HF;2022-12-12 12:00:00;2/29/2024
191;4116;1710;12536;1606;12322;HF;2024-01-29 12:00:00;2/28/2025
192;4083;2456;12878;249;7824;HF;2021-11-29 12:00:00;1/31/2023
193;4148;2456;12878;1606;12322;HF;2022-12-12 12:00:00;1/31/2024
194;4116;2456;12878;1606;12322;HF;2024-01-29 12:00:00;1/31/2025
195;4090;1776;12549;402;8369;HF;2021-10-18 12:00:00;11/30/2022
196;4203;1776;12549;730;8985;HF;2022-10-31 12:00:00;11/30/2023
197;4220;1776;12549;1606;12322;HF;2023-10-02 12:00:00;11/30/2024
198;4125;933;9902;72;6437;HF;2021-11-01 12:00:00;11/30/2022
199;4097;933;9902;730;8985;HF;2022-11-21 12:00:00;11/30/2023
200;4220;933;9902;1606;12322;HF;2023-10-02 12:00:00;11/30/2024
201;4096;2287;12652;72;6437;HF;2021-02-08 12:00:00;2/28/2022
202;4170;2287;12652;730;8985;HF;2023-01-23 12:00:00;1/31/2024
203;4231;2287;12652;1606;12322;HF;2023-12-18 12:00:00;1/31/2025
204;4125;2445;12795;72;6437;HF;2021-11-01 12:00:00;12/31/2022
205;4203;2445;12795;730;8985;HF;2022-10-31 12:00:00;12/31/2023
206;4180;2445;12795;1606;12322;HF;2023-11-27 12:00:00;12/31/2024
207;4224;419;8564;402;8369;HF;2021-12-23 12:00:00;1/31/2023
208;4155;419;8564;730;8985;HF;2022-11-16 12:00:00;1/31/2024
209;4116;419;8564;1606;12322;HF;2024-01-29 12:00:00;1/31/2025
210;4201;418;8562;249;7824;HF;2021-06-28 12:00:00;6/30/2022
211;4191;418;8562;730;8985;HF;2022-04-25 12:00:00;6/30/2023
212;4088;418;8562;1606;12322;HF;2023-05-15 12:00:00;6/30/2024
213;4227;58;5713;72;6437;HF;2021-05-17 12:00:00;6/30/2022
214;4184;58;5713;402;8369;HF;2022-06-06 12:00:00;6/30/2023
215;4088;58;5713;1606;12322;HF;2023-05-15 12:00:00;6/30/2024
216;4132;2601;22278;1606;12322;HF;2021-12-11 12:00:00;12/31/2022
217;4141;2601;22278;402;8369;HF;2022-10-24 12:00:00;12/31/2023
218;4180;2601;22278;1606;12322;HF;2023-11-27 12:00:00;12/31/2024
219;4132;2600;22277;1606;12322;HF;2021-12-11 12:00:00;12/31/2022
220;4141;2600;22277;402;8369;HF;2022-10-24 12:00:00;12/31/2023
221;4180;2600;22277;1606;12322;HF;2023-11-27 12:00:00;12/31/2024
222;4193;281;8220;402;8369;HF;2022-06-20 12:00:00;6/30/2023
223;4133;281;8220;402;8369;HF;2023-02-08 12:00:00;2/29/2024
224;4231;281;8220;1606;12322;HF;2023-12-18 12:00:00;2/28/2025
225;4090;509;8730;402;8369;HF;2021-10-18 12:00:00;11/30/2022
226;4129;509;8730;402;8369;HF;2022-11-14 12:00:00;11/30/2023
227;4220;509;8730;1606;12322;HF;2023-10-02 12:00:00;11/30/2024
228;4163;1843;12560;402;8369;HF;2021-05-31 12:00:00;6/30/2022
229;4134;1843;12560;402;8369;HF;2022-04-04 12:00:00;6/30/2023
230;4088;1843;12560;1606;12322;HF;2023-05-15 12:00:00;6/30/2024
231;4251;1608;12324;249;7824;HF;2021-07-05 12:00:00;7/31/2022
232;4173;1608;12324;402;8369;HF;2022-06-27 12:00:00;7/31/2023
233;4088;1608;12324;1606;12322;HF;2023-05-15 12:00:00;7/31/2024
234;4095;1676;12515;249;7824;HF;2022-04-18 12:00:00;6/30/2023
235;4104;1676;12515;402;8369;HF;2022-09-26 12:00:00;9/30/2023
236;4171;1676;12515;1606;12322;HF;2023-04-25 12:00:00;4/30/2024
237;4181;1976;12583;249;7824;HF;2021-05-03 12:00:00;6/30/2022
238;4247;1976;12583;402;8369;HF;2022-06-13 12:00:00;6/30/2023
239;4088;1976;12583;1606;12322;HF;2023-05-15 12:00:00;6/30/2024
240;4090;117;7284;402;8369;HF;2021-10-18 12:00:00;10/31/2022
241;4098;117;7284;249;7824;HF;2022-09-19 12:00:00;10/31/2023
242;4220;117;7284;1606;12322;HF;2023-10-02 12:00:00;10/31/2024
243;4252;1863;12563;249;7824;HF;2021-05-10 12:00:00;6/30/2022
244;4142;1863;12563;249;7824;HF;2022-05-16 12:00:00;6/30/2023
245;4088;1863;12563;1606;12322;HF;2023-05-15 12:00:00;6/30/2024
246;4162;2388;12735;249;7824;HF;2021-09-20 12:00:00;9/30/2022
247;4239;2388;12735;730;8985;HF;2022-09-12 12:00:00;9/30/2023
248;4220;2388;12735;1606;12322;HF;2023-10-02 12:00:00;10/31/2024
249;4178;7052;22701;1608;12324;HF;2023-05-12 12:00:00;5/31/2024
250;4178;6932;22703;1608;12324;HF;2023-05-12 12:00:00;5/31/2024
251;4178;6934;22709;1608;12324;HF;2023-05-12 12:00:00;5/31/2024
252;4110;7053;22711;1608;12324;HF;2023-07-19 12:00:00;7/31/2024
253;4110;7054;22712;1608;12324;HF;2023-07-19 12:00:00;7/31/2024
254;4110;6914;22714;1608;12324;HF;2023-07-19 12:00:00;7/31/2024
255;4112;2063;12592;402;8369;HF;2021-10-25 12:00:00;11/30/2022
256;4137;2063;12592;1606;12322;HF;2022-10-17 12:00:00;11/30/2023
257;4092;2063;12592;1608;12324;HF;2023-10-30 12:00:00;11/30/2024
258;4195;7062;44653;1606;12322;HF;2022-11-09 12:00:00;11/30/2023
259;4092;7062;44653;1608;12324;HF;2023-10-30 12:00:00;11/30/2024
260;4184;2219;12621;402;8369;HF;2022-06-06 12:00:00;7/31/2023
261;4072;2219;12621;1606;12322;HF;2022-11-07 12:00:00;11/30/2023
262;4092;2219;12621;1608;12324;HF;2023-10-30 12:00:00;11/30/2024
263;4195;7071;44705;1606;12322;HF;2022-11-09 12:00:00;11/30/2023
264;4092;7071;44705;1608;12324;HF;2023-10-30 12:00:00;11/30/2024
265;4099;6919;44467;1606;12322;HF;2022-09-14 12:00:00;9/30/2023
266;4077;6919;44467;1608;12324;HF;2023-09-11 12:00:00;9/30/2024
267;4137;6940;44521;1606;12322;HF;2022-10-17 12:00:00;10/31/2023
268;4115;6940;44521;1608;12324;HF;2023-10-16 12:00:00;10/31/2024
269;4137;6941;44525;1606;12322;HF;2022-10-17 12:00:00;10/31/2023
270;4092;6941;44525;1608;12324;HF;2023-10-30 12:00:00;10/31/2024
271;4119;6942;44526;1606;12322;HF;2022-12-05 12:00:00;12/31/2023
272;4115;6942;44526;1608;12324;HF;2023-10-16 12:00:00;12/31/2024
273;4195;7057;44665;1606;12322;HF;2022-11-09 12:00:00;11/30/2023
274;4092;7057;44665;1608;12324;HF;2023-10-30 12:00:00;11/30/2024
275;4121;218;7809;730;8985;HF;2022-01-31 12:00:00;2/28/2023
276;4246;218;7809;1606;12322;HF;2022-10-03 12:00:00;10/31/2023
277;4077;218;7809;1608;12324;HF;2023-09-11 12:00:00;10/31/2024
278;4184;291;8223;402;8369;HF;2022-06-06 12:00:00;7/31/2023
279;4246;291;8223;1606;12322;HF;2022-10-03 12:00:00;10/31/2023
280;4077;291;8223;1608;12324;HF;2023-09-11 12:00:00;10/31/2024
281;4193;1917;12571;402;8369;HF;2022-06-20 12:00:00;7/31/2023
282;4072;1917;12571;1606;12322;HF;2022-11-07 12:00:00;11/30/2023
283;4092;1917;12571;1608;12324;HF;2023-10-30 12:00:00;11/30/2024
284;4184;2047;12591;402;8369;HF;2022-06-06 12:00:00;7/31/2023
285;4072;2047;12591;1606;12322;HF;2022-11-07 12:00:00;11/30/2023
286;4092;2047;12591;1608;12324;HF;2023-10-30 12:00:00;11/30/2024
287;4112;2161;12610;402;8369;HF;2021-10-25 12:00:00;10/31/2022
288;4072;2161;12610;1606;12322;HF;2022-11-07 12:00:00;11/30/2023
289;4092;2161;12610;1608;12324;HF;2023-10-30 12:00:00;11/30/2024
290;4074;2221;12623;402;8369;HF;2021-10-04 12:00:00;12/31/2022
291;4072;2221;12623;1606;12322;HF;2022-11-07 12:00:00;12/31/2023
292;4109;2221;12623;1608;12324;HF;2023-12-08 12:00:00;12/31/2024
293;4149;1473;12300;249;7824;HF;2021-12-06 12:00:00;12/31/2022
294;4072;1473;12300;1606;12322;HF;2022-11-07 12:00:00;12/31/2023
295;4115;1473;12300;1608;12324;HF;2023-10-16 12:00:00;12/31/2024
296;4200;249;7824;;1001;HF;2021-12-07 12:00:00;12/31/2022
297;4203;249;7824;730;8985;HF;2022-10-31 12:00:00;12/31/2023
298;4077;249;7824;1608;12324;HF;2023-09-11 12:00:00;9/30/2024
299;4200;72;6437;;1001;HF;2021-12-07 12:00:00;12/31/2022
300;4097;72;6437;730;8985;HF;2022-11-21 12:00:00;12/31/2023
301;4092;72;6437;1608;12324;HF;2023-10-30 12:00:00;12/31/2024
302;4125;147;7295;72;6437;HF;2021-11-01 12:00:00;11/30/2022
303;4097;147;7295;730;8985;HF;2022-11-21 12:00:00;11/30/2023
304;4115;147;7295;1608;12324;HF;2023-10-16 12:00:00;11/30/2024
305;4091;459;8692;72;6437;HF;2021-11-08 12:00:00;11/30/2022
306;4097;459;8692;730;8985;HF;2022-11-21 12:00:00;11/30/2023
307;4115;459;8692;1608;12324;HF;2023-10-16 12:00:00;11/30/2024
308;4227;2224;12626;72;6437;HF;2021-05-17 12:00:00;6/30/2022
309;4203;2224;12626;730;8985;HF;2022-10-31 12:00:00;10/31/2023
310;4077;2224;12626;1608;12324;HF;2023-09-11 12:00:00;10/31/2024
311;4112;776;9409;402;8369;HF;2021-10-25 12:00:00;11/30/2022
312;4140;776;9409;730;8985;HF;2022-11-28 12:00:00;11/30/2023
313;4115;776;9409;1608;12324;HF;2023-10-16 12:00:00;11/30/2024
314;4156;2239;12635;402;8369;HF;2021-11-22 12:00:00;12/31/2022
315;4140;2239;12635;730;8985;HF;2022-11-28 12:00:00;12/31/2023
316;4115;2239;12635;1608;12324;HF;2023-10-16 12:00:00;12/31/2024
317;4113;2301;12708;402;8369;HF;2021-06-08 12:00:00;6/30/2022
318;4191;2301;12708;730;8985;HF;2022-04-25 12:00:00;6/30/2023
319;4235;2301;12708;1608;12324;HF;2023-04-03 12:00:00;6/30/2024
320;4083;2326;12721;249;7824;HF;2021-11-29 12:00:00;1/31/2023
321;4203;2326;12721;730;8985;HF;2022-10-31 12:00:00;10/31/2023
322;4115;2326;12721;1608;12324;HF;2023-10-16 12:00:00;10/31/2024
323;4149;2444;12794;249;7824;HF;2021-12-06 12:00:00;1/31/2023
324;4203;2444;12794;730;8985;HF;2022-10-31 12:00:00;10/31/2023
325;4077;2444;12794;1608;12324;HF;2023-09-11 12:00:00;10/31/2024
326;4125;6937;6446;72;6437;HF;2021-11-01 12:00:00;11/30/2022
327;4157;6937;6446;402;8369;HF;2022-10-03 12:00:00;11/30/2023
328;4092;6937;6446;1608;12324;HF;2023-10-30 12:00:00;11/30/2024
329;4128;485;8723;72;6437;HF;2021-09-27 12:00:00;11/30/2022
330;4129;485;8723;402;8369;HF;2022-11-14 12:00:00;11/30/2023
331;4092;485;8723;1608;12324;HF;2023-10-30 12:00:00;11/30/2024
332;4225;510;8731;72;6437;HF;2021-06-07 12:00:00;6/30/2022
333;4184;510;8731;402;8369;HF;2022-06-06 12:00:00;6/30/2023
334;4235;510;8731;1608;12324;HF;2023-04-03 12:00:00;6/30/2024
335;4125;1586;12320;72;6437;HF;2021-11-01 12:00:00;11/30/2022
336;4141;1586;12320;402;8369;HF;2022-10-24 12:00:00;11/30/2023
337;4092;1586;12320;1608;12324;HF;2023-10-30 12:00:00;11/30/2024
338;4125;1631;12327;72;6437;HF;2021-11-01 12:00:00;11/30/2022
339;4104;1631;12327;402;8369;HF;2022-09-26 12:00:00;11/30/2023
340;4077;1631;12327;1608;12324;HF;2023-09-11 12:00:00;11/30/2024
341;4090;1652;12511;402;8369;HF;2021-10-18 12:00:00;10/31/2022
342;4157;1652;12511;402;8369;HF;2022-10-03 12:00:00;10/31/2023
343;4077;1652;12511;1608;12324;HF;2023-09-11 12:00:00;10/31/2024
344;4083;934;9997;249;7824;HF;2021-11-29 12:00:00;12/31/2022
345;4129;934;9997;402;8369;HF;2022-11-14 12:00:00;12/31/2023
346;4092;934;9997;1608;12324;HF;2023-10-30 12:00:00;12/31/2024
347;4074;2591;22271;402;8369;HF;2021-10-04 12:00:00;10/31/2022
348;4157;2591;22271;402;8369;HF;2022-10-03 12:00:00;10/31/2023
349;4077;2591;22271;1608;12324;HF;2023-09-11 12:00:00;10/31/2024
350;4162;359;8326;249;7824;HF;2021-09-20 12:00:00;10/31/2022
351;4098;359;8326;249;7824;HF;2022-09-19 12:00:00;10/31/2023
352;4077;359;8326;1608;12324;HF;2023-09-11 12:00:00;10/31/2024
353;4162;2148;12608;249;7824;HF;2021-09-20 12:00:00;9/30/2022
354;4098;2148;12608;249;7824;HF;2022-09-19 12:00:00;9/30/2023
355;4077;2148;12608;1608;12324;HF;2023-09-11 12:00:00;9/30/2024
356;4174;1741;12543;249;7824;HF;2021-04-12 12:00:00;4/30/2022
357;4144;1741;12543;1606;12322;HF;2022-03-28 12:00:00;4/30/2023
358;4248;1741;12543;730;8985;HF;2023-03-13 12:00:00;4/30/2024
359;4181;2483;13140;249;7824;HF;2021-05-03 12:00:00;5/31/2022
360;4086;2483;13140;249;7824;HF;2022-04-11 12:00:00;5/31/2023
361;4248;2483;13140;730;8985;HF;2023-03-13 12:00:00;5/31/2024
362;4084;6925;44494;730;8985;HF;2023-04-24 12:00:00;4/30/2024
363;4084;6926;44495;730;8985;HF;2023-04-24 12:00:00;4/30/2024
364;4156;2102;12596;402;8369;HF;2021-11-22 12:00:00;12/31/2022
365;4137;2102;12596;1606;12322;HF;2022-10-17 12:00:00;12/31/2023
366;4226;2102;12596;730;8985;HF;2023-10-05 12:00:00;12/31/2024
367;4099;6918;44450;1606;12322;HF;2022-09-14 12:00:00;9/30/2023
368;4211;6918;44450;730;8985;HF;2023-07-03 12:00:00;9/30/2024
369;4227;493;8728;72;6437;HF;2021-05-17 12:00:00;6/30/2022
370;4122;493;8728;1606;12322;HF;2022-05-30 12:00:00;6/30/2023
371;4143;493;8728;730;8985;HF;2023-05-22 12:00:00;6/30/2024
372;4156;2385;12731;402;8369;HF;2021-11-22 12:00:00;12/31/2022
373;4072;2385;12731;1606;12322;HF;2022-11-07 12:00:00;12/31/2023
374;4245;2385;12731;730;8985;HF;2023-12-27 12:00:00;12/31/2024
375;4181;89;6442;249;7824;HF;2021-05-03 12:00:00;6/30/2022
376;4122;89;6442;1606;12322;HF;2022-05-30 12:00:00;6/30/2023
377;4143;89;6442;730;8985;HF;2023-05-22 12:00:00;6/30/2024
378;4252;2261;12644;249;7824;HF;2021-05-10 12:00:00;6/30/2022
379;4122;2261;12644;1606;12322;HF;2022-05-30 12:00:00;6/30/2023
380;4230;2261;12644;730;8985;HF;2023-05-29 12:00:00;6/30/2024
381;4149;2351;12728;249;7824;HF;2021-12-06 12:00:00;1/31/2023
382;4072;2351;12728;1606;12322;HF;2022-11-07 12:00:00;1/31/2024
383;4245;2351;12728;730;8985;HF;2023-12-27 12:00:00;1/31/2025
384;4163;1902;12569;402;8369;HF;2021-05-31 12:00:00;6/30/2022
385;4206;1902;12569;730;8985;HF;2022-05-09 12:00:00;6/30/2023
386;4182;1902;12569;730;8985;HF;2023-06-05 12:00:00;6/30/2024
387;4181;676;8966;249;7824;HF;2021-05-03 12:00:00;6/30/2022
388;4206;676;8966;730;8985;HF;2022-05-09 12:00:00;6/30/2023
389;4084;676;8966;730;8985;HF;2023-04-24 12:00:00;6/30/2024
390;4128;1440;12295;72;6437;HF;2021-09-27 12:00:00;9/30/2022
391;4239;1440;12295;730;8985;HF;2022-09-12 12:00:00;9/30/2023
392;4211;1440;12295;730;8985;HF;2023-07-03 12:00:00;9/30/2024
393;4227;1775;12548;72;6437;HF;2021-05-17 12:00:00;6/30/2022
394;4191;1775;12548;730;8985;HF;2022-04-25 12:00:00;6/30/2023
395;4230;1775;12548;730;8985;HF;2023-05-29 12:00:00;6/30/2024
396;4188;205;7807;249;7824;HF;2021-09-13 12:00:00;9/30/2022
397;4239;205;7807;730;8985;HF;2022-09-12 12:00:00;9/30/2023
398;4226;205;7807;730;8985;HF;2023-10-05 12:00:00;10/31/2024
399;4149;468;8696;249;7824;HF;2021-12-06 12:00:00;1/31/2023
400;4189;468;8696;730;8985;HF;2022-12-05 12:00:00;1/31/2024
401;4076;468;8696;730;8985;HF;2023-10-06 12:00:00;10/31/2024
402;4125;344;8322;72;6437;HF;2021-11-01 12:00:00;11/30/2022
403;4249;344;8322;402;8369;HF;2022-03-25 12:00:00;3/31/2023
404;4250;344;8322;730;8985;HF;2023-02-20 12:00:00;3/31/2024
405;4192;669;8962;72;6437;HF;2021-06-21 12:00:00;7/31/2022
406;4247;669;8962;402;8369;HF;2022-06-13 12:00:00;7/31/2023
407;4182;669;8962;730;8985;HF;2023-06-05 12:00:00;7/31/2024
408;4192;780;9411;72;6437;HF;2021-06-21 12:00:00;6/30/2022
409;4134;780;9411;402;8369;HF;2022-04-04 12:00:00;6/30/2023
410;4230;780;9411;730;8985;HF;2023-05-29 12:00:00;6/30/2024
411;4124;1392;12288;72;6437;HF;2021-04-26 12:00:00;6/30/2022
412;4184;1392;12288;402;8369;HF;2022-06-06 12:00:00;6/30/2023
413;4211;1392;12288;730;8985;HF;2023-07-03 12:00:00;7/31/2024
414;4192;2281;12646;72;6437;HF;2021-06-21 12:00:00;6/30/2022
415;4184;2281;12646;402;8369;HF;2022-06-06 12:00:00;6/30/2023
416;4230;2281;12646;730;8985;HF;2023-05-29 12:00:00;6/30/2024
417;4225;2288;12654;72;6437;HF;2021-06-07 12:00:00;6/30/2022
418;4184;2288;12654;402;8369;HF;2022-06-06 12:00:00;6/30/2023
419;4182;2288;12654;730;8985;HF;2023-06-05 12:00:00;6/30/2024
420;4192;2493;13145;72;6437;HF;2021-06-21 12:00:00;6/30/2022
421;4173;2493;13145;402;8369;HF;2022-06-27 12:00:00;6/30/2023
422;4182;2493;13145;730;8985;HF;2023-06-05 12:00:00;6/30/2024
423;4227;2509;13148;72;6437;HF;2021-05-17 12:00:00;6/30/2022
424;4173;2509;13148;402;8369;HF;2022-06-27 12:00:00;6/30/2023
425;4182;2509;13148;730;8985;HF;2023-06-05 12:00:00;6/30/2024
426;4113;715;8981;402;8369;HF;2021-06-08 12:00:00;8/31/2022
427;4247;715;8981;402;8369;HF;2022-06-13 12:00:00;8/31/2023
428;4182;715;8981;730;8985;HF;2023-06-05 12:00:00;8/31/2024
429;4113;729;8984;402;8369;HF;2021-06-08 12:00:00;7/31/2022
430;4247;729;8984;402;8369;HF;2022-06-13 12:00:00;7/31/2023
431;4211;729;8984;730;8985;HF;2023-07-03 12:00:00;7/31/2024
432;4123;785;9413;402;8369;HF;2021-06-14 12:00:00;6/30/2022
433;4247;785;9413;402;8369;HF;2022-06-13 12:00:00;6/30/2023
434;4230;785;9413;730;8985;HF;2023-05-29 12:00:00;6/30/2024
435;4123;800;9414;402;8369;HF;2021-06-14 12:00:00;6/30/2022
436;4184;800;9414;402;8369;HF;2022-06-06 12:00:00;6/30/2023
437;4230;800;9414;730;8985;HF;2023-05-29 12:00:00;6/30/2024
438;4123;816;9418;402;8369;HF;2021-06-14 12:00:00;6/30/2022
439;4193;816;9418;402;8369;HF;2022-06-20 12:00:00;6/30/2023
440;4211;816;9418;730;8985;HF;2023-07-03 12:00:00;7/31/2024
441;4123;822;9419;402;8369;HF;2021-06-14 12:00:00;6/30/2022
442;4247;822;9419;402;8369;HF;2022-06-13 12:00:00;6/30/2023
443;4240;822;9419;730;8985;HF;2023-05-08 12:00:00;6/30/2024
444;4123;1808;12553;402;8369;HF;2021-06-14 12:00:00;7/31/2022
445;4184;1808;12553;402;8369;HF;2022-06-06 12:00:00;7/31/2023
446;4240;1808;12553;730;8985;HF;2023-05-08 12:00:00;7/31/2024
447;4113;2296;12659;402;8369;HF;2021-06-08 12:00:00;6/30/2022
448;4173;2296;12659;402;8369;HF;2022-06-27 12:00:00;6/30/2023
449;4230;2296;12659;730;8985;HF;2023-05-29 12:00:00;6/30/2024
450;4179;722;8982;249;7824;HF;2021-04-19 12:00:00;6/30/2022
451;4134;722;8982;402;8369;HF;2022-04-04 12:00:00;6/30/2023
452;4230;722;8982;730;8985;HF;2023-05-29 12:00:00;6/30/2024
453;4205;746;9064;249;7824;HF;2021-05-19 12:00:00;6/30/2022
454;4247;746;9064;402;8369;HF;2022-06-13 12:00:00;6/30/2023
455;4084;746;9064;730;8985;HF;2023-04-24 12:00:00;6/30/2024
456;4251;923;9893;249;7824;HF;2021-07-05 12:00:00;7/31/2022
457;4247;923;9893;402;8369;HF;2022-06-13 12:00:00;7/31/2023
458;4211;923;9893;730;8985;HF;2023-07-03 12:00:00;7/31/2024
459;4181;1542;12315;249;7824;HF;2021-05-03 12:00:00;6/30/2022
460;4193;1542;12315;402;8369;HF;2022-06-20 12:00:00;6/30/2023
461;4143;1542;12315;730;8985;HF;2023-05-22 12:00:00;6/30/2024
462;4252;1572;12318;249;7824;HF;2021-05-10 12:00:00;6/30/2022
463;4193;1572;12318;402;8369;HF;2022-06-20 12:00:00;6/30/2023
464;4230;1572;12318;730;8985;HF;2023-05-29 12:00:00;6/30/2024
465;4251;1633;12506;249;7824;HF;2021-07-05 12:00:00;7/31/2022
466;4247;1633;12506;402;8369;HF;2022-06-13 12:00:00;7/31/2023
467;4143;1633;12506;730;8985;HF;2023-05-22 12:00:00;7/31/2024
468;4188;1703;12528;249;7824;HF;2021-09-13 12:00:00;9/30/2022
469;4104;1703;12528;402;8369;HF;2022-09-26 12:00:00;9/30/2023
470;4211;1703;12528;730;8985;HF;2023-07-03 12:00:00;9/30/2024
471;4165;1792;12551;249;7824;HF;2021-05-17 12:00:00;6/30/2022
472;4173;1792;12551;402;8369;HF;2022-06-27 12:00:00;6/30/2023
473;4143;1792;12551;730;8985;HF;2023-05-22 12:00:00;6/30/2024
474;4162;2118;12604;249;7824;HF;2021-09-20 12:00:00;9/30/2022
475;4104;2118;12604;402;8369;HF;2022-09-26 12:00:00;9/30/2023
476;4211;2118;12604;730;8985;HF;2023-07-03 12:00:00;9/30/2024
477;4188;2256;12640;249;7824;HF;2021-09-13 12:00:00;9/30/2022
478;4104;2256;12640;402;8369;HF;2022-09-26 12:00:00;9/30/2023
479;4211;2256;12640;730;8985;HF;2023-07-03 12:00:00;9/30/2024
480;4205;2511;13150;249;7824;HF;2021-05-19 12:00:00;6/30/2022
481;4247;2511;13150;402;8369;HF;2022-06-13 12:00:00;6/30/2023
482;4182;2511;13150;730;8985;HF;2023-06-05 12:00:00;6/30/2024
483;4205;2518;13151;249;7824;HF;2021-05-19 12:00:00;6/30/2022
484;4193;2518;13151;402;8369;HF;2022-06-20 12:00:00;6/30/2023
485;4240;2518;13151;730;8985;HF;2023-05-08 12:00:00;6/30/2024
486;4205;3816;42318;249;7824;HF;2021-05-19 12:00:00;6/30/2022
487;4173;3816;42318;402;8369;HF;2022-06-27 12:00:00;6/30/2023
488;4211;3816;42318;730;8985;HF;2023-07-03 12:00:00;7/31/2024
489;4225;442;8685;72;6437;HF;2021-06-07 12:00:00;6/30/2022
490;4081;442;8685;249;7824;HF;2022-05-23 12:00:00;6/30/2023
491;4084;442;8685;730;8985;HF;2023-04-24 12:00:00;6/30/2024
492;4225;484;8718;72;6437;HF;2021-06-07 12:00:00;6/30/2022
493;4142;484;8718;249;7824;HF;2022-05-16 12:00:00;6/30/2023
494;4182;484;8718;730;8985;HF;2023-06-05 12:00:00;6/30/2024
495;4192;2492;13144;72;6437;HF;2021-06-21 12:00:00;6/30/2022
496;4086;2492;13144;249;7824;HF;2022-04-11 12:00:00;6/30/2023
497;4230;2492;13144;730;8985;HF;2023-05-29 12:00:00;6/30/2024
498;4123;2436;12793;402;8369;HF;2021-06-14 12:00:00;6/30/2022
499;4081;2436;12793;249;7824;HF;2022-05-23 12:00:00;6/30/2023
500;4143;2436;12793;730;8985;HF;2023-05-22 12:00:00;6/30/2024
501;4123;2474;13098;402;8369;HF;2021-06-14 12:00:00;6/30/2022
502;4086;2474;13098;249;7824;HF;2022-04-11 12:00:00;6/30/2023
503;4143;2474;13098;730;8985;HF;2023-05-22 12:00:00;6/30/2024
504;4188;427;8681;249;7824;HF;2021-09-13 12:00:00;9/30/2022
505;4098;427;8681;249;7824;HF;2022-09-19 12:00:00;9/30/2023
506;4211;427;8681;730;8985;HF;2023-07-03 12:00:00;9/30/2024
507;4167;1456;12299;249;7824;HF;2021-04-05 12:00:00;6/30/2022
508;4142;1456;12299;249;7824;HF;2022-05-16 12:00:00;6/30/2023
509;4143;1456;12299;730;8985;HF;2023-05-22 12:00:00;6/30/2024
510;4252;1758;12546;249;7824;HF;2021-05-10 12:00:00;6/30/2022
511;4142;1758;12546;249;7824;HF;2022-05-16 12:00:00;6/30/2023
512;4182;1758;12546;730;8985;HF;2023-06-05 12:00:00;6/30/2024
513;4252;2242;12638;249;7824;HF;2021-05-10 12:00:00;6/30/2022
514;4081;2242;12638;249;7824;HF;2022-05-23 12:00:00;6/30/2023
515;4182;2242;12638;730;8985;HF;2023-06-05 12:00:00;6/30/2024
516;4078;7081;44790;402;8369;HF;2023-11-09 12:00:00;11/30/2024
517;4078;7082;44791;402;8369;HF;2023-11-09 12:00:00;11/30/2024
518;4078;7083;44792;402;8369;HF;2023-11-09 12:00:00;11/30/2024
519;4078;7084;44793;402;8369;HF;2023-11-09 12:00:00;11/30/2024
520;4078;7085;44794;402;8369;HF;2023-11-09 12:00:00;11/30/2024
521;4225;706;8977;72;6437;HF;2021-06-07 12:00:00;6/30/2022
522;4221;706;8977;402;8369;HF;2023-09-18 12:00:00;9/30/2024
523;4099;6736;44373;1606;12322;HF;2022-09-14 12:00:00;9/30/2023
524;4214;6736;44373;402;8369;HF;2023-07-10 12:00:00;9/30/2024
525;4099;6917;44449;1606;12322;HF;2022-09-14 12:00:00;9/30/2023
526;4214;6917;44449;402;8369;HF;2023-07-10 12:00:00;9/30/2024
527;4099;6920;44468;1606;12322;HF;2022-09-14 12:00:00;9/30/2023
528;4214;6920;44468;402;8369;HF;2023-07-10 12:00:00;9/30/2024
529;4099;6921;44469;1606;12322;HF;2022-09-14 12:00:00;9/30/2023
530;4214;6921;44469;402;8369;HF;2023-07-10 12:00:00;9/30/2024
531;4099;6922;44488;1606;12322;HF;2022-09-14 12:00:00;9/30/2023
532;4214;6922;44488;402;8369;HF;2023-07-10 12:00:00;9/30/2024
533;4119;6927;44499;1606;12322;HF;2022-12-05 12:00:00;12/31/2023
534;4221;6927;44499;402;8369;HF;2023-09-18 12:00:00;9/30/2024
535;4119;6928;44501;1606;12322;HF;2022-12-05 12:00:00;12/31/2023
536;4221;6928;44501;402;8369;HF;2023-09-18 12:00:00;9/30/2024
537;4119;6939;44517;1606;12322;HF;2022-12-05 12:00:00;12/31/2023
538;4221;6939;44517;402;8369;HF;2023-09-18 12:00:00;9/30/2024
539;4124;693;8971;72;6437;HF;2021-04-26 12:00:00;6/30/2022
540;4122;693;8971;1606;12322;HF;2022-05-30 12:00:00;6/30/2023
541;4154;693;8971;402;8369;HF;2023-06-19 12:00:00;6/30/2024
542;4112;130;7287;402;8369;HF;2021-10-25 12:00:00;12/31/2022
543;4246;130;7287;1606;12322;HF;2022-10-03 12:00:00;12/31/2023
544;4135;130;7287;402;8369;HF;2023-11-13 12:00:00;12/31/2024
545;4193;274;8218;402;8369;HF;2022-06-20 12:00:00;6/30/2023
546;4246;274;8218;1606;12322;HF;2022-10-03 12:00:00;10/31/2023
547;4221;274;8218;402;8369;HF;2023-09-18 12:00:00;10/31/2024
548;4193;1571;12317;402;8369;HF;2022-06-20 12:00:00;6/30/2023
549;4148;1571;12317;1606;12322;HF;2022-12-12 12:00:00;12/31/2023
550;4160;1571;12317;402;8369;HF;2023-12-11 12:00:00;12/31/2024
551;4112;1757;12545;402;8369;HF;2021-10-25 12:00:00;12/31/2022
552;4072;1757;12545;1606;12322;HF;2022-11-07 12:00:00;12/31/2023
553;4135;1757;12545;402;8369;HF;2023-11-13 12:00:00;12/31/2024
554;4176;2302;12710;249;7824;HF;2022-01-17 12:00:00;2/28/2023
555;4148;2302;12710;1606;12322;HF;2022-12-12 12:00:00;2/29/2024
556;4160;2302;12710;402;8369;HF;2023-12-11 12:00:00;2/28/2025
557;4089;2352;12729;249;7824;HF;2021-11-15 12:00:00;12/31/2022
558;4072;2352;12729;1606;12322;HF;2022-11-07 12:00:00;12/31/2023
559;4190;2352;12729;402;8369;HF;2023-11-24 12:00:00;12/31/2024
560;4102;6307;44209;249;7824;HF;2022-01-13 12:00:00;1/31/2023
561;4148;6307;44209;1606;12322;HF;2022-12-12 12:00:00;1/31/2024
562;4160;6307;44209;402;8369;HF;2023-12-11 12:00:00;1/31/2025
563;4083;1709;12530;249;7824;HF;2021-11-29 12:00:00;1/31/2023
564;4097;1709;12530;730;8985;HF;2022-11-21 12:00:00;1/31/2024
565;4160;1709;12530;402;8369;HF;2023-12-11 12:00:00;1/31/2025
566;4181;2241;12637;249;7824;HF;2021-05-03 12:00:00;6/30/2022
567;4206;2241;12637;730;8985;HF;2022-05-09 12:00:00;6/30/2023
568;4108;2241;12637;402;8369;HF;2023-06-12 12:00:00;6/30/2024
569;4181;2282;12647;249;7824;HF;2021-05-03 12:00:00;6/30/2022
570;4206;2282;12647;730;8985;HF;2022-05-09 12:00:00;6/30/2023
571;4222;2282;12647;402;8369;HF;2023-04-10 12:00:00;6/30/2024
572;4213;6737;44374;730;8985;HF;2022-06-08 12:00:00;6/30/2023
573;4222;6737;44374;402;8369;HF;2023-04-10 12:00:00;6/30/2024
574;4156;41;5036;402;8369;HF;2021-11-22 12:00:00;12/31/2022
575;4097;41;5036;730;8985;HF;2022-11-21 12:00:00;12/31/2023
576;4135;41;5036;402;8369;HF;2023-11-13 12:00:00;12/31/2024
577;4163;2147;12607;402;8369;HF;2021-05-31 12:00:00;6/30/2022
578;4191;2147;12607;730;8985;HF;2022-04-25 12:00:00;6/30/2023
579;4222;2147;12607;402;8369;HF;2023-04-10 12:00:00;6/30/2024
580;4162;519;8735;249;7824;HF;2021-09-20 12:00:00;9/30/2022
581;4239;519;8735;730;8985;HF;2022-09-12 12:00:00;9/30/2023
582;4214;519;8735;402;8369;HF;2023-07-10 12:00:00;9/30/2024
583;4162;770;9407;249;7824;HF;2021-09-20 12:00:00;9/30/2022
584;4239;770;9407;730;8985;HF;2022-09-12 12:00:00;9/30/2023
585;4214;770;9407;402;8369;HF;2023-07-10 12:00:00;9/30/2024
586;4162;2186;12615;249;7824;HF;2021-09-20 12:00:00;9/30/2022
587;4239;2186;12615;730;8985;HF;2022-09-12 12:00:00;9/30/2023
588;4221;2186;12615;402;8369;HF;2023-09-18 12:00:00;9/30/2024
589;4149;2228;12631;249;7824;HF;2021-12-06 12:00:00;1/31/2023
590;4140;2228;12631;730;8985;HF;2022-11-28 12:00:00;1/31/2024
591;4160;2228;12631;402;8369;HF;2023-12-11 12:00:00;1/31/2025
592;4089;2325;12720;249;7824;HF;2021-11-15 12:00:00;12/31/2022
593;4140;2325;12720;730;8985;HF;2022-11-28 12:00:00;12/31/2023
594;4190;2325;12720;402;8369;HF;2023-11-24 12:00:00;12/31/2024
595;4102;6282;44204;249;7824;HF;2022-01-13 12:00:00;1/31/2023
596;4189;6282;44204;730;8985;HF;2022-12-05 12:00:00;1/31/2024
597;4160;6282;44204;402;8369;HF;2023-12-11 12:00:00;1/31/2025
598;4085;518;8733;72;6437;HF;2021-02-22 12:00:00;2/28/2022
599;4238;518;8733;402;8369;HF;2022-01-24 12:00:00;2/28/2023
600;4100;518;8733;402;8369;HF;2023-08-10 12:00:00;8/31/2024
601;4225;768;9405;72;6437;HF;2021-06-07 12:00:00;7/31/2022
602;4247;768;9405;402;8369;HF;2022-06-13 12:00:00;7/31/2023
603;4154;768;9405;402;8369;HF;2023-06-19 12:00:00;7/31/2024
604;4096;1455;12298;72;6437;HF;2021-02-08 12:00:00;2/28/2022
605;4238;1455;12298;402;8369;HF;2022-01-24 12:00:00;2/28/2023
606;4243;1455;12298;402;8369;HF;2023-02-06 12:00:00;2/29/2024
607;4192;2292;12658;72;6437;HF;2021-06-21 12:00:00;6/30/2022
608;4184;2292;12658;402;8369;HF;2022-06-06 12:00:00;6/30/2023
609;4108;2292;12658;402;8369;HF;2023-06-12 12:00:00;6/30/2024
610;4132;2615;22280;1606;12322;HF;2021-12-11 12:00:00;12/31/2022
611;4141;2615;22280;402;8369;HF;2022-10-24 12:00:00;12/31/2023
612;4135;2615;22280;402;8369;HF;2023-11-13 12:00:00;12/31/2024
613;4151;124;7285;402;8369;HF;2021-12-24 12:00:00;12/31/2022
614;4129;124;7285;402;8369;HF;2022-11-14 12:00:00;12/31/2023
615;4135;124;7285;402;8369;HF;2023-11-13 12:00:00;12/31/2024
616;4193;212;7808;402;8369;HF;2022-06-20 12:00:00;6/30/2023
617;4216;212;7808;402;8369;HF;2023-01-16 12:00:00;1/31/2024
618;4160;212;7808;402;8369;HF;2023-12-11 12:00:00;1/31/2025
619;4113;303;8227;402;8369;HF;2021-06-08 12:00:00;8/31/2022
620;4173;303;8227;402;8369;HF;2022-06-27 12:00:00;8/31/2023
621;4108;303;8227;402;8369;HF;2023-06-12 12:00:00;8/31/2024
622;4090;705;8976;402;8369;HF;2021-10-18 12:00:00;10/31/2022
623;4157;705;8976;402;8369;HF;2022-10-03 12:00:00;10/31/2023
624;4221;705;8976;402;8369;HF;2023-09-18 12:00:00;10/31/2024
625;4123;777;9410;402;8369;HF;2021-06-14 12:00:00;6/30/2022
626;4193;777;9410;402;8369;HF;2022-06-20 12:00:00;6/30/2023
627;4108;777;9410;402;8369;HF;2023-06-12 12:00:00;6/30/2024
628;4123;924;9896;402;8369;HF;2021-06-14 12:00:00;6/30/2022
629;4184;924;9896;402;8369;HF;2022-06-06 12:00:00;6/30/2023
630;4071;924;9896;402;8369;HF;2023-06-26 12:00:00;6/30/2024
631;4173;1557;12316;402;8369;HF;2022-06-27 12:00:00;6/30/2023
632;4104;1557;12316;402;8369;HF;2022-09-26 12:00:00;9/30/2023
633;4221;1557;12316;402;8369;HF;2023-09-18 12:00:00;9/30/2024
634;4163;1670;12514;402;8369;HF;2021-05-31 12:00:00;6/30/2022
635;4134;1670;12514;402;8369;HF;2022-04-04 12:00:00;6/30/2023
636;4108;1670;12514;402;8369;HF;2023-06-12 12:00:00;6/30/2024
637;4090;1742;12544;402;8369;HF;2021-10-18 12:00:00;11/30/2022
638;4141;1742;12544;402;8369;HF;2022-10-24 12:00:00;11/30/2023
639;4135;1742;12544;402;8369;HF;2023-11-13 12:00:00;11/30/2024
640;4156;1864;12564;402;8369;HF;2021-11-22 12:00:00;12/31/2022
641;4141;1864;12564;402;8369;HF;2022-10-24 12:00:00;12/31/2023
642;4160;1864;12564;402;8369;HF;2023-12-11 12:00:00;12/31/2024
643;4113;2218;12620;402;8369;HF;2021-06-08 12:00:00;7/31/2022
644;4184;2218;12620;402;8369;HF;2022-06-06 12:00:00;7/31/2023
645;4154;2218;12620;402;8369;HF;2023-06-19 12:00:00;7/31/2024
646;4112;2223;12625;402;8369;HF;2021-10-25 12:00:00;12/31/2022
647;4141;2223;12625;402;8369;HF;2022-10-24 12:00:00;12/31/2023
648;4135;2223;12625;402;8369;HF;2023-11-13 12:00:00;12/31/2024
649;4163;2501;13146;402;8369;HF;2021-05-31 12:00:00;6/30/2022
650;4134;2501;13146;402;8369;HF;2022-04-04 12:00:00;6/30/2023
651;4108;2501;13146;402;8369;HF;2023-06-12 12:00:00;6/30/2024
652;4163;2510;13149;402;8369;HF;2021-05-31 12:00:00;6/30/2022
653;4173;2510;13149;402;8369;HF;2022-06-27 12:00:00;6/30/2023
654;4108;2510;13149;402;8369;HF;2023-06-12 12:00:00;6/30/2024
655;4130;2574;22107;402;8369;HF;2021-06-29 12:00:00;6/30/2022
656;4184;2574;22107;402;8369;HF;2022-06-06 12:00:00;6/30/2023
657;4108;2574;22107;402;8369;HF;2023-06-12 12:00:00;6/30/2024
658;4188;377;8359;249;7824;HF;2021-09-13 12:00:00;9/30/2022
659;4104;377;8359;402;8369;HF;2022-09-26 12:00:00;9/30/2023
660;4221;377;8359;402;8369;HF;2023-09-18 12:00:00;9/30/2024
661;4251;840;9424;249;7824;HF;2021-07-05 12:00:00;8/31/2022
662;4184;840;9424;402;8369;HF;2022-06-06 12:00:00;8/31/2023
663;4071;840;9424;402;8369;HF;2023-06-26 12:00:00;8/31/2024
664;4201;1505;12305;249;7824;HF;2021-06-28 12:00:00;7/31/2022
665;4247;1505;12305;402;8369;HF;2022-06-13 12:00:00;7/31/2023
666;4071;1505;12305;402;8369;HF;2023-06-26 12:00:00;7/31/2024
667;4252;1541;12314;249;7824;HF;2021-05-10 12:00:00;6/30/2022
668;4184;1541;12314;402;8369;HF;2022-06-06 12:00:00;6/30/2023
669;4108;1541;12314;402;8369;HF;2023-06-12 12:00:00;6/30/2024
670;4205;1587;12321;249;7824;HF;2021-05-19 12:00:00;6/30/2022
671;4193;1587;12321;402;8369;HF;2022-06-20 12:00:00;6/30/2023
672;4071;1587;12321;402;8369;HF;2023-06-26 12:00:00;6/30/2024
673;4251;1607;12323;249;7824;HF;2021-07-05 12:00:00;7/31/2022
674;4247;1607;12323;402;8369;HF;2022-06-13 12:00:00;7/31/2023
675;4154;1607;12323;402;8369;HF;2023-06-19 12:00:00;7/31/2024
676;4252;1614;12325;249;7824;HF;2021-05-10 12:00:00;6/30/2022
677;4193;1614;12325;402;8369;HF;2022-06-20 12:00:00;6/30/2023
678;4108;1614;12325;402;8369;HF;2023-06-12 12:00:00;6/30/2024
679;4252;2132;12605;249;7824;HF;2021-05-10 12:00:00;6/30/2022
680;4173;2132;12605;402;8369;HF;2022-06-27 12:00:00;6/30/2023
681;4222;2132;12605;402;8369;HF;2023-04-10 12:00:00;6/30/2024
682;4089;2538;13198;249;7824;HF;2021-11-15 12:00:00;11/30/2022
683;4129;2538;13198;402;8369;HF;2022-11-14 12:00:00;11/30/2023
684;4135;2538;13198;402;8369;HF;2023-11-13 12:00:00;11/30/2024
685;4227;662;8902;72;6437;HF;2021-05-17 12:00:00;6/30/2022
686;4095;662;8902;249;7824;HF;2022-04-18 12:00:00;6/30/2023
687;4108;662;8902;402;8369;HF;2023-06-12 12:00:00;6/30/2024
688;4192;2291;12657;72;6437;HF;2021-06-21 12:00:00;6/30/2022
689;4081;2291;12657;249;7824;HF;2022-05-23 12:00:00;6/30/2023
690;4071;2291;12657;402;8369;HF;2023-06-26 12:00:00;6/30/2024
691;4123;700;8975;402;8369;HF;2021-06-14 12:00:00;6/30/2022
692;4081;700;8975;249;7824;HF;2022-05-23 12:00:00;6/30/2023
693;4108;700;8975;402;8369;HF;2023-06-12 12:00:00;6/30/2024
694;4103;1696;12523;402;8369;HF;2022-02-28 12:00:00;4/30/2023
695;4098;1696;12523;249;7824;HF;2022-09-19 12:00:00;9/30/2023
696;4221;1696;12523;402;8369;HF;2023-09-18 12:00:00;9/30/2024
697;4163;2257;12641;402;8369;HF;2021-05-31 12:00:00;6/30/2022
698;4095;2257;12641;249;7824;HF;2022-04-18 12:00:00;6/30/2023
699;4222;2257;12641;402;8369;HF;2023-04-10 12:00:00;6/30/2024
700;4163;2286;12651;402;8369;HF;2021-05-31 12:00:00;6/30/2022
701;4081;2286;12651;249;7824;HF;2022-05-23 12:00:00;6/30/2023
702;4108;2286;12651;402;8369;HF;2023-06-12 12:00:00;6/30/2024
703;4188;139;7292;249;7824;HF;2021-09-13 12:00:00;9/30/2022
704;4098;139;7292;249;7824;HF;2022-09-19 12:00:00;9/30/2023
705;4214;139;7292;402;8369;HF;2023-07-10 12:00:00;9/30/2024
706;4179;368;8356;249;7824;HF;2021-04-19 12:00:00;6/30/2022
707;4142;368;8356;249;7824;HF;2022-05-16 12:00:00;6/30/2023
708;4108;368;8356;402;8369;HF;2023-06-12 12:00:00;6/30/2024
709;4188;369;8357;249;7824;HF;2021-09-13 12:00:00;9/30/2022
710;4098;369;8357;249;7824;HF;2022-09-19 12:00:00;9/30/2023
711;4214;369;8357;402;8369;HF;2023-07-10 12:00:00;9/30/2024
712;4181;393;8363;249;7824;HF;2021-05-03 12:00:00;6/30/2022
713;4081;393;8363;249;7824;HF;2022-05-23 12:00:00;6/30/2023
714;4222;393;8363;402;8369;HF;2023-04-10 12:00:00;6/30/2024
715;4188;2090;12595;249;7824;HF;2021-09-13 12:00:00;9/30/2022
716;4098;2090;12595;249;7824;HF;2022-09-19 12:00:00;9/30/2023
717;4214;2090;12595;402;8369;HF;2023-07-10 12:00:00;9/30/2024
718;4252;2502;13147;249;7824;HF;2021-05-10 12:00:00;6/30/2022
719;4086;2502;13147;249;7824;HF;2022-04-11 12:00:00;6/30/2023
720;4154;2502;13147;402;8369;HF;2023-06-19 12:00:00;6/30/2024
721;4091;2289;12655;72;6437;HF;2021-11-08 12:00:00;12/31/2022
722;4137;2289;12655;1606;12322;HF;2022-10-17 12:00:00;12/31/2023
723;4101;2289;12655;1441;12297;HF;2023-10-09 12:00:00;12/31/2024
724;4132;2609;22279;1606;12322;HF;2021-12-11 12:00:00;12/31/2022
725;4137;2609;22279;1606;12322;HF;2022-10-17 12:00:00;12/31/2023
726;4208;2609;22279;1441;12297;HF;2023-11-20 12:00:00;12/31/2024
727;4090;2527;13187;402;8369;HF;2021-10-18 12:00:00;12/31/2022
728;4137;2527;13187;1606;12322;HF;2022-10-17 12:00:00;12/31/2023
729;4208;2527;13187;1441;12297;HF;2023-11-20 12:00:00;12/31/2024
730;4195;2623;22364;1606;12322;HF;2022-11-09 12:00:00;11/30/2023
731;4166;2623;22364;1441;12297;HF;2023-12-04 12:00:00;12/31/2024
732;4195;7061;44652;1606;12322;HF;2022-11-09 12:00:00;11/30/2023
733;4208;7061;44652;1441;12297;HF;2023-11-20 12:00:00;11/30/2024
734;4173;675;8963;402;8369;HF;2022-06-27 12:00:00;8/31/2023
735;4148;675;8963;1606;12322;HF;2022-12-12 12:00:00;12/31/2023
736;4166;675;8963;1441;12297;HF;2023-12-04 12:00:00;12/31/2024
737;4238;2339;12727;402;8369;HF;2022-01-24 12:00:00;2/28/2023
738;4148;2339;12727;1606;12322;HF;2022-12-12 12:00:00;2/29/2024
739;4166;2339;12727;1441;12297;HF;2023-12-04 12:00:00;2/28/2025
740;4173;2520;13153;402;8369;HF;2022-06-27 12:00:00;6/30/2023
741;4148;2520;13153;1606;12322;HF;2022-12-12 12:00:00;12/31/2023
742;4166;2520;13153;1441;12297;HF;2023-12-04 12:00:00;12/31/2024
743;4112;2536;13189;402;8369;HF;2021-10-25 12:00:00;12/31/2022
744;4072;2536;13189;1606;12322;HF;2022-11-07 12:00:00;12/31/2023
745;4208;2536;13189;1441;12297;HF;2023-11-20 12:00:00;12/31/2024
746;4102;6351;44217;249;7824;HF;2022-01-13 12:00:00;1/31/2023
747;4148;6351;44217;1606;12322;HF;2022-12-12 12:00:00;1/31/2024
748;4166;6351;44217;1441;12297;HF;2023-12-04 12:00:00;1/31/2025
749;4156;2547;13200;402;8369;HF;2021-11-22 12:00:00;12/31/2022
750;4097;2547;13200;730;8985;HF;2022-11-21 12:00:00;12/31/2023
751;4166;2547;13200;1441;12297;HF;2023-12-04 12:00:00;12/31/2024
752;4089;2557;13204;249;7824;HF;2021-11-15 12:00:00;12/31/2022
753;4097;2557;13204;730;8985;HF;2022-11-21 12:00:00;12/31/2023
754;4166;2557;13204;1441;12297;HF;2023-12-04 12:00:00;12/31/2024
755;4125;2396;12746;72;6437;HF;2021-11-01 12:00:00;12/31/2022
756;4203;2396;12746;730;8985;HF;2022-10-31 12:00:00;12/31/2023
757;4208;2396;12746;1441;12297;HF;2023-11-20 12:00:00;12/31/2024
758;4151;146;7293;402;8369;HF;2021-12-24 12:00:00;12/31/2022
759;4203;146;7293;730;8985;HF;2022-10-31 12:00:00;12/31/2023
760;4166;146;7293;1441;12297;HF;2023-12-04 12:00:00;12/31/2024
761;4173;738;9062;402;8369;HF;2022-06-27 12:00:00;7/31/2023
762;4189;738;9062;730;8985;HF;2022-12-05 12:00:00;12/31/2023
763;4208;738;9062;1441;12297;HF;2023-11-20 12:00:00;12/31/2024
764;4112;2162;12611;402;8369;HF;2021-10-25 12:00:00;12/31/2022
765;4097;2162;12611;730;8985;HF;2022-11-21 12:00:00;12/31/2023
766;4208;2162;12611;1441;12297;HF;2023-11-20 12:00:00;12/31/2024
767;4112;2330;12722;402;8369;HF;2021-10-25 12:00:00;12/31/2022
768;4155;2330;12722;730;8985;HF;2022-11-16 12:00:00;12/31/2023
769;4208;2330;12722;1441;12297;HF;2023-11-20 12:00:00;12/31/2024
770;4112;2435;12792;402;8369;HF;2021-10-25 12:00:00;12/31/2022
771;4203;2435;12792;730;8985;HF;2022-10-31 12:00:00;12/31/2023
772;4208;2435;12792;1441;12297;HF;2023-11-20 12:00:00;12/31/2024
773;4102;6283;44205;249;7824;HF;2022-01-13 12:00:00;1/31/2023
774;4140;6283;44205;730;8985;HF;2022-11-28 12:00:00;1/31/2024
775;4175;6283;44205;1441;12297;HF;2023-06-23 12:00:00;6/30/2024
776;4102;6296;44207;249;7824;HF;2022-01-13 12:00:00;1/31/2023
777;4189;6296;44207;730;8985;HF;2022-12-05 12:00:00;1/31/2024
778;4166;6296;44207;1441;12297;HF;2023-12-04 12:00:00;1/31/2025
779;4093;747;9065;249;7824;HF;2021-12-02 12:00:00;12/31/2022
780;4157;747;9065;402;8369;HF;2022-10-03 12:00:00;12/31/2023
781;4166;747;9065;1441;12297;HF;2023-12-04 12:00:00;12/31/2024
782;4083;2220;12622;249;7824;HF;2021-11-29 12:00:00;12/31/2022
783;4137;2220;12622;1606;12322;HF;2022-10-17 12:00:00;12/31/2023
784;4101;2220;12622;1441;12297;HF;2023-10-09 12:00:00;12/31/2024
785;4104;2103;12600;402;8369;HF;2022-09-26 12:00:00;9/30/2023
786;4072;2103;12600;1606;12322;HF;2022-11-07 12:00:00;11/30/2023
787;4101;2103;12600;1441;12297;HF;2023-10-09 12:00:00;11/30/2024
788;4091;714;8980;72;6437;HF;2021-11-08 12:00:00;11/30/2022
789;4072;714;8980;1606;12322;HF;2022-11-07 12:00:00;11/30/2023
790;4101;714;8980;1441;12297;HF;2023-10-09 12:00:00;11/30/2024
791;4085;2229;12632;72;6437;HF;2021-02-22 12:00:00;2/28/2022
792;4146;2229;12632;1606;12322;HF;2022-02-14 12:00:00;2/28/2023
793;4101;2229;12632;1441;12297;HF;2023-10-09 12:00:00;10/31/2024
794;4224;1791;12550;402;8369;HF;2021-12-23 12:00:00;12/31/2022
795;4203;1791;12550;730;8985;HF;2022-10-31 12:00:00;12/31/2023
796;4101;1791;12550;1441;12297;HF;2023-10-09 12:00:00;12/31/2024
797;4128;1632;12501;72;6437;HF;2021-09-27 12:00:00;11/30/2022
798;4203;1632;12501;730;8985;HF;2022-10-31 12:00:00;11/30/2023
799;4101;1632;12501;1441;12297;HF;2023-10-09 12:00:00;11/30/2024
800;4156;66;6436;402;8369;HF;2021-11-22 12:00:00;12/31/2022
801;4097;66;6436;730;8985;HF;2022-11-21 12:00:00;12/31/2023
802;4101;66;6436;1441;12297;HF;2023-10-09 12:00:00;12/31/2024
803;4233;401;8367;402;8369;HF;2021-10-15 12:00:00;10/31/2022
804;4157;401;8367;402;8369;HF;2022-10-03 12:00:00;10/31/2023
805;4101;401;8367;1441;12297;HF;2023-10-09 12:00:00;10/31/2024
806;4229;1441;12297;402;8369;HF;2021-03-08 12:00:00;3/31/2022
807;4234;1441;12297;402;8369;HF;2022-03-07 12:00:00;3/31/2023
808;4243;1441;12297;402;8369;HF;2023-02-06 12:00:00;3/31/2024
809;4131;1441;12297;;1001;HF;2023-12-05 12:00:00;12/31/2024
810;4196;7069;22932;196;7805;HF;2024-01-08 12:00:00;1/31/2025
811;4074;2334;12724;402;8369;HF;2021-10-04 12:00:00;12/31/2022
812;4129;2334;12724;402;8369;HF;2022-11-14 12:00:00;12/31/2023
813;4196;2334;12724;196;7805;HF;2024-01-08 12:00:00;1/31/2025
814;4096;1669;12513;72;6437;HF;2021-02-08 12:00:00;2/28/2022
815;4146;1669;12513;1606;12322;HF;2022-02-14 12:00:00;2/28/2023
816;4199;1669;12513;196;7805;HF;2023-02-27 12:00:00;2/29/2024
817;4196;1669;12513;196;7805;HF;2024-01-08 12:00:00;2/28/2025
818;4105;918;9889;72;6437;HF;2021-03-15 12:00:00;3/31/2022
819;4136;918;9889;402;8369;HF;2022-03-14 12:00:00;3/31/2023
820;4199;918;9889;196;7805;HF;2023-02-27 12:00:00;3/31/2024
821;4168;918;9889;196;7805;HF;2024-01-22 12:00:00;3/31/2025
822;4228;2133;12606;72;6437;HF;2021-03-22 12:00:00;3/31/2022
823;4103;2133;12606;402;8369;HF;2022-02-28 12:00:00;3/31/2023
824;4223;2133;12606;196;7805;HF;2023-03-06 12:00:00;3/31/2024
825;4237;2133;12606;196;7805;HF;2024-03-25 12:00:00;3/31/2025
826;4105;2222;12624;72;6437;HF;2021-03-15 12:00:00;3/31/2022
827;4079;2222;12624;402;8369;HF;2022-02-07 12:00:00;3/31/2023
828;4199;2222;12624;196;7805;HF;2023-02-27 12:00:00;3/31/2024
829;4082;2222;12624;196;7805;HF;2024-02-05 12:00:00;3/31/2025
830;4177;823;9421;402;8369;HF;2021-02-15 12:00:00;2/28/2022
831;4103;823;9421;402;8369;HF;2022-02-28 12:00:00;2/28/2023
832;4199;823;9421;196;7805;HF;2023-02-27 12:00:00;2/29/2024
833;4196;823;9421;196;7805;HF;2024-01-08 12:00:00;2/28/2025
834;4251;807;9416;249;7824;HF;2021-07-05 12:00:00;7/31/2022
835;4241;807;9416;402;8369;HF;2022-03-13 12:00:00;3/31/2023
836;4223;807;9416;196;7805;HF;2023-03-06 12:00:00;3/31/2024
837;4237;807;9416;196;7805;HF;2024-03-25 12:00:00;3/31/2025
838;4209;6376;44220;249;7824;HF;2022-02-21 12:00:00;2/28/2023
839;4199;6376;44220;196;7805;HF;2023-02-27 12:00:00;2/29/2024
840;4082;6376;44220;196;7805;HF;2024-02-05 12:00:00;2/28/2025
841;4105;2425;12776;72;6437;HF;2021-03-15 12:00:00;3/31/2022
842;4161;2425;12776;1606;12322;HF;2022-01-19 12:00:00;3/31/2023
843;4202;2425;12776;1557;12316;HF;2023-02-13 12:00:00;3/31/2024
844;4168;2425;12776;196;7805;HF;2024-01-22 12:00:00;3/31/2025
845;4124;1408;12289;72;6437;HF;2021-04-26 12:00:00;6/30/2022
846;4191;1408;12289;730;8985;HF;2022-04-25 12:00:00;6/30/2023
847;4202;1408;12289;1557;12316;HF;2023-02-13 12:00:00;2/29/2024
848;4168;1408;12289;196;7805;HF;2024-01-22 12:00:00;2/28/2025
849;4105;228;7815;72;6437;HF;2021-03-15 12:00:00;3/31/2022
850;4103;228;7815;402;8369;HF;2022-02-28 12:00:00;3/31/2023
851;4172;228;7815;1557;12316;HF;2023-03-20 12:00:00;3/31/2024
852;4237;228;7815;196;7805;HF;2024-03-25 12:00:00;3/31/2025
853;4233;248;7822;402;8369;HF;2021-10-15 12:00:00;10/31/2022
854;4236;248;7822;402;8369;HF;2022-03-10 12:00:00;3/31/2023
855;4202;248;7822;1557;12316;HF;2023-02-13 12:00:00;3/31/2024
856;4237;248;7822;196;7805;HF;2024-03-25 12:00:00;3/31/2025
857;4167;78;6438;249;7824;HF;2021-04-05 12:00:00;4/30/2022
858;4136;78;6438;402;8369;HF;2022-03-14 12:00:00;4/30/2023
859;4172;78;6438;1557;12316;HF;2023-03-20 12:00:00;4/30/2024
860;4237;78;6438;196;7805;HF;2024-03-25 12:00:00;4/30/2025
861;4209;6337;44214;249;7824;HF;2022-02-21 12:00:00;2/28/2023
862;4202;6337;44214;1557;12316;HF;2023-02-13 12:00:00;2/29/2024
863;4196;6337;44214;196;7805;HF;2024-01-08 12:00:00;2/28/2025
864;4096;2240;12636;72;6437;HF;2021-02-08 12:00:00;2/28/2022
865;4176;2240;12636;249;7824;HF;2022-01-17 12:00:00;2/28/2023
866;4202;2240;12636;1557;12316;HF;2023-02-13 12:00:00;2/29/2024
867;4082;2240;12636;196;7805;HF;2024-02-05 12:00:00;2/28/2025
868;4102;6269;44202;249;7824;HF;2022-01-13 12:00:00;1/31/2023
869;4148;6269;44202;1606;12322;HF;2022-12-12 12:00:00;1/31/2024
870;4187;6269;44202;1606;12322;HF;2023-05-24 12:00:00;5/31/2024
871;4237;6269;44202;196;7805;HF;2024-03-25 12:00:00;5/31/2025
872;4102;6270;44203;249;7824;HF;2022-01-13 12:00:00;1/31/2023
873;4189;6270;44203;730;8985;HF;2022-12-05 12:00:00;1/31/2024
874;4187;6270;44203;1606;12322;HF;2023-05-24 12:00:00;5/31/2024
875;4237;6270;44203;196;7805;HF;2024-03-25 12:00:00;5/31/2025
876;4201;1489;12303;249;7824;HF;2021-06-28 12:00:00;8/31/2022
877;4173;1489;12303;402;8369;HF;2022-06-27 12:00:00;8/31/2023
878;4088;1489;12303;1606;12322;HF;2023-05-15 12:00:00;5/31/2024
879;4237;1489;12303;196;7805;HF;2024-03-25 12:00:00;5/31/2025
880;4120;2803;22567;1608;12324;HF;2023-02-16 12:00:00;2/29/2024
881;4082;2803;22567;196;7805;HF;2024-02-05 12:00:00;2/28/2025
882;4120;7060;44693;1608;12324;HF;2023-02-16 12:00:00;2/29/2024
883;4196;7060;44693;196;7805;HF;2024-01-08 12:00:00;2/28/2025
884;4120;7088;44827;1608;12324;HF;2023-02-16 12:00:00;2/29/2024
885;4082;7088;44827;196;7805;HF;2024-02-05 12:00:00;2/28/2025
886;4213;6910;44409;730;8985;HF;2022-06-08 12:00:00;6/30/2023
887;4235;6910;44409;1608;12324;HF;2023-04-03 12:00:00;4/30/2024
888;4237;6910;44409;196;7805;HF;2024-03-25 12:00:00;4/30/2025
889;4162;115;7282;249;7824;HF;2021-09-20 12:00:00;9/30/2022
890;4151;115;7282;402;8369;HF;2021-12-24 12:00:00;12/31/2022
891;4210;115;7282;730;8985;HF;2023-01-02 12:00:00;1/31/2024
892;4168;115;7282;196;7805;HF;2024-01-22 12:00:00;1/31/2025
893;4167;57;5712;249;7824;HF;2021-04-05 12:00:00;4/30/2022
894;4144;57;5712;1606;12322;HF;2022-03-28 12:00:00;4/30/2023
895;4170;57;5712;730;8985;HF;2023-01-23 12:00:00;1/31/2024
896;4196;57;5712;196;7805;HF;2024-01-08 12:00:00;1/31/2025
897;4085;2290;12656;72;6437;HF;2021-02-22 12:00:00;2/28/2022
898;4238;2290;12656;402;8369;HF;2022-01-24 12:00:00;2/28/2023
899;4170;2290;12656;730;8985;HF;2023-01-23 12:00:00;2/29/2024
900;4082;2290;12656;196;7805;HF;2024-02-05 12:00:00;2/28/2025
901;4229;450;8689;402;8369;HF;2021-03-08 12:00:00;3/31/2022
902;4234;450;8689;402;8369;HF;2022-03-07 12:00:00;3/31/2023
903;4170;450;8689;730;8985;HF;2023-01-23 12:00:00;3/31/2024
904;4168;450;8689;196;7805;HF;2024-01-22 12:00:00;3/31/2025
905;4229;2045;12589;402;8369;HF;2021-03-08 12:00:00;3/31/2022
906;4079;2045;12589;402;8369;HF;2022-02-07 12:00:00;3/31/2023
907;4170;2045;12589;730;8985;HF;2023-01-23 12:00:00;3/31/2024
908;4082;2045;12589;196;7805;HF;2024-02-05 12:00:00;3/31/2025
909;4192;486;8725;72;6437;HF;2021-06-21 12:00:00;6/30/2022
910;4081;486;8725;249;7824;HF;2022-05-23 12:00:00;6/30/2023
911;4250;486;8725;730;8985;HF;2023-02-20 12:00:00;2/29/2024
912;4168;486;8725;196;7805;HF;2024-01-22 12:00:00;2/28/2025
913;4228;155;7299;72;6437;HF;2021-03-22 12:00:00;3/31/2022
914;4144;155;7299;1606;12322;HF;2022-03-28 12:00:00;3/31/2023
915;4218;155;7299;402;8369;HF;2023-03-27 12:00:00;3/31/2024
916;4237;155;7299;196;7805;HF;2024-03-25 12:00:00;3/31/2025
917;4228;2575;22223;72;6437;HF;2021-03-22 12:00:00;3/31/2022
918;4146;2575;22223;1606;12322;HF;2022-02-14 12:00:00;3/31/2023
919;4243;2575;22223;402;8369;HF;2023-02-06 12:00:00;3/31/2024
920;4168;2575;22223;196;7805;HF;2024-01-22 12:00:00;3/31/2025
921;4073;51;5708;249;7824;HF;2021-03-29 12:00:00;4/30/2022
922;4146;51;5708;1606;12322;HF;2022-02-14 12:00:00;4/30/2023
923;4218;51;5708;402;8369;HF;2023-03-27 12:00:00;4/30/2024
924;4082;51;5708;196;7805;HF;2024-02-05 12:00:00;4/30/2025
925;4179;1717;12538;249;7824;HF;2021-04-19 12:00:00;4/30/2022
926;4191;1717;12538;730;8985;HF;2022-04-25 12:00:00;4/30/2023
927;4218;1717;12538;402;8369;HF;2023-03-27 12:00:00;4/30/2024
928;4237;1717;12538;196;7805;HF;2024-03-25 12:00:00;4/30/2025
929;4229;1439;12294;402;8369;HF;2021-03-08 12:00:00;3/31/2022
930;4194;1439;12294;730;8985;HF;2022-02-21 12:00:00;3/31/2023
931;4243;1439;12294;402;8369;HF;2023-02-06 12:00:00;3/31/2024
932;4082;1439;12294;196;7805;HF;2024-02-05 12:00:00;3/31/2025
933;4105;434;8684;72;6437;HF;2021-03-15 12:00:00;3/31/2022
934;4234;434;8684;402;8369;HF;2022-03-07 12:00:00;3/31/2023
935;4150;434;8684;402;8369;HF;2023-01-30 12:00:00;3/31/2024
936;4168;434;8684;196;7805;HF;2024-01-22 12:00:00;3/31/2025
937;4177;90;6444;402;8369;HF;2021-02-15 12:00:00;2/28/2022
938;4151;90;6444;402;8369;HF;2021-12-24 12:00:00;2/28/2023
939;4150;90;6444;402;8369;HF;2023-01-30 12:00:00;2/29/2024
940;4082;90;6444;196;7805;HF;2024-02-05 12:00:00;2/28/2025
941;4229;236;7817;402;8369;HF;2021-03-08 12:00:00;3/31/2022
942;4234;236;7817;402;8369;HF;2022-03-07 12:00:00;3/31/2023
943;4133;236;7817;402;8369;HF;2023-02-08 12:00:00;3/31/2024
944;4237;236;7817;196;7805;HF;2024-03-25 12:00:00;3/31/2025
945;4177;367;8355;402;8369;HF;2021-02-15 12:00:00;2/28/2022
946;4238;367;8355;402;8369;HF;2022-01-24 12:00:00;2/28/2023
947;4150;367;8355;402;8369;HF;2023-01-30 12:00:00;2/29/2024
948;4082;367;8355;196;7805;HF;2024-02-05 12:00:00;2/28/2025
949;4113;707;8979;402;8369;HF;2021-06-08 12:00:00;6/30/2022
950;4193;707;8979;402;8369;HF;2022-06-20 12:00:00;6/30/2023
951;4218;707;8979;402;8369;HF;2023-03-27 12:00:00;3/31/2024
952;4237;707;8979;196;7805;HF;2024-03-25 12:00:00;3/31/2025
953;4197;1974;12580;402;8369;HF;2021-02-01 12:00:00;2/28/2022
954;4079;1974;12580;402;8369;HF;2022-02-07 12:00:00;2/28/2023
955;4150;1974;12580;402;8369;HF;2023-01-30 12:00:00;2/29/2024
956;4168;1974;12580;196;7805;HF;2024-01-22 12:00:00;2/28/2025
957;4113;2174;12614;402;8369;HF;2021-06-08 12:00:00;7/31/2022
958;4193;2174;12614;402;8369;HF;2022-06-20 12:00:00;7/31/2023
959;4218;2174;12614;402;8369;HF;2023-03-27 12:00:00;3/31/2024
960;4237;2174;12614;196;7805;HF;2024-03-25 12:00:00;3/31/2025
961;4162;131;7289;249;7824;HF;2021-09-20 12:00:00;9/30/2022
962;4147;131;7289;402;8369;HF;2022-02-03 12:00:00;2/28/2023
963;4150;131;7289;402;8369;HF;2023-01-30 12:00:00;2/29/2024
964;4082;131;7289;196;7805;HF;2024-02-05 12:00:00;2/28/2025
965;4073;748;9068;249;7824;HF;2021-03-29 12:00:00;3/31/2022
966;4079;748;9068;402;8369;HF;2022-02-07 12:00:00;3/31/2023
967;4216;748;9068;402;8369;HF;2023-01-16 12:00:00;3/31/2024
968;4168;748;9068;196;7805;HF;2024-01-22 12:00:00;3/31/2025
969;4174;2187;12616;249;7824;HF;2021-04-12 12:00:00;4/30/2022
970;4134;2187;12616;402;8369;HF;2022-04-04 12:00:00;4/30/2023
971;4218;2187;12616;402;8369;HF;2023-03-27 12:00:00;4/30/2024
972;4237;2187;12616;196;7805;HF;2024-03-25 12:00:00;4/30/2025
973;4209;6335;44212;249;7824;HF;2022-02-21 12:00:00;2/28/2023
974;4216;6335;44212;402;8369;HF;2023-01-16 12:00:00;2/29/2024
975;4196;6335;44212;196;7805;HF;2024-01-08 12:00:00;2/28/2025
976;4209;6336;44213;249;7824;HF;2022-02-21 12:00:00;2/28/2023
977;4216;6336;44213;402;8369;HF;2023-01-16 12:00:00;2/29/2024
978;4196;6336;44213;196;7805;HF;2024-01-08 12:00:00;2/28/2025
979;4209;6410;44223;249;7824;HF;2022-02-21 12:00:00;2/28/2023
980;4106;6410;44223;402;8369;HF;2023-03-03 12:00:00;3/31/2024
981;4196;6410;44223;196;7805;HF;2024-01-08 12:00:00;3/31/2025
982;4209;6423;44224;249;7824;HF;2022-02-21 12:00:00;2/28/2023
983;4106;6423;44224;402;8369;HF;2023-03-03 12:00:00;3/31/2024
984;4196;6423;44224;196;7805;HF;2024-01-08 12:00:00;3/31/2025
985;4227;204;7806;72;6437;HF;2021-05-17 12:00:00;6/30/2022
986;4095;204;7806;249;7824;HF;2022-04-18 12:00:00;6/30/2023
987;4150;204;7806;402;8369;HF;2023-01-30 12:00:00;1/31/2024
988;4168;204;7806;196;7805;HF;2024-01-22 12:00:00;1/31/2025
989;4227;511;8732;72;6437;HF;2021-05-17 12:00:00;6/30/2022
990;4142;511;8732;249;7824;HF;2022-05-16 12:00:00;6/30/2023
991;4133;511;8732;402;8369;HF;2023-02-08 12:00:00;2/29/2024
992;4168;511;8732;196;7805;HF;2024-01-22 12:00:00;2/28/2025
993;4205;502;8729;249;7824;HF;2021-05-19 12:00:00;6/30/2022
994;4142;502;8729;249;7824;HF;2022-05-16 12:00:00;6/30/2023
995;4133;502;8729;402;8369;HF;2023-02-08 12:00:00;2/29/2024
996;4082;502;8729;196;7805;HF;2024-02-05 12:00:00;2/28/2025
997;4099;6923;44532;1606;12322;HF;2022-09-14 12:00:00;9/30/2023
998;4183;6923;44532;1606;12322;HF;2024-04-08 12:00:00;4/30/2025
999;4174;154;7298;249;7824;HF;2021-04-12 12:00:00;6/30/2022
1000;4164;154;7298;1606;12322;HF;2022-03-10 12:00:00;3/31/2023
1001;4223;154;7298;196;7805;HF;2023-03-06 12:00:00;3/31/2024
1002;4118;154;7298;1606;12322;HF;2024-03-18 12:00:00;3/31/2025
1003;4228;2394;12744;72;6437;HF;2021-03-22 12:00:00;3/31/2022
1004;4121;2394;12744;730;8985;HF;2022-01-31 12:00:00;3/31/2023
1005;4223;2394;12744;196;7805;HF;2023-03-06 12:00:00;3/31/2024
1006;4118;2394;12744;1606;12322;HF;2024-03-18 12:00:00;3/31/2025
1007;4156;2324;12718;402;8369;HF;2021-11-22 12:00:00;12/31/2022
1008;4203;2324;12718;730;8985;HF;2022-10-31 12:00:00;12/31/2023
1009;4153;2324;12718;196;7805;HF;2023-10-23 12:00:00;12/31/2024
1010;4244;2324;12718;1606;12322;HF;2024-01-19 12:00:00;1/31/2025
1011;4177;2333;12723;402;8369;HF;2021-02-15 12:00:00;2/28/2022
1012;4194;2333;12723;730;8985;HF;2022-02-21 12:00:00;2/28/2023
1013;4199;2333;12723;196;7805;HF;2023-02-27 12:00:00;2/29/2024
1014;4244;2333;12723;1606;12322;HF;2024-01-19 12:00:00;2/28/2025
1015;4074;138;7291;402;8369;HF;2021-10-04 12:00:00;10/31/2022
1016;4164;138;7291;1606;12322;HF;2022-03-10 12:00:00;3/31/2023
1017;4172;138;7291;1557;12316;HF;2023-03-20 12:00:00;3/31/2024
1018;4118;138;7291;1606;12322;HF;2024-03-18 12:00:00;3/31/2025
1019;4174;2321;12713;249;7824;HF;2021-04-12 12:00:00;4/30/2022
1020;4191;2321;12713;730;8985;HF;2022-04-25 12:00:00;4/30/2023
1021;4172;2321;12713;1557;12316;HF;2023-03-20 12:00:00;4/30/2024
1022;4118;2321;12713;1606;12322;HF;2024-03-18 12:00:00;4/30/2025
1023;4229;2854;30263;402;8369;HF;2021-03-08 12:00:00;3/31/2022
1024;4234;2854;30263;402;8369;HF;2022-03-07 12:00:00;3/31/2023
1025;4172;2854;30263;1557;12316;HF;2023-03-20 12:00:00;3/31/2024
1026;4118;2854;30263;1606;12322;HF;2024-03-18 12:00:00;3/31/2025
1027;4149;242;7818;249;7824;HF;2021-12-06 12:00:00;1/31/2023
1028;4249;242;7818;402;8369;HF;2022-03-25 12:00:00;3/31/2023
1029;4172;242;7818;1557;12316;HF;2023-03-20 12:00:00;3/31/2024
1030;4118;242;7818;1606;12322;HF;2024-03-18 12:00:00;3/31/2025
1031;4167;2255;12639;249;7824;HF;2021-04-05 12:00:00;4/30/2022
1032;4234;2255;12639;402;8369;HF;2022-03-07 12:00:00;4/30/2023
1033;4172;2255;12639;1557;12316;HF;2023-03-20 12:00:00;4/30/2024
1034;4118;2255;12639;1606;12322;HF;2024-03-18 12:00:00;4/30/2025
1035;4167;2389;12736;249;7824;HF;2021-04-05 12:00:00;4/30/2022
1036;4134;2389;12736;402;8369;HF;2022-04-04 12:00:00;4/30/2023
1037;4172;2389;12736;1557;12316;HF;2023-03-20 12:00:00;4/30/2024
1038;4118;2389;12736;1606;12322;HF;2024-03-18 12:00:00;4/30/2025
1039;4174;2491;13142;249;7824;HF;2021-04-12 12:00:00;4/30/2022
1040;4103;2491;13142;402;8369;HF;2022-02-28 12:00:00;4/30/2023
1041;4172;2491;13142;1557;12316;HF;2023-03-20 12:00:00;4/30/2024
1042;4118;2491;13142;1606;12322;HF;2024-03-18 12:00:00;4/30/2025
1043;4094;2788;22565;1606;12322;HF;2023-03-30 12:00:00;3/31/2024
1044;4138;2788;22565;1606;12322;HF;2024-02-26 12:00:00;3/31/2025
1045;4094;2833;22576;1606;12322;HF;2023-03-30 12:00:00;3/31/2024
1046;4116;2833;22576;1606;12322;HF;2024-01-29 12:00:00;3/31/2025
1047;4094;2847;22580;1606;12322;HF;2023-03-30 12:00:00;3/31/2024
1048;4138;2847;22580;1606;12322;HF;2024-02-26 12:00:00;3/31/2025
1049;4192;831;9422;72;6437;HF;2021-06-21 12:00:00;6/30/2022
1050;4184;831;9422;402;8369;HF;2022-06-06 12:00:00;6/30/2023
1051;4088;831;9422;1606;12322;HF;2023-05-15 12:00:00;6/30/2024
1052;4183;831;9422;1606;12322;HF;2024-04-08 12:00:00;6/30/2025
1053;4091;6930;12797;72;6437;HF;2021-11-08 12:00:00;11/30/2022
1054;4239;6930;12797;730;8985;HF;2022-09-12 12:00:00;11/30/2023
1055;4077;6930;12797;1608;12324;HF;2023-09-11 12:00:00;11/30/2024
1056;4244;6930;12797;1606;12322;HF;2024-01-19 12:00:00;1/31/2025
1057;4084;6924;44493;730;8985;HF;2023-04-24 12:00:00;4/30/2024
1058;4183;6924;44493;1606;12322;HF;2024-04-08 12:00:00;4/30/2025
1059;4252;2262;12645;249;7824;HF;2021-05-10 12:00:00;6/30/2022
1060;4122;2262;12645;1606;12322;HF;2022-05-30 12:00:00;6/30/2023
1061;4182;2262;12645;730;8985;HF;2023-06-05 12:00:00;6/30/2024
1062;4244;2262;12645;1606;12322;HF;2024-01-19 12:00:00;1/31/2025
1063;4201;928;9897;249;7824;HF;2021-06-28 12:00:00;6/30/2022
1064;4206;928;9897;730;8985;HF;2022-05-09 12:00:00;6/30/2023
1065;4230;928;9897;730;8985;HF;2023-05-29 12:00:00;6/30/2024
1066;4183;928;9897;1606;12322;HF;2024-04-08 12:00:00;6/30/2025
1067;4213;6908;44406;730;8985;HF;2022-06-08 12:00:00;6/30/2023
1068;4084;6908;44406;730;8985;HF;2023-04-24 12:00:00;6/30/2024
1069;4183;6908;44406;1606;12322;HF;2024-04-08 12:00:00;6/30/2025
1070;4163;1960;12579;402;8369;HF;2021-05-31 12:00:00;6/30/2022
1071;4206;1960;12579;730;8985;HF;2022-05-09 12:00:00;6/30/2023
1072;4182;1960;12579;730;8985;HF;2023-06-05 12:00:00;6/30/2024
1073;4183;1960;12579;1606;12322;HF;2024-04-08 12:00:00;6/30/2025
1074;4123;731;8986;402;8369;HF;2021-06-14 12:00:00;6/30/2022
1075;4247;731;8986;402;8369;HF;2022-06-13 12:00:00;6/30/2023
1076;4084;731;8986;730;8985;HF;2023-04-24 12:00:00;6/30/2024
1077;4118;731;8986;1606;12322;HF;2024-03-18 12:00:00;3/31/2025
1078;4205;1536;12313;249;7824;HF;2021-05-19 12:00:00;6/30/2022
1079;4184;1536;12313;402;8369;HF;2022-06-06 12:00:00;6/30/2023
1080;4143;1536;12313;730;8985;HF;2023-05-22 12:00:00;6/30/2024
1081;4183;1536;12313;1606;12322;HF;2024-04-08 12:00:00;6/30/2025
1082;4252;1615;12326;249;7824;HF;2021-05-10 12:00:00;6/30/2022
1083;4247;1615;12326;402;8369;HF;2022-06-13 12:00:00;6/30/2023
1084;4230;1615;12326;730;8985;HF;2023-05-29 12:00:00;6/30/2024
1085;4183;1615;12326;1606;12322;HF;2024-04-08 12:00:00;6/30/2025
1086;4090;2335;12725;402;8369;HF;2021-10-18 12:00:00;12/31/2022
1087;4214;2335;12725;402;8369;HF;2023-07-10 12:00:00;7/31/2024
1088;4244;2335;12725;1606;12322;HF;2024-01-19 12:00:00;1/31/2025
1089;4229;426;8679;402;8369;HF;2021-03-08 12:00:00;3/31/2022
1090;4234;426;8679;402;8369;HF;2022-03-07 12:00:00;3/31/2023
1091;4218;426;8679;402;8369;HF;2023-03-27 12:00:00;3/31/2024
1092;4118;426;8679;1606;12322;HF;2024-03-18 12:00:00;3/31/2025
1093;4073;685;8970;249;7824;HF;2021-03-29 12:00:00;3/31/2022
1094;4136;685;8970;402;8369;HF;2022-03-14 12:00:00;3/31/2023
1095;4218;685;8970;402;8369;HF;2023-03-27 12:00:00;3/31/2024
1096;4118;685;8970;1606;12322;HF;2024-03-18 12:00:00;3/31/2025
1097;4179;931;9900;249;7824;HF;2021-04-19 12:00:00;4/30/2022
1098;4086;931;9900;249;7824;HF;2022-04-11 12:00:00;4/30/2023
1099;4218;931;9900;402;8369;HF;2023-03-27 12:00:00;4/30/2024
1100;4118;931;9900;1606;12322;HF;2024-03-18 12:00:00;4/30/2025
1101;4091;2322;12714;72;6437;HF;2021-11-08 12:00:00;12/31/2022
1102;4097;2322;12714;730;8985;HF;2022-11-21 12:00:00;12/31/2023
1103;4101;2322;12714;1441;12297;HF;2023-10-09 12:00:00;12/31/2024
1104;4244;2322;12714;1606;12322;HF;2024-01-19 12:00:00;1/31/2025
1105;4228;2226;12629;72;6437;HF;2021-03-22 12:00:00;3/31/2022
1106;4121;2226;12629;730;8985;HF;2022-01-31 12:00:00;3/31/2023
1107;4199;2226;12629;196;7805;HF;2023-02-27 12:00:00;3/31/2024
1108;4138;2226;12629;1606;12322;HF;2024-02-26 12:00:00;3/31/2025
1109;4089;2386;12732;249;7824;HF;2021-11-15 12:00:00;11/30/2022
1110;4140;2386;12732;730;8985;HF;2022-11-28 12:00:00;11/30/2023
1111;4153;2386;12732;196;7805;HF;2023-10-23 12:00:00;11/30/2024
1112;4087;2386;12732;1606;12322;HF;2024-02-14 12:00:00;2/28/2025
1113;4105;2117;12603;72;6437;HF;2021-03-15 12:00:00;3/31/2022
1114;4161;2117;12603;1606;12322;HF;2022-01-19 12:00:00;3/31/2023
1115;4202;2117;12603;1557;12316;HF;2023-02-13 12:00:00;3/31/2024
1116;4116;2117;12603;1606;12322;HF;2024-01-29 12:00:00;3/31/2025
1117;4228;2589;22227;72;6437;HF;2021-03-22 12:00:00;3/31/2022
1118;4161;2589;22227;1606;12322;HF;2022-01-19 12:00:00;3/31/2023
1119;4202;2589;22227;1557;12316;HF;2023-02-13 12:00:00;3/31/2024
1120;4138;2589;22227;1606;12322;HF;2024-02-26 12:00:00;3/31/2025
1121;4085;763;9402;72;6437;HF;2021-02-22 12:00:00;2/28/2022
1122;4121;763;9402;730;8985;HF;2022-01-31 12:00:00;2/28/2023
1123;4202;763;9402;1557;12316;HF;2023-02-13 12:00:00;2/29/2024
1124;4138;763;9402;1606;12322;HF;2024-02-26 12:00:00;2/28/2025
1125;4073;2581;22225;249;7824;HF;2021-03-29 12:00:00;3/31/2022
1126;4194;2581;22225;730;8985;HF;2022-02-21 12:00:00;3/31/2023
1127;4202;2581;22225;1557;12316;HF;2023-02-13 12:00:00;3/31/2024
1128;4116;2581;22225;1606;12322;HF;2024-01-29 12:00:00;3/31/2025
1129;4074;433;8682;402;8369;HF;2021-10-04 12:00:00;10/31/2022
1130;4104;433;8682;402;8369;HF;2022-09-26 12:00:00;10/31/2023
1131;4220;433;8682;1606;12322;HF;2023-10-02 12:00:00;10/31/2024
1132;4087;433;8682;1606;12322;HF;2024-02-14 12:00:00;2/28/2025
1133;4173;1650;12509;402;8369;HF;2022-06-27 12:00:00;6/30/2023
1134;4098;1650;12509;249;7824;HF;2022-09-19 12:00:00;9/30/2023
1135;4111;1650;12509;1606;12322;HF;2023-03-24 12:00:00;3/31/2024
1136;4118;1650;12509;1606;12322;HF;2024-03-18 12:00:00;3/31/2025
1137;4181;1774;12547;249;7824;HF;2021-05-03 12:00:00;6/30/2022
1138;4142;1774;12547;249;7824;HF;2022-05-16 12:00:00;6/30/2023
1139;4139;1774;12547;1606;12322;HF;2023-02-15 12:00:00;2/29/2024
1140;4116;1774;12547;1606;12322;HF;2024-01-29 12:00:00;2/28/2025
1141;4120;2780;22563;1608;12324;HF;2023-02-16 12:00:00;2/29/2024
1142;4116;2780;22563;1606;12322;HF;2024-01-29 12:00:00;2/28/2025
1143;4120;2832;22575;1608;12324;HF;2023-02-16 12:00:00;2/29/2024
1144;4138;2832;22575;1606;12322;HF;2024-02-26 12:00:00;2/28/2025
1145;4120;2840;22579;1608;12324;HF;2023-02-16 12:00:00;2/29/2024
1146;4138;2840;22579;1606;12322;HF;2024-02-26 12:00:00;2/28/2025
1147;4120;7056;44657;1608;12324;HF;2023-02-16 12:00:00;2/29/2024
1148;4138;7056;44657;1606;12322;HF;2024-02-26 12:00:00;2/28/2025
1149;4167;535;8739;249;7824;HF;2021-04-05 12:00:00;5/31/2022
1150;4144;535;8739;1606;12322;HF;2022-03-28 12:00:00;5/31/2023
1151;4235;535;8739;1608;12324;HF;2023-04-03 12:00:00;5/31/2024
1152;4087;535;8739;1606;12322;HF;2024-02-14 12:00:00;2/28/2025
1153;4156;2426;12790;402;8369;HF;2021-11-22 12:00:00;12/31/2022
1154;4250;2426;12790;730;8985;HF;2023-02-20 12:00:00;2/29/2024
1155;4138;2426;12790;1606;12322;HF;2024-02-26 12:00:00;2/28/2025
1156;4083;1842;12559;249;7824;HF;2021-11-29 12:00:00;1/31/2023
1157;4170;1842;12559;730;8985;HF;2023-01-23 12:00:00;1/31/2024
1158;4116;1842;12559;1606;12322;HF;2024-01-29 12:00:00;1/31/2025
1159;4085;2419;12756;72;6437;HF;2021-02-22 12:00:00;2/28/2022
1160;4121;2419;12756;730;8985;HF;2022-01-31 12:00:00;2/28/2023
1161;4250;2419;12756;730;8985;HF;2023-02-20 12:00:00;2/29/2024
1162;4116;2419;12756;1606;12322;HF;2024-01-29 12:00:00;2/28/2025
1163;4197;1517;12306;402;8369;HF;2021-02-01 12:00:00;2/28/2022
1164;4121;1517;12306;730;8985;HF;2022-01-31 12:00:00;2/28/2023
1165;4250;1517;12306;730;8985;HF;2023-02-20 12:00:00;2/29/2024
1166;4116;1517;12306;1606;12322;HF;2024-01-29 12:00:00;2/28/2025
1167;4197;1534;12310;402;8369;HF;2021-02-01 12:00:00;2/28/2022
1168;4238;1534;12310;402;8369;HF;2022-01-24 12:00:00;2/28/2023
1169;4170;1534;12310;730;8985;HF;2023-01-23 12:00:00;2/29/2024
1170;4138;1534;12310;1606;12322;HF;2024-02-26 12:00:00;2/28/2025
1171;4124;351;8323;72;6437;HF;2021-04-26 12:00:00;6/30/2022
1172;4142;351;8323;249;7824;HF;2022-05-16 12:00:00;6/30/2023
1173;4211;351;8323;730;8985;HF;2023-07-03 12:00:00;7/31/2024
1174;4138;351;8323;1606;12322;HF;2024-02-26 12:00:00;2/28/2025
1175;4112;2455;12813;402;8369;HF;2021-10-25 12:00:00;12/31/2022
1176;4137;2455;12813;1606;12322;HF;2022-10-17 12:00:00;12/31/2023
1177;4135;2455;12813;402;8369;HF;2023-11-13 12:00:00;12/31/2024
1178;4087;2455;12813;1606;12322;HF;2024-02-14 12:00:00;2/28/2025
1179;4113;2338;12726;402;8369;HF;2021-06-08 12:00:00;6/30/2022
1180;4122;2338;12726;1606;12322;HF;2022-05-30 12:00:00;6/30/2023
1181;4108;2338;12726;402;8369;HF;2023-06-12 12:00:00;6/30/2024
1182;4087;2338;12726;1606;12322;HF;2024-02-14 12:00:00;2/28/2025
1183;4124;2323;12717;72;6437;HF;2021-04-26 12:00:00;4/30/2022
1184;4191;2323;12717;730;8985;HF;2022-04-25 12:00:00;4/30/2023
1185;4218;2323;12717;402;8369;HF;2023-03-27 12:00:00;4/30/2024
1186;4087;2323;12717;1606;12322;HF;2024-02-14 12:00:00;4/30/2025
1187;4177;2855;30295;402;8369;HF;2021-02-15 12:00:00;2/28/2022
1188;4121;2855;30295;730;8985;HF;2022-01-31 12:00:00;2/28/2023
1189;4216;2855;30295;402;8369;HF;2023-01-16 12:00:00;2/29/2024
1190;4116;2855;30295;1606;12322;HF;2024-01-29 12:00:00;2/28/2025
1191;4096;50;5053;72;6437;HF;2021-02-08 12:00:00;2/28/2022
1192;4238;50;5053;402;8369;HF;2022-01-24 12:00:00;2/28/2023
1193;4150;50;5053;402;8369;HF;2023-01-30 12:00:00;2/29/2024
1194;4138;50;5053;1606;12322;HF;2024-02-26 12:00:00;2/28/2025
1195;4177;386;8362;402;8369;HF;2021-02-15 12:00:00;2/28/2022
1196;4093;386;8362;249;7824;HF;2021-12-02 12:00:00;2/28/2023
1197;4216;386;8362;402;8369;HF;2023-01-16 12:00:00;2/29/2024
1198;4116;386;8362;1606;12322;HF;2024-01-29 12:00:00;2/28/2025
1199;4177;1504;12304;402;8369;HF;2021-02-15 12:00:00;2/28/2022
1200;4176;1504;12304;249;7824;HF;2022-01-17 12:00:00;2/28/2023
1201;4243;1504;12304;402;8369;HF;2023-02-06 12:00:00;2/29/2024
1202;4138;1504;12304;1606;12322;HF;2024-02-26 12:00:00;2/28/2025
1203;4105;1421;12291;72;6437;HF;2021-03-15 12:00:00;3/31/2022
1204;4144;1421;12291;1606;12322;HF;2022-03-28 12:00:00;3/31/2023
1205;4199;1421;12291;196;7805;HF;2023-02-27 12:00:00;3/31/2024
1206;4117;1421;12291;1608;12324;HF;2024-02-19 12:00:00;3/31/2025
1207;4074;1740;12542;402;8369;HF;2021-10-04 12:00:00;11/30/2022
1208;4203;1740;12542;730;8985;HF;2022-10-31 12:00:00;11/30/2023
1209;4153;1740;12542;196;7805;HF;2023-10-23 12:00:00;11/30/2024
1210;4109;1740;12542;1608;12324;HF;2023-12-08 12:00:00;12/31/2024
1211;4124;243;7821;72;6437;HF;2021-04-26 12:00:00;6/30/2022
1212;4247;243;7821;402;8369;HF;2022-06-13 12:00:00;6/30/2023
1213;4159;243;7821;196;7805;HF;2023-04-17 12:00:00;6/30/2024
1214;4217;243;7821;1608;12324;HF;2024-03-11 12:00:00;3/31/2025
1215;4096;932;9901;72;6437;HF;2021-02-08 12:00:00;2/28/2022
1216;4079;932;9901;402;8369;HF;2022-02-07 12:00:00;2/28/2023
1217;4199;932;9901;196;7805;HF;2023-02-27 12:00:00;2/29/2024
1218;4212;932;9901;1608;12324;HF;2024-02-12 12:00:00;2/28/2025
1219;4130;922;9890;402;8369;HF;2021-06-29 12:00:00;6/30/2022
1220;4184;922;9890;402;8369;HF;2022-06-06 12:00:00;6/30/2023
1221;4159;922;9890;196;7805;HF;2023-04-17 12:00:00;6/30/2024
1222;4217;922;9890;1608;12324;HF;2024-03-11 12:00:00;3/31/2025
1223;4242;88;6441;249;7824;HF;2021-08-04 12:00:00;8/31/2022
1224;4193;88;6441;402;8369;HF;2022-06-20 12:00:00;8/31/2023
1225;4199;88;6441;196;7805;HF;2023-02-27 12:00:00;2/29/2024
1226;4212;88;6441;1608;12324;HF;2024-02-12 12:00:00;2/28/2025
1227;4164;6913;55002;1606;12322;HF;2022-03-10 12:00:00;3/31/2023
1228;4172;6913;55002;1557;12316;HF;2023-03-20 12:00:00;3/31/2024
1229;4117;6913;55002;1608;12324;HF;2024-02-19 12:00:00;3/31/2025
1230;4197;1423;12293;402;8369;HF;2021-02-01 12:00:00;2/28/2022
1231;4121;1423;12293;730;8985;HF;2022-01-31 12:00:00;2/28/2023
1232;4202;1423;12293;1557;12316;HF;2023-02-13 12:00:00;2/29/2024
1233;4212;1423;12293;1608;12324;HF;2024-02-12 12:00:00;2/28/2025
1234;4105;79;6439;72;6437;HF;2021-03-15 12:00:00;3/31/2022
1235;4079;79;6439;402;8369;HF;2022-02-07 12:00:00;3/31/2023
1236;4172;79;6439;1557;12316;HF;2023-03-20 12:00:00;3/31/2024
1237;4217;79;6439;1608;12324;HF;2024-03-11 12:00:00;3/31/2025
1238;4085;2207;12619;72;6437;HF;2021-02-22 12:00:00;2/28/2022
1239;4079;2207;12619;402;8369;HF;2022-02-07 12:00:00;2/28/2023
1240;4202;2207;12619;1557;12316;HF;2023-02-13 12:00:00;2/29/2024
1241;4212;2207;12619;1608;12324;HF;2024-02-12 12:00:00;2/28/2025
1242;4209;6365;44219;249;7824;HF;2022-02-21 12:00:00;2/28/2023
1243;4202;6365;44219;1557;12316;HF;2023-02-13 12:00:00;2/29/2024
1244;4212;6365;44219;1608;12324;HF;2024-02-12 12:00:00;2/28/2025
1245;4094;2839;22578;1606;12322;HF;2023-03-30 12:00:00;3/31/2024
1246;4117;2839;22578;1608;12324;HF;2024-02-19 12:00:00;3/31/2025
1247;4091;2018;12586;72;6437;HF;2021-11-08 12:00:00;12/31/2022
1248;4137;2018;12586;1606;12322;HF;2022-10-17 12:00:00;12/31/2023
1249;4111;2018;12586;1606;12322;HF;2023-03-24 12:00:00;3/31/2024
1250;4217;2018;12586;1608;12324;HF;2024-03-11 12:00:00;3/31/2025
1251;4125;273;8214;72;6437;HF;2021-11-01 12:00:00;11/30/2022
1252;4072;273;8214;1606;12322;HF;2022-11-07 12:00:00;11/30/2023
1253;4080;273;8214;1606;12322;HF;2023-03-03 12:00:00;3/31/2024
1254;4117;273;8214;1608;12324;HF;2024-02-19 12:00:00;3/31/2025
1255;4124;290;8222;72;6437;HF;2021-04-26 12:00:00;6/30/2022
1256;4193;290;8222;402;8369;HF;2022-06-20 12:00:00;6/30/2023
1257;4080;290;8222;1606;12322;HF;2023-03-03 12:00:00;3/31/2024
1258;4212;290;8222;1608;12324;HF;2024-02-12 12:00:00;3/31/2025
1259;4167;1488;12302;249;7824;HF;2021-04-05 12:00:00;6/30/2022
1260;4086;1488;12302;249;7824;HF;2022-04-11 12:00:00;6/30/2023
1261;4185;1488;12302;1606;12322;HF;2023-03-27 12:00:00;3/31/2024
1262;4217;1488;12302;1608;12324;HF;2024-03-11 12:00:00;3/31/2025
1263;4095;1702;12526;249;7824;HF;2022-04-18 12:00:00;4/30/2023
1264;4098;1702;12526;249;7824;HF;2022-09-19 12:00:00;9/30/2023
1265;4111;1702;12526;1606;12322;HF;2023-03-24 12:00:00;3/31/2024
1266;4217;1702;12526;1608;12324;HF;2024-03-11 12:00:00;3/31/2025
1267;4120;2795;22566;1608;12324;HF;2023-02-16 12:00:00;2/29/2024
1268;4117;2795;22566;1608;12324;HF;2024-02-19 12:00:00;2/28/2025
1269;4120;2811;22569;1608;12324;HF;2023-02-16 12:00:00;2/29/2024
1270;4212;2811;22569;1608;12324;HF;2024-02-12 12:00:00;2/28/2025
1271;4120;7063;44654;1608;12324;HF;2023-02-16 12:00:00;2/29/2024
1272;4092;7063;44654;1608;12324;HF;2023-10-30 12:00:00;10/31/2024
1273;4120;7055;44666;1608;12324;HF;2023-02-16 12:00:00;2/29/2024
1274;4212;7055;44666;1608;12324;HF;2024-02-12 12:00:00;2/28/2025
1275;4105;1945;12574;72;6437;HF;2021-03-15 12:00:00;3/31/2022
1276;4161;1945;12574;1606;12322;HF;2022-01-19 12:00:00;3/31/2023
1277;4248;1945;12574;730;8985;HF;2023-03-13 12:00:00;3/31/2024
1278;4217;1945;12574;1608;12324;HF;2024-03-11 12:00:00;3/31/2025
1279;4073;1683;12518;249;7824;HF;2021-03-29 12:00:00;3/31/2022
1280;4103;1683;12518;402;8369;HF;2022-02-28 12:00:00;3/31/2023
1281;4248;1683;12518;730;8985;HF;2023-03-13 12:00:00;3/31/2024
1282;4217;1683;12518;1608;12324;HF;2024-03-11 12:00:00;3/31/2025
1283;4174;1723;12540;249;7824;HF;2021-04-12 12:00:00;4/30/2022
1284;4103;1723;12540;402;8369;HF;2022-02-28 12:00:00;4/30/2023
1285;4248;1723;12540;730;8985;HF;2023-03-13 12:00:00;4/30/2024
1286;4217;1723;12540;1608;12324;HF;2024-03-11 12:00:00;4/30/2025
1287;4228;1841;12558;72;6437;HF;2021-03-22 12:00:00;3/31/2022
1288;4146;1841;12558;1606;12322;HF;2022-02-14 12:00:00;3/31/2023
1289;4250;1841;12558;730;8985;HF;2023-02-20 12:00:00;3/31/2024
1290;4117;1841;12558;1608;12324;HF;2024-02-19 12:00:00;3/31/2025
1291;4123;148;7297;402;8369;HF;2021-06-14 12:00:00;6/30/2022
1292;4164;148;7297;1606;12322;HF;2022-03-10 12:00:00;3/31/2023
1293;4248;148;7297;730;8985;HF;2023-03-13 12:00:00;3/31/2024
1294;4217;148;7297;1608;12324;HF;2024-03-11 12:00:00;3/31/2025
1295;4229;1901;12568;402;8369;HF;2021-03-08 12:00:00;3/31/2022
1296;4146;1901;12568;1606;12322;HF;2022-02-14 12:00:00;3/31/2023
1297;4250;1901;12568;730;8985;HF;2023-02-20 12:00:00;3/31/2024
1298;4217;1901;12568;1608;12324;HF;2024-03-11 12:00:00;3/31/2025
1299;4085;235;7816;72;6437;HF;2021-02-22 12:00:00;2/28/2022
1300;4121;235;7816;730;8985;HF;2022-01-31 12:00:00;2/28/2023
1301;4170;235;7816;730;8985;HF;2023-01-23 12:00:00;2/29/2024
1302;4212;235;7816;1608;12324;HF;2024-02-12 12:00:00;2/28/2025
1303;4085;385;8361;72;6437;HF;2021-02-22 12:00:00;2/28/2022
1304;4121;385;8361;730;8985;HF;2022-01-31 12:00:00;2/28/2023
1305;4170;385;8361;730;8985;HF;2023-01-23 12:00:00;2/29/2024
1306;4212;385;8361;1608;12324;HF;2024-02-12 12:00:00;2/28/2025
1307;4177;1931;12573;402;8369;HF;2021-02-15 12:00:00;2/28/2022
1308;4121;1931;12573;730;8985;HF;2022-01-31 12:00:00;2/28/2023
1309;4170;1931;12573;730;8985;HF;2023-01-23 12:00:00;2/28/2024
1310;4109;1931;12573;1608;12324;HF;2023-12-08 12:00:00;2/28/2025
1311;4197;1884;12567;402;8369;HF;2021-02-01 12:00:00;2/28/2022
1312;4147;1884;12567;402;8369;HF;2022-02-03 12:00:00;2/28/2023
1313;4250;1884;12567;730;8985;HF;2023-02-20 12:00:00;2/29/2024
1314;4117;1884;12567;1608;12324;HF;2024-02-19 12:00:00;2/28/2025
1315;4209;6320;44210;249;7824;HF;2022-02-21 12:00:00;2/28/2023
1316;4170;6320;44210;730;8985;HF;2023-01-23 12:00:00;2/29/2024
1317;4117;6320;44210;1608;12324;HF;2024-02-19 12:00:00;2/28/2025
1318;4209;6334;44211;249;7824;HF;2022-02-21 12:00:00;2/28/2023
1319;4170;6334;44211;730;8985;HF;2023-01-23 12:00:00;2/29/2024
1320;4117;6334;44211;1608;12324;HF;2024-02-19 12:00:00;2/28/2025
1321;4228;6916;22222;72;6437;HF;2021-03-22 12:00:00;3/31/2022
1322;4161;6916;22222;1606;12322;HF;2022-01-19 12:00:00;3/31/2023
1323;4243;6916;22222;402;8369;HF;2023-02-06 12:00:00;3/31/2024
1324;4117;6916;22222;1608;12324;HF;2024-02-19 12:00:00;3/31/2025
1325;4228;2582;22226;72;6437;HF;2021-03-22 12:00:00;3/31/2022
1326;4161;2582;22226;1606;12322;HF;2022-01-19 12:00:00;3/31/2023
1327;4243;2582;22226;402;8369;HF;2023-02-06 12:00:00;3/31/2024
1328;4212;2582;22226;1608;12324;HF;2024-02-12 12:00:00;3/31/2025
1329;4085;844;9425;72;6437;HF;2021-02-22 12:00:00;2/28/2022
1330;4121;844;9425;730;8985;HF;2022-01-31 12:00:00;2/28/2023
1331;4150;844;9425;402;8369;HF;2023-01-30 12:00:00;2/29/2024
1332;4117;844;9425;1608;12324;HF;2024-02-19 12:00:00;2/28/2025
1333;4197;2454;12802;402;8369;HF;2021-02-01 12:00:00;2/28/2022
1334;4121;2454;12802;730;8985;HF;2022-01-31 12:00:00;2/28/2023
1335;4216;2454;12802;402;8369;HF;2023-01-16 12:00:00;2/29/2024
1336;4109;2454;12802;1608;12324;HF;2023-12-08 12:00:00;2/28/2025
1337;4073;1883;12565;249;7824;HF;2021-03-29 12:00:00;3/31/2022
1338;4121;1883;12565;730;8985;HF;2022-01-31 12:00:00;3/31/2023
1339;4218;1883;12565;402;8369;HF;2023-03-27 12:00:00;3/31/2024
1340;4217;1883;12565;1608;12324;HF;2024-03-11 12:00:00;3/31/2025
1341;4103;2188;12617;402;8369;HF;2022-02-28 12:00:00;2/28/2023
1342;4216;2188;12617;402;8369;HF;2023-01-16 12:00:00;2/29/2024
1343;4212;2188;12617;1608;12324;HF;2024-02-12 12:00:00;2/28/2025
1344;4096;282;8221;72;6437;HF;2021-02-08 12:00:00;2/28/2022
1345;4238;282;8221;402;8369;HF;2022-01-24 12:00:00;2/28/2023
1346;4133;282;8221;402;8369;HF;2023-02-08 12:00:00;2/29/2024
1347;4117;282;8221;1608;12324;HF;2024-02-19 12:00:00;2/28/2025
1348;4227;1916;12570;72;6437;HF;2021-05-17 12:00:00;6/30/2022
1349;4147;1916;12570;402;8369;HF;2022-02-03 12:00:00;2/28/2023
1350;4150;1916;12570;402;8369;HF;2023-01-30 12:00:00;2/29/2024
1351;4212;1916;12570;1608;12324;HF;2024-02-12 12:00:00;2/28/2025
1352;4112;476;8716;402;8369;HF;2021-10-25 12:00:00;12/31/2022
1353;4126;476;8716;402;8369;HF;2022-03-11 12:00:00;3/31/2023
1354;4218;476;8716;402;8369;HF;2023-03-27 12:00:00;3/31/2024
1355;4217;476;8716;1608;12324;HF;2024-03-11 12:00:00;3/31/2025
1356;4174;764;9403;249;7824;HF;2021-04-12 12:00:00;6/30/2022
1357;4193;764;9403;402;8369;HF;2022-06-20 12:00:00;6/30/2023
1358;4218;764;9403;402;8369;HF;2023-03-27 12:00:00;3/31/2024
1359;4217;764;9403;1608;12324;HF;2024-03-11 12:00:00;3/31/2025
1360;4209;6364;44218;249;7824;HF;2022-02-21 12:00:00;2/28/2023
1361;4106;6364;44218;402;8369;HF;2023-03-03 12:00:00;3/31/2024
1362;4212;6364;44218;1608;12324;HF;2024-02-12 12:00:00;3/31/2025
1363;4209;6387;44221;249;7824;HF;2022-02-21 12:00:00;2/28/2023
1364;4106;6387;44221;402;8369;HF;2023-03-03 12:00:00;3/31/2024
1365;4117;6387;44221;1608;12324;HF;2024-02-19 12:00:00;3/31/2025
1366;4209;6399;44222;249;7824;HF;2022-02-21 12:00:00;2/28/2023
1367;4106;6399;44222;402;8369;HF;2023-03-03 12:00:00;3/31/2024
1368;4212;6399;44222;1608;12324;HF;2024-02-12 12:00:00;3/31/2025
1369;4105;2046;12590;72;6437;HF;2021-03-15 12:00:00;3/31/2022
1370;4161;2046;12590;1606;12322;HF;2022-01-19 12:00:00;3/31/2023
1371;4199;2046;12590;196;7805;HF;2023-02-27 12:00:00;3/31/2024
1372;4226;2046;12590;730;8985;HF;2023-10-05 12:00:00;10/31/2024
1373;4083;2387;12734;249;7824;HF;2021-11-29 12:00:00;1/31/2023
1374;4189;2387;12734;730;8985;HF;2022-12-05 12:00:00;1/31/2024
1375;4115;2387;12734;1608;12324;HF;2023-10-16 12:00:00;10/31/2024
1376;4245;2387;12734;730;8985;HF;2023-12-27 12:00:00;12/31/2024
1377;4252;2258;12642;249;7824;HF;2021-05-10 12:00:00;6/30/2022
1378;4122;2258;12642;1606;12322;HF;2022-05-30 12:00:00;6/30/2023
1379;4154;2258;12642;402;8369;HF;2023-06-19 12:00:00;6/30/2024
1380;4245;2258;12642;730;8985;HF;2023-12-27 12:00:00;12/31/2024
1381;4125;477;8717;72;6437;HF;2021-11-01 12:00:00;1/31/2023
1382;4189;477;8717;730;8985;HF;2022-12-05 12:00:00;1/31/2024
1383;4215;477;8717;402;8369;HF;2024-01-15 12:00:00;1/31/2025
1384;4085;684;8969;72;6437;HF;2021-02-22 12:00:00;2/28/2022
1385;4238;684;8969;402;8369;HF;2022-01-24 12:00:00;2/28/2023
1386;4199;684;8969;196;7805;HF;2023-02-27 12:00:00;2/29/2024
1387;4215;684;8969;402;8369;HF;2024-01-15 12:00:00;2/28/2025
1388;4167;1518;12309;249;7824;HF;2021-04-05 12:00:00;4/30/2022
1389;4144;1518;12309;1606;12322;HF;2022-03-28 12:00:00;4/30/2023
1390;4172;1518;12309;1557;12316;HF;2023-03-20 12:00:00;4/30/2024
1391;4107;1518;12309;402;8369;HF;2024-03-04 12:00:00;4/30/2025
1392;4105;1724;12541;72;6437;HF;2021-03-15 12:00:00;3/31/2022
1393;4136;1724;12541;402;8369;HF;2022-03-14 12:00:00;3/31/2023
1394;4172;1724;12541;1557;12316;HF;2023-03-20 12:00:00;3/31/2024
1395;4127;1724;12541;402;8369;HF;2024-01-25 12:00:00;3/31/2025
1396;4073;769;9406;249;7824;HF;2021-03-29 12:00:00;3/31/2022
1397;4136;769;9406;402;8369;HF;2022-03-14 12:00:00;3/31/2023
1398;4202;769;9406;1557;12316;HF;2023-02-13 12:00:00;3/31/2024
1399;4215;769;9406;402;8369;HF;2024-01-15 12:00:00;3/31/2025
1400;4169;6338;44216;249;7824;HF;2022-02-23 12:00:00;2/28/2023
1401;4202;6338;44216;1557;12316;HF;2023-02-13 12:00:00;2/29/2024
1402;4215;6338;44216;402;8369;HF;2024-01-15 12:00:00;2/28/2025
1403;4083;2556;13203;249;7824;HF;2021-11-29 12:00:00;12/31/2022
1404;4072;2556;13203;1606;12322;HF;2022-11-07 12:00:00;12/31/2023
1405;4231;2556;13203;1606;12322;HF;2023-12-18 12:00:00;12/31/2024
1406;4145;2556;13203;402;8369;HF;2024-03-26 12:00:00;3/31/2025
1407;4213;6909;44408;730;8985;HF;2022-06-08 12:00:00;6/30/2023
1408;4139;6909;44408;1606;12322;HF;2023-02-15 12:00:00;2/29/2024
1409;4215;6909;44408;402;8369;HF;2024-01-15 12:00:00;2/28/2025
1410;4128;1689;12519;72;6437;HF;2021-09-27 12:00:00;9/30/2022
1411;4104;1689;12519;402;8369;HF;2022-09-26 12:00:00;9/30/2023
1412;4139;1689;12519;1606;12322;HF;2023-02-15 12:00:00;2/29/2024
1413;4215;1689;12519;402;8369;HF;2024-01-15 12:00:00;2/28/2025
1414;4156;2537;13197;402;8369;HF;2021-11-22 12:00:00;12/31/2022
1415;4129;2537;13197;402;8369;HF;2022-11-14 12:00:00;12/31/2023
1416;4180;2537;13197;1606;12322;HF;2023-11-27 12:00:00;12/31/2024
1417;4145;2537;13197;402;8369;HF;2024-03-26 12:00:00;3/31/2025
1418;4195;7076;44718;1606;12322;HF;2022-11-09 12:00:00;11/30/2023
1419;4220;7076;44718;1606;12322;HF;2023-10-02 12:00:00;11/30/2024
1420;4186;7076;44718;402;8369;HF;2024-03-01 12:00:00;3/31/2025
1421;4091;2198;12618;72;6437;HF;2021-11-08 12:00:00;12/31/2022
1422;4203;2198;12618;730;8985;HF;2022-10-31 12:00:00;12/31/2023
1423;4111;2198;12618;1606;12322;HF;2023-03-24 12:00:00;3/31/2024
1424;4107;2198;12618;402;8369;HF;2024-03-04 12:00:00;3/31/2025
1425;4149;1958;12575;249;7824;HF;2021-12-06 12:00:00;1/31/2023
1426;4140;1958;12575;730;8985;HF;2022-11-28 12:00:00;1/31/2024
1427;4116;1958;12575;1606;12322;HF;2024-01-29 12:00:00;1/31/2025
1428;4145;1958;12575;402;8369;HF;2024-03-26 12:00:00;3/31/2025
1429;4120;6936;44539;1608;12324;HF;2023-02-16 12:00:00;2/29/2024
1430;4186;6936;44539;402;8369;HF;2024-03-01 12:00:00;3/31/2025
1431;4120;7078;44767;1608;12324;HF;2023-02-16 12:00:00;2/29/2024
1432;4186;7078;44767;402;8369;HF;2024-03-01 12:00:00;3/31/2025
1433;4178;7079;44788;1608;12324;HF;2023-05-12 12:00:00;5/31/2024
1434;4186;7079;44788;402;8369;HF;2024-03-01 12:00:00;5/31/2025
1435;4178;7080;44789;1608;12324;HF;2023-05-12 12:00:00;5/31/2024
1436;4186;7080;44789;402;8369;HF;2024-03-01 12:00:00;5/31/2025
1437;4120;7087;44797;1608;12324;HF;2023-02-16 12:00:00;2/29/2024
1438;4186;7087;44797;402;8369;HF;2024-03-01 12:00:00;3/31/2025
1439;4074;1718;12539;402;8369;HF;2021-10-04 12:00:00;11/30/2022
1440;4137;1718;12539;1606;12322;HF;2022-10-17 12:00:00;11/30/2023
1441;4115;1718;12539;1608;12324;HF;2023-10-16 12:00:00;11/30/2024
1442;4127;1718;12539;402;8369;HF;2024-01-25 12:00:00;1/31/2025
1443;4195;7074;44711;1606;12322;HF;2022-11-09 12:00:00;11/30/2023
1444;4092;7074;44711;1608;12324;HF;2023-10-30 12:00:00;11/30/2024
1445;4145;7074;44711;402;8369;HF;2024-03-26 12:00:00;3/31/2025
1446;4119;7086;44796;1606;12322;HF;2022-12-05 12:00:00;12/31/2023
1447;4077;7086;44796;1608;12324;HF;2023-09-11 12:00:00;9/30/2024
1448;4186;7086;44796;402;8369;HF;2024-03-01 12:00:00;3/31/2025
1449;4156;2573;13207;402;8369;HF;2021-11-22 12:00:00;12/31/2022
1450;4203;2573;13207;730;8985;HF;2022-10-31 12:00:00;12/31/2023
1451;4077;2573;13207;1608;12324;HF;2023-09-11 12:00:00;9/30/2024
1452;4145;2573;13207;402;8369;HF;2024-03-26 12:00:00;3/31/2025
1453;4181;1825;12554;249;7824;HF;2021-05-03 12:00:00;6/30/2022
1454;4191;1825;12554;730;8985;HF;2022-04-25 12:00:00;6/30/2023
1455;4235;1825;12554;1608;12324;HF;2023-04-03 12:00:00;6/30/2024
1456;4145;1825;12554;402;8369;HF;2024-03-26 12:00:00;3/31/2025
1457;4074;2227;12630;402;8369;HF;2021-10-04 12:00:00;10/31/2022
1458;4098;2227;12630;249;7824;HF;2022-09-19 12:00:00;10/31/2023
1459;4115;2227;12630;1608;12324;HF;2023-10-16 12:00:00;10/31/2024
1460;4190;2227;12630;402;8369;HF;2023-11-24 12:00:00;11/30/2024
1461;4105;694;8973;72;6437;HF;2021-03-15 12:00:00;3/31/2022
1462;4144;694;8973;1606;12322;HF;2022-03-28 12:00:00;3/31/2023
1463;4170;694;8973;730;8985;HF;2023-01-23 12:00:00;3/31/2024
1464;4215;694;8973;402;8369;HF;2024-01-15 12:00:00;3/31/2025
1465;4105;2300;12709;72;6437;HF;2021-03-15 12:00:00;3/31/2022
1466;4161;2300;12709;1606;12322;HF;2022-01-19 12:00:00;3/31/2023
1467;4250;2300;12709;730;8985;HF;2023-02-20 12:00:00;3/31/2024
1468;4145;2300;12709;402;8369;HF;2024-03-26 12:00:00;3/31/2025
1469;4085;756;9401;72;6437;HF;2021-02-22 12:00:00;2/28/2022
1470;4121;756;9401;730;8985;HF;2022-01-31 12:00:00;2/28/2023
1471;4250;756;9401;730;8985;HF;2023-02-20 12:00:00;2/29/2024
1472;4215;756;9401;402;8369;HF;2024-01-15 12:00:00;2/28/2025
1473;4128;1690;12521;72;6437;HF;2021-09-27 12:00:00;9/30/2022
1474;4239;1690;12521;730;8985;HF;2022-09-12 12:00:00;9/30/2023
1475;4211;1690;12521;730;8985;HF;2023-07-03 12:00:00;9/30/2024
1476;4127;1690;12521;402;8369;HF;2024-01-25 12:00:00;1/31/2025
1477;4192;80;6440;72;6437;HF;2021-06-21 12:00:00;6/30/2022
1478;4164;80;6440;1606;12322;HF;2022-03-10 12:00:00;3/31/2023
1479;4218;80;6440;402;8369;HF;2023-03-27 12:00:00;3/31/2024
1480;4158;80;6440;402;8369;HF;2024-04-01 12:00:00;4/30/2025
1481;4252;2284;12649;249;7824;HF;2021-05-10 12:00:00;6/30/2022
1482;4122;2284;12649;1606;12322;HF;2022-05-30 12:00:00;6/30/2023
1483;4154;2284;12649;402;8369;HF;2023-06-19 12:00:00;6/30/2024
1484;4190;2284;12649;402;8369;HF;2023-11-24 12:00:00;11/30/2024
1485;4090;2566;13206;402;8369;HF;2021-10-18 12:00:00;12/31/2022
1486;4203;2566;13206;730;8985;HF;2022-10-31 12:00:00;12/31/2023
1487;4221;2566;13206;402;8369;HF;2023-09-18 12:00:00;9/30/2024
1488;4145;2566;13206;402;8369;HF;2024-03-26 12:00:00;3/31/2025
1489;4083;1862;12561;249;7824;HF;2021-11-29 12:00:00;1/31/2023
1490;4140;1862;12561;730;8985;HF;2022-11-28 12:00:00;1/31/2024
1491;4160;1862;12561;402;8369;HF;2023-12-11 12:00:00;1/31/2025
1492;4145;1862;12561;402;8369;HF;2024-03-26 12:00:00;3/31/2025
1493;4149;1959;12576;249;7824;HF;2021-12-06 12:00:00;1/31/2023
1494;4140;1959;12576;730;8985;HF;2022-11-28 12:00:00;1/31/2024
1495;4160;1959;12576;402;8369;HF;2023-12-11 12:00:00;1/31/2025
1496;4127;1959;12576;402;8369;HF;2024-01-25 12:00:00;1/31/2025
1497;4083;2017;12585;249;7824;HF;2021-11-29 12:00:00;1/31/2023
1498;4140;2017;12585;730;8985;HF;2022-11-28 12:00:00;1/31/2024
1499;4160;2017;12585;402;8369;HF;2023-12-11 12:00:00;1/31/2025
1500;4127;2017;12585;402;8369;HF;2024-01-25 12:00:00;1/31/2025
1501;4177;394;8366;402;8369;HF;2021-02-15 12:00:00;2/28/2022
1502;4194;394;8366;730;8985;HF;2022-02-21 12:00:00;2/28/2023
1503;4243;394;8366;402;8369;HF;2023-02-06 12:00:00;2/29/2024
1504;4215;394;8366;402;8369;HF;2024-01-15 12:00:00;2/28/2025
1505;4192;805;9415;72;6437;HF;2021-06-21 12:00:00;7/31/2022
1506;4247;805;9415;402;8369;HF;2022-06-13 12:00:00;7/31/2023
1507;4222;805;9415;402;8369;HF;2023-04-10 12:00:00;4/30/2024
1508;4107;805;9415;402;8369;HF;2024-03-04 12:00:00;4/30/2025
1509;4096;1993;12584;72;6437;HF;2021-02-08 12:00:00;2/28/2022
1510;4238;1993;12584;402;8369;HF;2022-01-24 12:00:00;2/28/2023
1511;4150;1993;12584;402;8369;HF;2023-01-30 12:00:00;2/29/2024
1512;4215;1993;12584;402;8369;HF;2024-01-15 12:00:00;2/28/2025
1513;4229;360;8328;402;8369;HF;2021-03-08 12:00:00;3/31/2022
1514;4234;360;8328;402;8369;HF;2022-03-07 12:00:00;3/31/2023
1515;4218;360;8328;402;8369;HF;2023-03-27 12:00:00;3/31/2024
1516;4107;360;8328;402;8369;HF;2024-03-04 12:00:00;3/31/2025
1517;4229;955;10000;402;8369;HF;2021-03-08 12:00:00;3/31/2022
1518;4136;955;10000;402;8369;HF;2022-03-14 12:00:00;3/31/2023
1519;4218;955;10000;402;8369;HF;2023-03-27 12:00:00;3/31/2024
1520;4107;955;10000;402;8369;HF;2024-03-04 12:00:00;3/31/2025
1521;4177;1930;12572;402;8369;HF;2021-02-15 12:00:00;2/28/2022
1522;4079;1930;12572;402;8369;HF;2022-02-07 12:00:00;2/28/2023
1523;4216;1930;12572;402;8369;HF;2023-01-16 12:00:00;2/29/2024
1524;4127;1930;12572;402;8369;HF;2024-01-25 12:00:00;2/28/2025
1525;4113;2173;12613;402;8369;HF;2021-06-08 12:00:00;7/31/2022
1526;4147;2173;12613;402;8369;HF;2022-02-03 12:00:00;2/28/2023
1527;4243;2173;12613;402;8369;HF;2023-02-06 12:00:00;2/29/2024
1528;4186;2173;12613;402;8369;HF;2024-03-01 12:00:00;3/31/2025
1529;4167;1716;12537;249;7824;HF;2021-04-05 12:00:00;4/30/2022
1530;4136;1716;12537;402;8369;HF;2022-03-14 12:00:00;4/30/2023
1531;4218;1716;12537;402;8369;HF;2023-03-27 12:00:00;4/30/2024
1532;4127;1716;12537;402;8369;HF;2024-01-25 12:00:00;1/31/2025
1533;4205;219;7810;249;7824;HF;2021-05-19 12:00:00;6/30/2022
1534;4086;219;7810;249;7824;HF;2022-04-11 12:00:00;6/30/2023
1535;4216;219;7810;402;8369;HF;2023-01-16 12:00:00;1/31/2024
1536;4215;219;7810;402;8369;HF;2024-01-15 12:00:00;1/31/2025
1537;4195;7073;44708;1606;12322;HF;2022-11-09 12:00:00;11/30/2023
1538;4101;7073;44708;1441;12297;HF;2023-10-09 12:00:00;11/30/2024
1539;4145;7073;44708;402;8369;HF;2024-03-26 12:00:00;3/31/2025
1540;4195;7075;44714;1606;12322;HF;2022-11-09 12:00:00;11/30/2023
1541;4101;7075;44714;1441;12297;HF;2023-10-09 12:00:00;11/30/2024
1542;4145;7075;44714;402;8369;HF;2024-03-26 12:00:00;3/31/2025
1543;4195;7077;44762;1606;12322;HF;2022-11-09 12:00:00;11/30/2023
1544;4101;7077;44762;1441;12297;HF;2023-10-09 12:00:00;11/30/2024
1545;4186;7077;44762;402;8369;HF;2024-03-01 12:00:00;3/31/2025
1546;4152;7067;22930;1441;12297;HF;2024-01-03 12:00:00;1/31/2025
1547;4152;7068;22931;1441;12297;HF;2024-01-03 12:00:00;1/31/2025
1548;4079;2464;12963;402;8369;HF;2022-02-07 12:00:00;2/28/2023
1549;4219;2464;12963;1441;12297;HF;2024-01-02 12:00:00;1/31/2025
