id;oldButeeDate;traineeId;lineCheckId;evaluationId;isLongAbsence;isLongAbsenceControl;isPresent;moringPresence;afternoonPresence
1;2023-05-31 12:00:00;2173;1;;0;0;1;0;0
2;2024-08-31 12:00:00;2222;2;;0;0;1;0;0
3;2022-08-31 12:00:00;2207;3;;0;0;1;0;0
4;2023-08-31 12:00:00;2207;4;;0;0;1;0;0
5;2024-08-31 12:00:00;2207;5;;0;0;1;0;0
6;2023-12-31 12:00:00;291;6;;0;0;1;0;0
7;2024-12-31 12:00:00;291;7;;0;0;1;0;0
8;2022-07-31 12:00:00;6937;8;;0;0;1;0;0
9;2023-07-31 12:00:00;6937;9;;0;0;1;0;0
10;2024-07-31 12:00:00;6937;5;;0;0;1;0;0
11;2023-12-31 12:00:00;218;10;;0;0;1;0;0
12;2024-12-31 12:00:00;218;11;;0;0;1;0;0
13;2022-12-31 12:00:00;1958;12;;0;0;1;0;0
14;2023-12-31 12:00:00;1958;13;;0;0;1;0;0
15;2024-12-31 12:00:00;1958;11;;0;0;1;0;0
16;2023-01-31 12:00:00;1741;14;;0;0;1;0;0
17;2024-01-31 12:00:00;1741;15;;0;0;1;0;0
18;2025-01-31 12:00:00;1741;7;;0;0;1;0;0
19;2024-04-30 12:00:00;1670;16;;0;0;1;0;0
20;2024-09-30 12:00:00;1993;17;;0;0;1;0;0
21;2024-06-30 12:00:00;2148;18;;0;0;1;0;0
22;2024-07-31 12:00:00;6940;19;;0;0;1;0;0
23;2024-10-31 12:00:00;7055;20;;0;0;1;0;0
24;2024-11-30 12:00:00;7070;21;;0;0;1;0;0
25;2024-11-30 12:00:00;7071;22;;0;0;1;0;0
26;2024-11-30 12:00:00;7073;23;;0;0;1;0;0
27;2022-08-31 12:00:00;662;24;;0;0;1;0;0
28;2023-08-31 12:00:00;662;25;;0;0;1;0;0
29;2024-09-30 12:00:00;662;26;;0;0;1;0;0
30;2022-07-31 12:00:00;768;27;;0;0;1;0;0
31;2023-07-31 12:00:00;768;28;;0;0;1;0;0
32;2024-07-31 12:00:00;768;29;;0;0;1;0;0
33;2022-07-31 12:00:00;676;30;;0;0;1;0;0
34;2023-07-31 12:00:00;676;31;;0;0;1;0;0
35;2024-07-31 12:00:00;676;32;;0;0;1;0;0
36;2022-07-31 12:00:00;705;33;;0;0;1;0;0
37;2023-07-31 12:00:00;705;34;;0;0;1;0;0
38;2024-07-31 12:00:00;705;35;;0;0;1;0;0
39;2022-06-30 12:00:00;2518;36;;0;0;1;0;0
40;2023-06-30 12:00:00;2518;37;;0;0;1;0;0
41;2024-06-30 12:00:00;2518;29;;0;0;1;0;0
42;2022-07-31 12:00:00;434;38;;0;0;1;0;0
43;2023-07-31 12:00:00;434;39;;0;0;1;0;0
44;2024-07-31 12:00:00;434;40;;0;0;1;0;0
45;2022-08-31 12:00:00;484;41;;0;0;1;0;0
46;2023-08-31 12:00:00;484;42;;0;0;1;0;0
47;2024-08-31 12:00:00;484;43;;0;0;1;0;0
48;2024-06-30 12:00:00;6737;44;;0;0;1;0;0
49;2024-12-31 12:00:00;6929;45;;0;0;1;0;0
50;2022-06-30 12:00:00;2538;46;;0;0;1;0;0
51;2023-06-30 12:00:00;2538;47;;0;0;1;0;0
52;2024-06-30 12:00:00;2538;48;;0;0;1;0;0
53;2022-08-31 12:00:00;2527;49;;0;0;1;0;0
54;2023-08-31 12:00:00;2527;50;;0;0;1;0;0
55;2024-08-31 12:00:00;2527;51;;0;0;1;0;0
56;2022-07-31 12:00:00;1614;52;;0;0;1;0;0
57;2023-07-31 12:00:00;1614;53;;0;0;1;0;0
58;2024-07-31 12:00:00;1614;54;;0;0;1;0;0
59;2022-09-30 12:00:00;2286;55;;0;0;1;0;0
60;2023-09-30 12:00:00;2286;56;;0;0;1;0;0
61;2024-09-30 12:00:00;2286;57;;0;0;1;0;0
62;2022-10-31 12:00:00;1536;58;;0;0;1;0;0
63;2023-10-31 12:00:00;1536;59;;0;0;1;0;0
64;2024-10-31 12:00:00;1536;60;;0;0;1;0;0
65;2022-06-30 12:00:00;1652;61;;0;0;1;0;0
66;2023-06-30 12:00:00;1652;62;;0;0;1;0;0
67;2024-06-30 12:00:00;1652;63;;0;0;1;0;0
68;2022-10-31 12:00:00;401;64;;0;0;1;0;0
69;2023-10-31 12:00:00;401;65;;0;0;1;0;0
70;2024-10-31 12:00:00;401;66;;0;0;1;0;0
71;2022-06-30 12:00:00;2282;67;;0;0;1;0;0
72;2023-06-30 12:00:00;2282;39;;0;0;1;0;0
73;2024-06-30 12:00:00;2282;68;;0;0;1;0;0
74;2022-07-31 12:00:00;528;69;;0;0;1;0;0
75;2023-07-31 12:00:00;528;70;;0;0;1;0;0
76;2024-07-31 12:00:00;528;71;;0;0;1;0;0
77;2022-12-31 12:00:00;6916;72;;0;0;1;0;0
78;2023-12-31 12:00:00;6916;73;;0;0;1;0;0
79;2024-12-31 12:00:00;6916;60;;0;0;1;0;0
80;2022-10-31 12:00:00;932;74;;0;0;1;0;0
81;2023-10-31 12:00:00;932;75;;0;0;1;0;0
82;2024-10-31 12:00:00;932;76;;0;0;1;0;0
83;2022-11-30 12:00:00;2475;77;;0;0;1;0;0
84;2023-12-31 12:00:00;2475;78;;0;0;1;0;0
85;2024-12-31 12:00:00;2475;76;;0;0;1;0;0
86;2023-09-30 12:00:00;1456;79;;0;0;1;0;0
87;2024-09-30 12:00:00;1456;80;;0;0;1;0;0
88;2022-11-30 12:00:00;493;81;;0;0;1;0;0
89;2023-11-30 12:00:00;493;82;;0;0;1;0;0
90;2024-11-30 12:00:00;493;83;;0;0;1;0;0
91;2023-01-31 12:00:00;2510;84;;0;0;1;0;0
92;2024-01-31 12:00:00;2510;85;;0;0;1;0;0
93;2025-01-31 12:00:00;2510;86;;0;0;1;0;0
94;2022-12-31 12:00:00;1572;87;;0;0;1;0;0
95;2023-12-31 12:00:00;1572;88;;0;0;1;0;0
96;2024-12-31 12:00:00;1572;86;;0;0;1;0;0
97;2022-01-31 12:00:00;2574;89;;0;0;1;0;0
98;2024-02-29 12:00:00;2574;90;;0;0;1;0;0
99;2025-02-28 12:00:00;2574;91;;0;0;1;0;0
100;2022-12-31 12:00:00;694;92;;0;0;1;0;0
101;2023-12-31 12:00:00;694;93;;0;0;1;0;0
102;2024-12-31 12:00:00;694;91;;0;0;1;0;0
103;2024-05-31 12:00:00;511;94;;0;0;1;0;0
104;2022-12-31 12:00:00;844;95;;0;0;1;0;0
105;2023-12-31 12:00:00;844;96;;0;0;1;0;0
106;2024-12-31 12:00:00;844;97;;0;0;1;0;0
107;2024-06-30 12:00:00;2045;98;;0;0;1;0;0
108;2022-07-31 12:00:00;116;99;;0;0;1;0;0
109;2023-07-31 12:00:00;116;100;;0;0;1;0;0
110;2024-07-31 12:00:00;116;101;;0;0;1;0;0
111;2022-06-30 12:00:00;351;102;;0;0;1;0;0
112;2023-06-30 12:00:00;351;103;;0;0;1;0;0
113;2024-06-30 12:00:00;351;104;;0;0;1;0;0
114;2022-08-31 12:00:00;1808;105;;0;0;1;0;0
115;2023-08-31 12:00:00;1808;106;;0;0;1;0;0
116;2024-08-31 12:00:00;1808;101;;0;0;1;0;0
117;2023-05-31 12:00:00;148;107;;0;0;1;0;0
118;2024-05-31 12:00:00;148;108;;0;0;1;0;0
119;2022-12-31 12:00:00;2239;109;;0;0;1;0;0
120;2023-12-31 12:00:00;2239;110;;0;0;1;0;0
121;2024-12-31 12:00:00;2239;111;;0;0;1;0;0
122;2022-06-30 12:00:00;2257;112;;0;0;1;0;0
123;2023-06-30 12:00:00;2257;113;;0;0;1;0;0
124;2024-07-31 12:00:00;2257;114;;0;0;1;0;0
125;2022-07-31 12:00:00;2511;115;;0;0;1;0;0
126;2023-07-31 12:00:00;2511;28;;0;0;1;0;0
127;2024-07-31 12:00:00;2511;116;;0;0;1;0;0
128;2022-10-31 12:00:00;2435;117;;0;0;1;0;0
129;2023-10-31 12:00:00;2435;118;;0;0;1;0;0
130;2024-10-31 12:00:00;2435;119;;0;0;1;0;0
131;2022-07-31 12:00:00;928;120;;0;0;1;0;0
132;2023-07-31 12:00:00;928;121;;0;0;1;0;0
133;2024-07-31 12:00:00;928;122;;0;0;1;0;0
134;2022-11-30 12:00:00;1976;123;;0;0;1;0;0
135;2023-11-30 12:00:00;1976;124;;0;0;1;0;0
136;2024-11-30 12:00:00;1976;111;;0;0;1;0;0
137;2022-09-30 12:00:00;800;125;;0;0;1;0;0
138;2023-09-30 12:00:00;800;126;;0;0;1;0;0
139;2024-09-30 12:00:00;800;127;;0;0;1;0;0
140;2024-04-30 12:00:00;282;128;;0;0;1;0;0
141;2023-06-30 12:00:00;242;129;;0;0;1;0;0
142;2024-06-30 12:00:00;242;130;;0;0;1;0;0
143;2022-12-31 12:00:00;1842;131;;0;0;1;0;0
144;2023-06-30 12:00:00;1842;132;;0;0;1;0;0
145;2024-06-30 12:00:00;1842;133;;0;0;1;0;0
146;2024-05-31 12:00:00;273;134;;0;0;1;0;0
147;2022-05-31 12:00:00;2300;135;;0;0;1;0;0
148;2023-05-31 12:00:00;2300;136;;0;0;1;0;0
149;2024-05-31 12:00:00;2300;137;;0;0;1;0;0
150;2023-06-30 12:00:00;235;138;;0;0;1;0;0
151;2024-06-30 12:00:00;235;139;;0;0;1;0;0
152;2022-07-31 12:00:00;2063;140;;0;0;1;0;0
153;2023-07-31 12:00:00;2063;9;;0;0;1;0;0
154;2024-07-31 12:00:00;2063;141;;0;0;1;0;0
155;2023-05-31 12:00:00;154;142;;0;0;1;0;0
156;2024-05-31 12:00:00;154;143;;0;0;1;0;0
157;2022-07-31 12:00:00;147;144;;0;0;1;0;0
158;2023-07-31 12:00:00;147;106;;0;0;1;0;0
159;2024-07-31 12:00:00;147;145;;0;0;1;0;0
160;2022-06-30 12:00:00;139;146;;0;0;1;0;0
161;2023-06-30 12:00:00;139;147;;0;0;1;0;0
162;2024-06-30 12:00:00;139;148;;0;0;1;0;0
163;2022-06-29 12:00:00;1945;149;;0;0;1;0;0
164;2023-07-31 12:00:00;1945;150;;0;0;1;0;0
165;2024-07-31 12:00:00;1945;148;;0;0;1;0;0
166;2022-06-30 12:00:00;1825;151;;0;0;1;0;0
167;2023-06-30 12:00:00;1825;152;;0;0;1;0;0
168;2024-06-30 12:00:00;1825;153;;0;0;1;0;0
169;2024-10-31 12:00:00;1917;154;;0;0;1;0;0
170;2024-06-30 12:00:00;2089;155;;0;0;1;0;0
171;2024-07-31 12:00:00;2218;156;;0;0;1;0;0
172;2024-06-30 12:00:00;2418;157;;0;0;1;0;0
173;2024-06-30 12:00:00;6282;158;;0;0;1;0;0
174;2024-12-31 12:00:00;6387;159;;0;0;1;0;0
175;2024-06-30 12:00:00;6928;160;;0;0;1;0;0
176;2024-07-31 12:00:00;6939;161;;0;0;1;0;0
177;2024-08-31 12:00:00;6943;162;;0;0;1;0;0
178;2024-10-31 12:00:00;7056;163;;0;0;1;0;0
179;2024-10-31 12:00:00;7057;164;;0;0;1;0;0
180;2024-10-31 12:00:00;7058;165;;0;0;1;0;0
181;2024-10-31 12:00:00;7059;166;;0;0;1;0;0
182;2024-10-31 12:00:00;7060;167;;0;0;1;0;0
183;2024-11-30 12:00:00;7072;168;;0;0;1;0;0
184;2024-11-30 12:00:00;7074;169;;0;0;1;0;0
185;2024-12-31 12:00:00;7075;170;;0;0;1;0;0
186;2022-09-30 12:00:00;402;171;;0;0;1;0;0
187;2023-09-30 12:00:00;402;172;;0;0;1;0;0
188;2024-09-30 12:00:00;402;173;;0;0;1;0;0
189;2022-07-31 12:00:00;730;174;;0;0;1;0;0
190;2023-07-31 12:00:00;730;175;;0;0;1;0;0
191;2024-07-31 12:00:00;730;176;;0;0;1;0;0
192;2024-05-31 12:00:00;227;177;;0;0;1;0;0
193;2024-05-31 12:00:00;419;177;;0;0;1;0;0
194;2024-05-31 12:00:00;2330;177;;0;0;1;0;0
195;2024-05-31 12:00:00;2362;177;;0;0;1;0;0
196;2023-06-30 12:00:00;248;178;;0;0;1;0;0
197;2024-06-30 12:00:00;248;179;;0;0;1;0;0
198;2022-11-30 12:00:00;1791;180;;0;0;1;0;0
199;2023-04-30 12:00:00;1791;181;;0;0;1;0;0
200;2024-04-30 12:00:00;1791;179;;0;0;1;0;0
201;2024-07-31 12:00:00;6942;182;;0;0;1;0;0
202;2022-08-31 12:00:00;780;55;;0;0;1;0;0
203;2023-08-31 12:00:00;780;183;;0;0;1;0;0
204;2024-08-31 12:00:00;780;184;;0;0;1;0;0
205;2023-01-31 12:00:00;2491;185;;0;0;1;0;0
206;2024-01-31 12:00:00;2491;186;;0;0;1;0;0
207;2025-01-31 12:00:00;2491;187;;0;0;1;0;0
208;2022-08-31 12:00:00;1587;188;;0;0;1;0;0
209;2023-08-31 12:00:00;1587;189;;0;0;1;0;0
210;2024-08-31 12:00:00;1587;190;;0;0;1;0;0
211;2022-06-30 12:00:00;934;191;;0;0;1;0;0
212;2023-06-30 12:00:00;934;192;;0;0;1;0;0
213;2024-07-31 12:00:00;934;193;;0;0;1;0;0
214;2022-06-30 12:00:00;763;194;;0;0;1;0;0
215;2023-06-30 12:00:00;763;195;;0;0;1;0;0
216;2024-06-30 12:00:00;763;196;;0;0;1;0;0
217;2022-07-31 12:00:00;492;197;;0;0;1;0;0
218;2023-07-31 12:00:00;492;198;;0;0;1;0;0
219;2024-07-31 12:00:00;492;199;;0;0;1;0;0
220;2022-06-30 12:00:00;2436;200;;0;0;1;0;0
221;2023-06-30 12:00:00;2436;201;;0;0;1;0;0
222;2024-06-30 12:00:00;2436;196;;0;0;1;0;0
223;2022-07-31 12:00:00;816;202;;0;0;1;0;0
224;2023-07-31 12:00:00;816;203;;0;0;1;0;0
225;2024-07-31 12:00:00;816;204;;0;0;1;0;0
226;2022-12-31 12:00:00;700;205;;0;0;1;0;0
227;2023-12-31 12:00:00;700;206;;0;0;1;0;0
228;2024-12-31 12:00:00;700;207;;0;0;1;0;0
229;2022-06-30 12:00:00;2474;208;;0;0;1;0;0
230;2023-06-30 12:00:00;2474;209;;0;0;1;0;0
231;2024-07-31 12:00:00;2474;193;;0;0;1;0;0
232;2022-07-31 12:00:00;2288;210;;0;0;1;0;0
233;2023-07-31 12:00:00;2288;70;;0;0;1;0;0
234;2024-07-31 12:00:00;2288;211;;0;0;1;0;0
235;2022-12-31 12:00:00;1615;212;;0;0;1;0;0
236;2023-12-31 12:00:00;1615;213;;0;0;1;0;0
237;2024-12-31 12:00:00;1615;187;;0;0;1;0;0
238;2022-06-30 12:00:00;935;208;;0;0;1;0;0
239;2023-06-30 12:00:00;935;214;;0;0;1;0;0
240;2024-06-30 12:00:00;935;211;;0;0;1;0;0
241;2022-09-30 12:00:00;2292;171;;0;0;1;0;0
242;2023-09-30 12:00:00;2292;25;;0;0;1;0;0
243;2024-09-30 12:00:00;2292;199;;0;0;1;0;0
244;2022-07-31 12:00:00;303;215;;0;0;1;0;0
245;2023-07-31 12:00:00;303;216;;0;0;1;0;0
246;2024-07-31 12:00:00;303;217;;0;0;1;0;0
247;2024-05-31 12:00:00;1488;218;;0;0;1;0;0
248;2024-05-31 12:00:00;1650;219;;0;0;1;0;0
249;2024-06-30 12:00:00;1669;220;;0;0;1;0;0
250;2024-06-30 12:00:00;1676;221;;0;0;1;0;0
251;2024-03-31 12:00:00;1689;222;;0;0;1;0;0
252;2024-04-30 12:00:00;1696;223;;0;0;1;0;0
253;2024-05-31 12:00:00;1702;224;;0;0;1;0;0
254;2024-04-30 12:00:00;1710;225;;0;0;1;0;0
255;2024-12-31 12:00:00;2075;226;;0;0;1;0;0
256;2024-12-31 12:00:00;2259;227;;0;0;1;0;0
257;2024-12-31 12:00:00;2390;228;;0;0;1;0;0
258;2024-05-31 12:00:00;6909;229;;0;0;1;0;0
259;2024-12-31 12:00:00;6935;230;;0;0;1;0;0
260;2022-01-06 12:00:00;2556;231;;0;0;1;0;0
261;2023-03-31 12:00:00;2556;232;;0;0;1;0;0
262;2024-03-31 12:00:00;2556;233;;0;0;1;0;0
263;2022-01-06 12:00:00;2566;234;;0;0;1;0;0
264;2023-03-31 12:00:00;2566;235;;0;0;1;0;0
265;2024-03-31 12:00:00;2566;236;;0;0;1;0;0
266;2022-06-30 12:00:00;2536;237;;0;0;1;0;0
267;2023-06-30 12:00:00;2536;238;;0;0;1;0;0
268;2024-06-30 12:00:00;2536;239;;0;0;1;0;0
269;2022-07-31 12:00:00;527;240;;0;0;1;0;0
270;2023-07-31 12:00:00;527;241;;0;0;1;0;0
271;2024-07-31 12:00:00;527;242;;0;0;1;0;0
272;2022-07-31 12:00:00;770;243;;0;0;1;0;0
273;2023-07-31 12:00:00;770;244;;0;0;1;0;0
274;2024-07-31 12:00:00;770;245;;0;0;1;0;0
275;2022-12-31 12:00:00;1757;92;;0;0;1;0;0
276;2023-12-31 12:00:00;1757;246;;0;0;1;0;0
277;2024-12-31 12:00:00;1757;247;;0;0;1;0;0
278;2022-06-30 12:00:00;1606;248;;0;0;1;0;0
279;2023-06-30 12:00:00;1606;113;;0;0;1;0;0
280;2024-06-30 12:00:00;1606;249;;0;0;1;0;0
281;2022-08-31 12:00:00;518;250;;0;0;1;0;0
282;2023-01-31 12:00:00;518;251;;0;0;1;0;0
283;2024-08-31 12:00:00;518;252;;0;0;1;0;0
284;2022-08-31 12:00:00;2261;253;;0;0;1;0;0
285;2023-08-31 12:00:00;2261;254;;0;0;1;0;0
286;2024-08-31 12:00:00;2261;242;;0;0;1;0;0
287;2022-11-30 12:00:00;840;255;;0;0;1;0;0
288;2023-11-30 12:00:00;840;256;;0;0;1;0;0
289;2024-11-30 12:00:00;840;247;;0;0;1;0;0
290;2022-06-30 12:00:00;509;67;;0;0;1;0;0
291;2023-06-30 12:00:00;509;257;;0;0;1;0;0
292;2024-07-31 12:00:00;509;258;;0;0;1;0;0
293;2024-06-30 12:00:00;6269;259;;0;0;1;0;0
294;2022-07-31 12:00:00;393;260;;0;0;1;0;0
295;2023-07-31 12:00:00;393;261;;0;0;1;0;0
296;2024-07-31 12:00:00;393;262;;0;0;1;0;0
297;2022-07-31 12:00:00;918;263;;0;0;1;0;0
298;2023-07-31 12:00:00;918;264;;0;0;1;0;0
299;2024-07-31 12:00:00;918;265;;0;0;1;0;0
300;2022-09-30 12:00:00;2296;41;;0;0;1;0;0
301;2023-09-30 12:00:00;2296;266;;0;0;1;0;0
302;2024-09-30 12:00:00;2296;267;;0;0;1;0;0
303;2022-09-30 12:00:00;1392;268;;0;0;1;0;0
304;2023-09-30 12:00:00;1392;269;;0;0;1;0;0
305;2024-09-30 12:00:00;1392;267;;0;0;1;0;0
306;2022-07-31 12:00:00;729;270;;0;0;1;0;0
307;2023-07-31 12:00:00;729;254;;0;0;1;0;0
308;2024-07-31 12:00:00;729;271;;0;0;1;0;0
309;2022-07-31 12:00:00;785;272;;0;0;1;0;0
310;2023-07-31 12:00:00;785;37;;0;0;1;0;0
311;2024-07-31 12:00:00;785;273;;0;0;1;0;0
312;2022-06-30 12:00:00;367;274;;0;0;1;0;0
313;2023-06-30 12:00:00;367;275;;0;0;1;0;0
314;2024-06-30 12:00:00;367;276;;0;0;1;0;0
315;2022-08-31 12:00:00;1608;277;;0;0;1;0;0
316;2023-08-31 12:00:00;1608;278;;0;0;1;0;0
317;2024-08-31 12:00:00;1608;279;;0;0;1;0;0
318;2024-04-30 12:00:00;281;280;;0;0;1;0;0
319;2022-12-31 12:00:00;1841;281;;0;0;1;0;0
320;2023-12-31 12:00:00;1841;282;;0;0;1;0;0
321;2024-12-31 12:00:00;1841;283;;0;0;1;0;0
322;2023-12-31 12:00:00;298;284;;0;0;1;0;0
323;2025-01-31 12:00:00;298;285;;0;0;1;0;0
324;2023-06-30 12:00:00;344;286;;0;0;1;0;0
325;2024-06-30 12:00:00;344;287;;0;0;1;0;0
326;2022-06-30 12:00:00;2394;288;;0;0;1;0;0
327;2023-06-30 12:00:00;2394;289;;0;0;1;0;0
328;2024-06-30 12:00:00;2394;290;;0;0;1;0;0
329;2022-07-31 12:00:00;2032;99;;0;0;1;0;0
330;2023-07-31 12:00:00;2032;291;;0;0;1;0;0
331;2024-07-31 12:00:00;2032;287;;0;0;1;0;0
332;2022-12-31 12:00:00;2492;292;;0;0;1;0;0
333;2023-12-31 12:00:00;2492;82;;0;0;1;0;0
334;2024-12-31 12:00:00;2492;293;;0;0;1;0;0
335;2022-12-31 12:00:00;755;294;;0;0;1;0;0
336;2023-12-31 12:00:00;755;295;;0;0;1;0;0
337;2024-12-31 12:00:00;755;296;;0;0;1;0;0
338;2023-01-31 12:00:00;2223;297;;0;0;1;0;0
339;2024-01-31 12:00:00;2223;206;;0;0;1;0;0
340;2025-01-31 12:00:00;2223;296;;0;0;1;0;0
341;2022-10-31 12:00:00;1633;298;;0;0;1;0;0
342;2023-10-31 12:00:00;1633;299;;0;0;1;0;0
343;2024-10-31 12:00:00;1633;293;;0;0;1;0;0
344;2022-06-30 12:00:00;6913;300;;0;0;1;0;0
345;2023-06-30 12:00:00;6913;301;;0;0;1;0;0
346;2024-06-30 12:00:00;6913;302;;0;0;1;0;0
347;2023-06-30 12:00:00;476;303;;0;0;1;0;0
348;2024-06-30 12:00:00;476;302;;0;0;1;0;0
349;2022-09-30 12:00:00;1776;304;;0;0;1;0;0
350;2023-09-30 12:00:00;1776;305;;0;0;1;0;0
351;2024-09-30 12:00:00;1776;306;;0;0;1;0;0
352;2024-06-30 12:00:00;6270;307;;0;0;1;0;0
353;2023-11-30 12:00:00;2600;308;;0;0;1;0;0
354;2024-11-30 12:00:00;2600;309;;0;0;1;0;0
355;2022-06-17 12:00:00;669;310;;0;0;1;0;0
356;2023-08-31 12:00:00;669;311;;0;0;1;0;0
357;2024-08-31 12:00:00;669;312;;0;0;1;0;0
358;2022-09-30 12:00:00;769;313;;0;0;1;0;0
359;2023-09-30 12:00:00;769;118;;0;0;1;0;0
360;2024-09-30 12:00:00;769;309;;0;0;1;0;0
361;2022-08-31 12:00:00;536;314;;0;0;1;0;0
362;2023-08-31 12:00:00;536;315;;0;0;1;0;0
363;2024-08-31 12:00:00;536;316;;0;0;1;0;0
364;2023-04-30 12:00:00;6376;317;;0;0;1;0;0
365;2024-04-30 12:00:00;6376;318;;0;0;1;0;0
366;2022-07-31 12:00:00;394;210;;0;0;1;0;0
367;2023-07-31 12:00:00;394;319;;0;0;1;0;0
368;2024-07-31 12:00:00;394;320;;0;0;1;0;0
369;2022-07-31 12:00:00;2321;321;;0;0;1;0;0
370;2023-07-31 12:00:00;2321;322;;0;0;1;0;0
371;2024-07-31 12:00:00;2321;320;;0;0;1;0;0
372;2022-07-31 12:00:00;805;323;;0;0;1;0;0
373;2023-07-31 12:00:00;805;324;;0;0;1;0;0
374;2024-07-31 12:00:00;805;325;;0;0;1;0;0
375;2022-06-30 12:00:00;1586;200;;0;0;1;0;0
376;2023-06-30 12:00:00;1586;326;;0;0;1;0;0
377;2024-07-31 12:00:00;1586;327;;0;0;1;0;0
378;2024-07-31 12:00:00;6283;328;;0;0;1;0;0
379;2022-07-31 12:00:00;519;329;;0;0;1;0;0
380;2023-07-31 12:00:00;519;330;;0;0;1;0;0
381;2024-07-31 12:00:00;519;331;;0;0;1;0;0
382;2022-02-28 12:00:00;2229;332;;0;0;1;0;0
383;2023-02-28 12:00:00;2229;333;;0;0;1;0;0
384;2024-10-31 12:00:00;2229;334;;0;0;1;0;0
385;2022-06-30 12:00:00;2132;335;;0;0;1;0;0
386;2023-06-30 12:00:00;2132;336;;0;0;1;0;0
387;2024-06-30 12:00:00;2132;337;;0;0;1;0;0
388;2022-10-31 12:00:00;427;338;;0;0;1;0;0
389;2023-10-31 12:00:00;427;339;;0;0;1;0;0
390;2024-10-31 12:00:00;427;340;;0;0;1;0;0
391;2022-10-31 12:00:00;1541;341;;0;0;1;0;0
392;2023-10-31 12:00:00;1541;342;;0;0;1;0;0
393;2024-10-31 12:00:00;1541;334;;0;0;1;0;0
394;2022-07-31 12:00:00;748;343;;0;0;1;0;0
395;2023-07-31 12:00:00;748;344;;0;0;1;0;0
396;2024-07-31 12:00:00;748;345;;0;0;1;0;0
397;2022-08-31 12:00:00;510;346;;0;0;1;0;0
398;2023-08-31 12:00:00;510;347;;0;0;1;0;0
399;2024-08-31 12:00:00;510;340;;0;0;1;0;0
400;2022-11-30 12:00:00;693;77;;0;0;1;0;0
401;2023-11-30 12:00:00;693;348;;0;0;1;0;0
402;2024-11-30 12:00:00;693;349;;0;0;1;0;0
403;2022-07-31 12:00:00;1682;350;;0;0;1;0;0
404;2023-07-31 12:00:00;1682;351;;0;0;1;0;0
405;2024-07-31 12:00:00;1682;352;;0;0;1;0;0
406;2022-06-30 12:00:00;378;353;;0;0;1;0;0
407;2023-06-30 12:00:00;378;354;;0;0;1;0;0
408;2024-06-30 12:00:00;378;355;;0;0;1;0;0
409;2022-09-30 12:00:00;2291;341;;0;0;1;0;0
410;2023-09-30 12:00:00;2291;175;;0;0;1;0;0
411;2024-09-30 12:00:00;2291;345;;0;0;1;0;0
412;2022-11-30 12:00:00;923;356;;0;0;1;0;0
413;2023-11-30 12:00:00;923;357;;0;0;1;0;0
414;2024-11-30 12:00:00;923;358;;0;0;1;0;0
415;2022-07-31 12:00:00;1421;359;;0;0;1;0;0
416;2023-07-31 12:00:00;1421;266;;0;0;1;0;0
417;2024-07-31 12:00:00;1421;360;;0;0;1;0;0
418;2023-05-31 12:00:00;2854;361;;0;0;1;0;0
419;2024-05-31 12:00:00;2854;362;;0;0;1;0;0
420;2022-07-31 12:00:00;955;363;;0;0;1;0;0
421;2023-07-31 12:00:00;955;364;;0;0;1;0;0
422;2024-07-31 12:00:00;955;365;;0;0;1;0;0
423;2022-07-31 12:00:00;822;366;;0;0;1;0;0
424;2023-07-31 12:00:00;822;367;;0;0;1;0;0
425;2024-07-31 12:00:00;822;368;;0;0;1;0;0
426;2022-12-31 12:00:00;2589;369;;0;0;1;0;0
427;2023-12-31 12:00:00;2589;65;;0;0;1;0;0
428;2024-12-31 12:00:00;2589;370;;0;0;1;0;0
429;2022-06-30 12:00:00;1422;371;;0;0;1;0;0
430;2023-06-30 12:00:00;1422;372;;0;0;1;0;0
431;2024-06-30 12:00:00;1422;373;;0;0;1;0;0
432;2022-03-31 12:00:00;2228;374;;0;0;1;0;0
433;2023-03-31 12:00:00;2228;375;;0;0;1;0;0
434;2024-03-31 12:00:00;2228;376;;0;0;1;0;0
435;2022-06-30 12:00:00;2281;377;;0;0;1;0;0
436;2023-06-30 12:00:00;2281;257;;0;0;1;0;0
437;2024-06-30 12:00:00;2281;362;;0;0;1;0;0
438;2022-11-30 12:00:00;776;378;;0;0;1;0;0
439;2023-11-30 12:00:00;776;379;;0;0;1;0;0
440;2024-11-30 12:00:00;776;370;;0;0;1;0;0
441;2024-04-30 12:00:00;236;380;;0;0;1;0;0
442;2024-05-31 12:00:00;290;381;;0;0;1;0;0
443;2024-04-30 12:00:00;304;382;;0;0;1;0;0
444;2023-05-31 12:00:00;80;383;;0;0;1;0;0
445;2024-06-30 12:00:00;80;384;;0;0;1;0;0
446;2023-04-30 12:00:00;131;385;;0;0;1;0;0
447;2024-04-30 12:00:00;131;386;;0;0;1;0;0
448;2022-09-30 12:00:00;2396;387;;0;0;1;0;0
449;2023-09-30 12:00:00;2396;388;;0;0;1;0;0
450;2024-09-30 12:00:00;2396;389;;0;0;1;0;0
451;2024-04-30 12:00:00;6423;390;;0;0;1;0;0
452;2022-10-31 12:00:00;1632;117;;0;0;1;0;0
453;2023-10-31 12:00:00;1632;391;;0;0;1;0;0
454;2024-10-31 12:00:00;1632;392;;0;0;1;0;0
455;2022-08-31 12:00:00;1505;393;;0;0;1;0;0
456;2023-08-31 12:00:00;1505;394;;0;0;1;0;0
457;2024-08-31 12:00:00;1505;395;;0;0;1;0;0
458;2024-06-30 12:00:00;2018;396;;0;0;1;0;0
459;2022-08-31 12:00:00;2090;397;;0;0;1;0;0
460;2023-08-31 12:00:00;2090;398;;0;0;1;0;0
461;2024-08-31 12:00:00;2090;399;;0;0;1;0;0
462;2022-06-30 12:00:00;50;400;;0;0;1;0;0
463;2023-06-30 12:00:00;50;401;;0;0;1;0;0
464;2024-06-30 12:00:00;50;399;;0;0;1;0;0
465;2022-08-31 12:00:00;777;402;;0;0;1;0;0
466;2023-08-31 12:00:00;777;403;;0;0;1;0;0
467;2024-08-31 12:00:00;777;404;;0;0;1;0;0
468;2023-05-31 12:00:00;2590;405;;0;0;1;0;0
469;2024-06-30 12:00:00;2590;406;;0;0;1;0;0
470;2022-07-31 12:00:00;1423;407;;0;0;1;0;0
471;2023-07-31 12:00:00;1423;408;;0;0;1;0;0
472;2024-07-31 12:00:00;1423;409;;0;0;1;0;0
473;2023-09-30 12:00:00;1631;410;;0;0;1;0;0
474;2024-09-30 12:00:00;1631;411;;0;0;1;0;0
475;2023-01-31 12:00:00;2501;412;;0;0;1;0;0
476;2024-01-31 12:00:00;2501;413;;0;0;1;0;0
477;2025-01-31 12:00:00;2501;414;;0;0;1;0;0
478;2022-10-31 12:00:00;1651;415;;0;0;1;0;0
479;2023-10-31 12:00:00;1651;416;;0;0;1;0;0
480;2024-10-31 12:00:00;1651;417;;0;0;1;0;0
481;2022-12-31 12:00:00;2483;418;;0;0;1;0;0
482;2023-12-31 12:00:00;2483;419;;0;0;1;0;0
483;2024-12-31 12:00:00;2483;417;;0;0;1;0;0
484;2022-11-30 12:00:00;2241;420;;0;0;1;0;0
485;2023-11-30 12:00:00;2241;421;;0;0;1;0;0
486;2024-11-30 12:00:00;2241;422;;0;0;1;0;0
487;2023-09-30 12:00:00;1518;423;;0;0;1;0;0
488;2024-09-30 12:00:00;1518;422;;0;0;1;0;0
489;2024-05-31 12:00:00;502;424;;0;0;1;0;0
490;2024-06-30 12:00:00;2198;425;;0;0;1;0;0
491;2022-04-30 12:00:00;72;426;;0;0;1;0;0
492;2023-04-30 12:00:00;72;136;;0;0;1;0;0
493;2024-04-30 12:00:00;72;427;;0;0;1;0;0
494;2023-06-30 12:00:00;1916;428;;0;0;1;0;0
495;2024-06-30 12:00:00;1916;427;;0;0;1;0;0
496;2022-06-30 12:00:00;66;429;;0;0;1;0;0
497;2023-06-30 12:00:00;66;430;;0;0;1;0;0
498;2024-06-30 12:00:00;66;431;;0;0;1;0;0
499;2022-09-30 12:00:00;79;387;;0;0;1;0;0
500;2023-09-30 12:00:00;79;432;;0;0;1;0;0
501;2024-09-30 12:00:00;79;433;;0;0;1;0;0
502;2022-07-31 12:00:00;831;434;;0;0;1;0;0
503;2023-07-31 12:00:00;831;435;;0;0;1;0;0
504;2024-07-31 12:00:00;831;436;;0;0;1;0;0
505;2022-08-31 12:00:00;2118;437;;0;0;1;0;0
506;2023-08-31 12:00:00;2118;435;;0;0;1;0;0
507;2024-08-31 12:00:00;2118;438;;0;0;1;0;0
508;2022-07-31 12:00:00;933;439;;0;0;1;0;0
509;2023-07-31 12:00:00;933;56;;0;0;1;0;0
510;2024-08-31 12:00:00;933;440;;0;0;1;0;0
511;2022-08-31 12:00:00;731;441;;0;0;1;0;0
512;2023-08-31 12:00:00;731;442;;0;0;1;0;0
513;2024-08-31 12:00:00;731;443;;0;0;1;0;0
514;2022-07-31 12:00:00;684;444;;0;0;1;0;0
515;2023-07-31 12:00:00;684;445;;0;0;1;0;0
516;2024-07-31 12:00:00;684;446;;0;0;1;0;0
517;2022-06-30 12:00:00;2242;447;;0;0;1;0;0
518;2023-06-30 12:00:00;2242;198;;0;0;1;0;0
519;2024-06-30 12:00:00;2242;448;;0;0;1;0;0
520;2022-10-31 12:00:00;359;449;;0;0;1;0;0
521;2023-10-31 12:00:00;359;419;;0;0;1;0;0
522;2024-10-31 12:00:00;359;450;;0;0;1;0;0
523;2022-03-31 12:00:00;2225;451;;0;0;1;0;0
524;2023-03-31 12:00:00;2225;452;;0;0;1;0;0
525;2024-04-30 12:00:00;2225;453;;0;0;1;0;0
526;2022-07-31 12:00:00;739;454;;0;0;1;0;0
527;2023-07-31 12:00:00;739;455;;0;0;1;0;0
528;2024-07-31 12:00:00;739;438;;0;0;1;0;0
529;2022-07-31 12:00:00;460;437;;0;0;1;0;0
530;2023-07-31 12:00:00;460;456;;0;0;1;0;0
531;2024-07-31 12:00:00;460;457;;0;0;1;0;0
532;2022-09-30 12:00:00;2186;458;;0;0;1;0;0
533;2023-09-30 12:00:00;2186;42;;0;0;1;0;0
534;2024-09-30 12:00:00;2186;457;;0;0;1;0;0
535;2023-12-31 12:00:00;2615;459;;0;0;1;0;0
536;2024-12-31 12:00:00;2615;460;;0;0;1;0;0
537;2022-10-31 12:00:00;1542;338;;0;0;1;0;0
538;2023-10-31 12:00:00;1542;461;;0;0;1;0;0
539;2024-10-31 12:00:00;1542;462;;0;0;1;0;0
540;2022-10-31 12:00:00;2575;58;;0;0;1;0;0
541;2023-10-31 12:00:00;2575;463;;0;0;1;0;0
542;2024-10-31 12:00:00;2575;464;;0;0;1;0;0
543;2022-11-30 12:00:00;1742;465;;0;0;1;0;0
544;2023-11-30 12:00:00;1742;421;;0;0;1;0;0
545;2024-11-30 12:00:00;1742;460;;0;0;1;0;0
546;2022-12-31 12:00:00;2481;466;;0;0;1;0;0
547;2023-12-31 12:00:00;2481;467;;0;0;1;0;0
548;2024-12-31 12:00:00;2481;462;;0;0;1;0;0
549;2023-09-30 12:00:00;1455;468;;0;0;1;0;0
550;2024-09-30 12:00:00;1455;464;;0;0;1;0;0
551;2023-01-31 12:00:00;386;469;;0;0;1;0;0
552;2024-04-30 12:00:00;386;470;;0;0;1;0;0
553;2024-05-31 12:00:00;368;471;;0;0;1;0;0
554;2024-06-30 12:00:00;2117;472;;0;0;1;0;0
555;2023-12-31 12:00:00;280;473;;0;0;1;0;0
556;2024-12-31 12:00:00;280;474;;0;0;1;0;0
557;2022-11-30 12:00:00;58;14;;0;0;1;0;0
558;2023-11-30 12:00:00;58;13;;0;0;1;0;0
559;2024-11-30 12:00:00;58;475;;0;0;1;0;0
560;2023-01-31 12:00:00;2174;476;;0;0;1;0;0
561;2024-01-31 12:00:00;2174;477;;0;0;1;0;0
562;2025-01-31 12:00:00;2174;474;;0;0;1;0;0
563;2024-05-31 12:00:00;485;478;;0;0;1;0;0
564;2024-07-31 12:00:00;2255;479;;0;0;1;0;0
565;2022-05-31 12:00:00;219;480;;0;0;1;0;0
566;2023-05-31 12:00:00;219;481;;0;0;1;0;0
567;2024-05-31 12:00:00;219;482;;0;0;1;0;0
568;2022-06-30 12:00:00;1974;483;;0;0;1;0;0
569;2023-06-30 12:00:00;1974;484;;0;0;1;0;0
570;2024-06-30 12:00:00;1974;485;;0;0;1;0;0
571;2022-06-30 12:00:00;1489;486;;0;0;1;0;0
572;2023-06-30 12:00:00;1489;487;;0;0;1;0;0
573;2024-06-30 12:00:00;1489;482;;0;0;1;0;0
574;2022-05-31 12:00:00;204;488;;0;0;1;0;0
575;2023-05-31 12:00:00;204;487;;0;0;1;0;0
576;2024-05-31 12:00:00;204;485;;0;0;1;0;0
577;2022-09-30 12:00:00;369;489;;0;0;1;0;0
578;2023-09-30 12:00:00;369;463;;0;0;1;0;0
579;2024-09-30 12:00:00;369;490;;0;0;1;0;0
580;2022-06-30 12:00:00;212;491;;0;0;1;0;0
581;2023-06-30 12:00:00;212;103;;0;0;1;0;0
582;2024-06-30 12:00:00;212;492;;0;0;1;0;0
583;2022-06-30 12:00:00;155;493;;0;0;1;0;0
584;2023-06-30 12:00:00;155;494;;0;0;1;0;0
585;2024-06-30 12:00:00;155;495;;0;0;1;0;0
586;2022-08-31 12:00:00;2301;8;;0;0;1;0;0
587;2023-08-31 12:00:00;2301;496;;0;0;1;0;0
588;2024-08-31 12:00:00;2301;497;;0;0;1;0;0
589;2022-06-30 12:00:00;249;498;;0;0;1;0;0
590;2023-06-30 12:00:00;249;499;;0;0;1;0;0
591;2024-06-30 12:00:00;249;500;;0;0;1;0;0
592;2022-08-31 12:00:00;228;501;;0;0;1;0;0
593;2023-08-31 12:00:00;228;291;;0;0;1;0;0
594;2024-08-31 12:00:00;228;502;;0;0;1;0;0
595;2022-06-30 12:00:00;88;503;;0;0;1;0;0
596;2023-06-30 12:00:00;88;504;;0;0;1;0;0
597;2024-06-30 12:00:00;88;505;;0;0;1;0;0
598;2023-05-31 12:00:00;2188;506;;0;0;1;0;0
599;2024-05-31 12:00:00;2188;507;;0;0;1;0;0
600;2022-08-31 12:00:00;2444;508;;0;0;1;0;0
601;2023-08-31 12:00:00;2444;509;;0;0;1;0;0
602;2024-08-31 12:00:00;2444;505;;0;0;1;0;0
603;2023-01-31 12:00:00;747;510;;0;0;1;0;0
604;2024-04-30 12:00:00;747;511;;0;0;1;0;0
605;2022-03-31 12:00:00;486;512;;0;0;1;0;0
606;2023-03-31 12:00:00;486;513;;0;0;1;0;0
607;2024-04-30 12:00:00;486;514;;0;0;1;0;0
608;2023-01-31 12:00:00;2388;515;;0;0;1;0;0
609;2024-04-30 12:00:00;2388;516;;0;0;1;0;0
610;2024-07-31 12:00:00;6338;517;;0;0;1;0;0
611;2022-06-30 12:00:00;2425;518;;0;0;1;0;0
612;2023-06-30 12:00:00;2425;519;;0;0;1;0;0
613;2024-08-31 12:00:00;2425;520;;0;0;1;0;0
614;2023-04-30 12:00:00;764;521;;0;0;1;0;0
615;2024-04-30 12:00:00;764;522;;0;0;1;0;0
616;2022-06-30 12:00:00;442;523;;0;0;1;0;0
617;2023-06-30 12:00:00;442;524;;0;0;1;0;0
618;2024-06-30 12:00:00;442;525;;0;0;1;0;0
619;2022-07-31 12:00:00;443;526;;0;0;1;0;0
620;2023-07-31 12:00:00;443;527;;0;0;1;0;0
621;2024-07-31 12:00:00;443;528;;0;0;1;0;0
622;2022-08-31 12:00:00;2389;30;;0;0;1;0;0
623;2023-08-31 12:00:00;2389;456;;0;0;1;0;0
624;2024-05-31 12:00:00;2389;525;;0;0;1;0;0
625;2022-06-30 12:00:00;360;529;;0;0;1;0;0
626;2023-06-30 12:00:00;360;530;;0;0;1;0;0
627;2024-06-30 12:00:00;360;531;;0;0;1;0;0
628;2022-07-31 12:00:00;707;532;;0;0;1;0;0
629;2023-07-31 12:00:00;707;322;;0;0;1;0;0
630;2024-08-31 12:00:00;707;520;;0;0;1;0;0
631;2022-08-31 12:00:00;715;458;;0;0;1;0;0
632;2023-08-31 12:00:00;715;533;;0;0;1;0;0
633;2024-08-31 12:00:00;715;534;;0;0;1;0;0
634;2024-01-31 12:00:00;2601;535;;0;0;1;0;0
635;2025-01-31 12:00:00;2601;536;;0;0;1;0;0
636;2023-09-30 12:00:00;1535;537;;0;0;1;0;0
637;2024-09-30 12:00:00;1535;538;;0;0;1;0;0
638;2023-01-31 12:00:00;2133;539;;0;0;1;0;0
639;2024-01-31 12:00:00;2133;540;;0;0;1;0;0
640;2025-01-31 12:00:00;2133;541;;0;0;1;0;0
641;2022-06-30 12:00:00;931;518;;0;0;1;0;0
642;2023-06-30 12:00:00;931;336;;0;0;1;0;0
643;2024-07-31 12:00:00;931;542;;0;0;1;0;0
644;2022-10-31 12:00:00;2339;543;;0;0;1;0;0
645;2023-10-31 12:00:00;2339;544;;0;0;1;0;0
646;2024-10-31 12:00:00;2339;545;;0;0;1;0;0
647;2022-07-31 12:00:00;1473;546;;0;0;1;0;0
648;2023-07-31 12:00:00;1473;547;;0;0;1;0;0
649;2024-07-31 12:00:00;1473;548;;0;0;1;0;0
650;2023-01-31 12:00:00;2220;549;;0;0;1;0;0
651;2024-01-31 12:00:00;2220;550;;0;0;1;0;0
652;2025-01-31 12:00:00;2220;551;;0;0;1;0;0
653;2022-11-30 12:00:00;756;543;;0;0;1;0;0
654;2023-11-30 12:00:00;756;550;;0;0;1;0;0
655;2024-11-30 12:00:00;756;551;;0;0;1;0;0
656;2022-09-30 12:00:00;117;552;;0;0;1;0;0
657;2023-09-30 12:00:00;117;553;;0;0;1;0;0
658;2024-09-30 12:00:00;117;554;;0;0;1;0;0
659;2022-09-30 12:00:00;426;555;;0;0;1;0;0
660;2023-10-31 12:00:00;426;556;;0;0;1;0;0
661;2024-10-31 12:00:00;426;557;;0;0;1;0;0
662;2022-08-31 12:00:00;685;558;;0;0;1;0;0
663;2023-08-31 12:00:00;685;559;;0;0;1;0;0
664;2024-08-31 12:00:00;685;545;;0;0;1;0;0
665;2022-11-30 12:00:00;2456;560;;0;0;1;0;0
666;2023-11-30 12:00:00;2456;126;;0;0;1;0;0
667;2024-11-30 12:00:00;2456;561;;0;0;1;0;0
668;2022-11-30 12:00:00;1504;562;;0;0;1;0;0
669;2023-11-30 12:00:00;1504;110;;0;0;1;0;0
670;2024-11-30 12:00:00;1504;563;;0;0;1;0;0
671;2022-12-31 12:00:00;714;418;;0;0;1;0;0
672;2023-12-31 12:00:00;714;540;;0;0;1;0;0
673;2024-12-31 12:00:00;714;564;;0;0;1;0;0
674;2023-01-31 12:00:00;2502;565;;0;0;1;0;0
675;2024-02-29 12:00:00;2502;566;;0;0;1;0;0
676;2025-02-28 12:00:00;2502;564;;0;0;1;0;0
677;2022-04-30 12:00:00;418;567;;0;0;1;0;0
678;2023-04-30 12:00:00;418;568;;0;0;1;0;0
679;2024-05-31 12:00:00;418;569;;0;0;1;0;0
680;2022-09-30 12:00:00;459;570;;0;0;1;0;0
681;2023-09-30 12:00:00;459;571;;0;0;1;0;0
682;2024-09-30 12:00:00;459;572;;0;0;1;0;0
683;2023-01-31 12:00:00;2509;573;;0;0;1;0;0
684;2024-01-31 12:00:00;2509;574;;0;0;1;0;0
685;2025-01-31 12:00:00;2509;563;;0;0;1;0;0
686;2022-06-30 12:00:00;746;575;;0;0;1;0;0
687;2023-06-30 12:00:00;746;576;;0;0;1;0;0
688;2024-06-30 12:00:00;746;577;;0;0;1;0;0
689;2022-07-31 12:00:00;2290;578;;0;0;1;0;0
690;2023-07-31 12:00:00;2290;324;;0;0;1;0;0
691;2024-07-31 12:00:00;2290;579;;0;0;1;0;0
692;2022-07-31 12:00:00;450;580;;0;0;1;0;0
693;2023-07-31 12:00:00;450;581;;0;0;1;0;0
694;2024-07-31 12:00:00;450;579;;0;0;1;0;0
695;2022-06-30 12:00:00;2334;582;;0;0;1;0;0
696;2023-06-30 12:00:00;2334;354;;0;0;1;0;0
697;2024-06-30 12:00:00;2334;569;;0;0;1;0;0
698;2022-11-30 12:00:00;57;131;;0;0;1;0;0
699;2023-11-30 12:00:00;57;282;;0;0;1;0;0
700;2024-11-30 12:00:00;57;583;;0;0;1;0;0
701;2022-08-31 12:00:00;2147;584;;0;0;1;0;0
702;2023-08-31 12:00:00;2147;585;;0;0;1;0;0
703;2024-08-31 12:00:00;2147;586;;0;0;1;0;0
704;2023-05-31 12:00:00;196;587;;0;0;1;0;0
705;2024-05-31 12:00:00;196;588;;0;0;1;0;0
706;2022-06-30 12:00:00;2445;589;;0;0;1;0;0
707;2023-06-30 12:00:00;2445;401;;0;0;1;0;0
708;2024-06-30 12:00:00;2445;588;;0;0;1;0;0
709;2022-06-30 12:00:00;2187;590;;0;0;1;0;0
710;2023-06-30 12:00:00;2187;147;;0;0;1;0;0
711;2024-06-30 12:00:00;2187;591;;0;0;1;0;0
712;2022-06-30 12:00:00;2395;592;;0;0;1;0;0
713;2023-06-30 12:00:00;2395;499;;0;0;1;0;0
714;2024-06-30 12:00:00;2395;593;;0;0;1;0;0
715;2023-05-31 12:00:00;138;594;;0;0;1;0;0
716;2024-06-30 12:00:00;138;591;;0;0;1;0;0
717;2023-09-30 12:00:00;1557;595;;0;0;1;0;0
718;2024-09-30 12:00:00;1557;596;;0;0;1;0;0
719;2022-09-30 12:00:00;2240;597;;0;0;1;0;0
720;2023-09-30 12:00:00;2240;598;;0;0;1;0;0
721;2024-09-30 12:00:00;2240;599;;0;0;1;0;0
722;2022-08-31 12:00:00;1440;600;;0;0;1;0;0
723;2023-08-31 12:00:00;1440;601;;0;0;1;0;0
724;2024-08-31 12:00:00;1440;602;;0;0;1;0;0
725;2023-02-28 12:00:00;922;603;;0;0;1;0;0
726;2023-04-30 12:00:00;922;604;;0;0;1;0;0
727;2024-04-30 12:00:00;922;605;;0;0;1;0;0
728;2024-06-30 12:00:00;6908;606;;0;0;1;0;0
729;2022-08-31 12:00:00;2528;607;;0;0;1;0;0
730;2023-08-31 12:00:00;2528;608;;0;0;1;0;0
731;2024-08-31 12:00:00;2528;609;;0;0;1;0;0
732;2023-01-31 12:00:00;738;610;;0;0;1;0;0
733;2024-01-31 12:00:00;738;611;;0;0;1;0;0
734;2025-01-31 12:00:00;738;612;;0;0;1;0;0
735;2023-11-30 12:00:00;2616;613;;0;0;1;0;0
736;2024-11-30 12:00:00;2616;614;;0;0;1;0;0
737;;2224;615;;0;0;1;0;0
738;2023-11-30 12:00:00;2224;616;;0;0;1;0;0
739;2024-11-30 12:00:00;2224;617;;0;0;1;0;0
740;2023-09-30 12:00:00;1717;618;;0;0;1;0;0
741;2024-09-30 12:00:00;1717;614;;0;0;1;0;0
742;2024-04-30 12:00:00;1683;619;;0;0;1;0;0
743;2024-05-31 12:00:00;1758;620;;0;0;1;0;0
744;2024-08-31 12:00:00;1863;621;;0;0;1;0;0
745;2024-05-31 12:00:00;1902;622;;0;0;1;0;0
746;2024-05-31 12:00:00;1960;623;;0;0;1;0;0
747;2024-06-30 12:00:00;6296;624;;0;0;1;0;0
748;2024-06-30 12:00:00;6307;625;;0;0;1;0;0
749;2024-08-31 12:00:00;6320;626;;0;0;1;0;0
750;2024-09-30 12:00:00;6351;627;;0;0;1;0;0
751;2024-12-31 12:00:00;6399;628;;0;0;1;0;0
752;2024-12-31 12:00:00;6410;629;;0;0;1;0;0
753;2024-05-31 12:00:00;6922;630;;0;0;1;0;0
754;2024-07-31 12:00:00;6941;631;;0;0;1;0;0
755;2024-08-31 12:00:00;6923;632;;0;0;1;0;0
756;2024-10-31 12:00:00;7061;633;;0;0;1;0;0
757;2024-10-31 12:00:00;7062;634;;0;0;1;0;0
758;2023-05-31 12:00:00;1409;635;;0;0;1;0;0
759;2024-06-30 12:00:00;1409;636;;0;0;1;0;0
760;;6925;637;;0;0;1;0;0
761;;6925;638;;0;0;1;0;0
762;2024-05-31 12:00:00;6925;639;;0;0;1;0;0
763;2022-07-31 12:00:00;706;640;;0;0;1;0;0
764;;706;641;;0;0;1;0;0
765;2024-09-30 12:00:00;706;642;;0;0;1;0;0
766;2024-05-31 12:00:00;1723;643;;0;0;1;0;0
767;2024-05-31 12:00:00;1864;644;;0;0;1;0;0
768;2024-09-30 12:00:00;2104;645;;0;0;1;0;0
769;2024-05-31 12:00:00;2162;646;;0;0;1;0;0
770;2024-08-31 12:00:00;2419;647;;0;0;1;0;0
771;2024-06-30 12:00:00;6927;648;;0;0;1;0;0
772;2024-10-31 12:00:00;7063;649;;0;0;1;0;0
773;;1709;650;;0;0;1;0;0
774;;1709;651;;0;0;1;0;0
775;2024-12-31 12:00:00;1709;652;;0;0;1;0;0
776;2022-09-30 12:00:00;377;653;;0;0;1;0;0
777;2023-09-30 12:00:00;377;654;;0;0;1;0;0
778;2024-09-30 12:00:00;377;655;;0;0;1;0;0
779;;6924;656;;0;0;1;0;0
780;;6924;657;;0;0;1;0;0
781;2024-05-31 12:00:00;6924;658;;0;0;1;0;0
782;;6926;659;;0;0;1;0;0
783;;6926;660;;0;0;1;0;0
784;2024-06-30 12:00:00;6926;661;;0;0;1;0;0
785;2022-09-30 12:00:00;477;662;;0;0;1;0;0
786;2023-09-30 12:00:00;477;663;;0;0;1;0;0
787;2024-09-30 12:00:00;477;664;;0;0;1;0;0
788;2023-01-31 12:00:00;2519;665;;0;0;1;0;0
789;2024-01-31 12:00:00;2519;666;;0;0;1;0;0
790;2025-01-31 12:00:00;2519;667;;0;0;1;0;0
791;2022-12-31 12:00:00;2482;212;;0;0;1;0;0
792;2023-12-31 12:00:00;2482;295;;0;0;1;0;0
793;2024-12-31 12:00:00;2482;668;;0;0;1;0;0
794;2022-12-31 12:00:00;1607;292;;0;0;1;0;0
795;2023-12-31 12:00:00;1607;669;;0;0;1;0;0
796;2024-12-31 12:00:00;1607;667;;0;0;1;0;0
797;2025-03-31 12:00:00;1724;670;;0;0;1;0;0
798;2022-08-31 12:00:00;683;671;;0;0;1;0;0
799;2023-02-28 12:00:00;683;672;;0;0;1;0;0
800;2024-02-29 12:00:00;683;673;;0;0;1;0;0
801;2025-02-28 12:00:00;683;674;;0;0;1;0;0
802;2022-02-28 12:00:00;722;675;;0;0;1;0;0
803;2023-02-28 12:00:00;722;676;;0;0;1;0;0
804;2024-02-29 12:00:00;722;677;;0;0;1;0;0
805;2025-02-28 12:00:00;722;678;;0;0;1;0;0
806;2022-03-31 12:00:00;1439;679;;0;0;1;0;0
807;2023-03-31 12:00:00;1439;680;;0;0;1;0;0
808;2024-03-31 12:00:00;1439;681;;0;0;1;0;0
809;2025-03-31 12:00:00;1439;682;;0;0;1;0;0
810;2025-03-31 12:00:00;1718;683;;0;0;1;0;0
811;2025-03-31 12:00:00;2017;684;;0;0;1;0;0
812;2023-02-28 12:00:00;2591;685;;0;0;1;0;0
813;2024-03-31 12:00:00;2591;686;;0;0;1;0;0
814;2025-03-31 12:00:00;2591;687;;0;0;1;0;0
815;2022-03-31 12:00:00;807;374;;0;0;1;0;0
816;2023-03-31 12:00:00;807;688;;0;0;1;0;0
817;2024-03-31 12:00:00;807;85;;0;0;1;0;0
818;2025-03-31 12:00:00;807;687;;0;0;1;0;0
819;2024-01-31 12:00:00;1534;689;;0;0;1;0;0
820;2025-01-31 12:00:00;1534;690;;0;0;1;0;0
821;2023-04-30 12:00:00;6336;691;;0;0;1;0;0
822;2024-04-30 12:00:00;6336;692;;0;0;1;0;0
823;2025-04-30 12:00:00;6336;693;;0;0;1;0;0
824;2023-04-30 12:00:00;2526;694;;0;0;1;0;0
825;2024-04-30 12:00:00;2526;695;;0;0;1;0;0
826;2025-04-30 12:00:00;2526;693;;0;0;1;0;0
827;2025-02-28 12:00:00;2352;696;;0;0;1;0;0
828;2023-02-28 12:00:00;78;697;;0;0;1;0;0
829;2024-02-29 12:00:00;78;698;;0;0;1;0;0
830;2025-02-28 12:00:00;78;699;;0;0;1;0;0
831;2024-02-29 12:00:00;2103;700;;0;0;1;0;0
832;2025-02-28 12:00:00;2103;699;;0;0;1;0;0
833;2025-03-31 12:00:00;2258;701;;0;0;1;0;0
834;2025-02-28 12:00:00;2285;702;;0;0;1;0;0
835;2024-04-30 12:00:00;51;703;;0;0;1;0;0
836;2025-04-30 12:00:00;51;704;;0;0;1;0;0
837;2024-02-29 12:00:00;1975;705;;0;0;1;0;0
838;2025-02-28 12:00:00;1975;706;;0;0;1;0;0
839;2022-01-31 12:00:00;89;707;;0;0;1;0;0
840;2023-02-28 12:00:00;89;708;;0;0;1;0;0
841;2024-02-29 12:00:00;89;477;;0;0;1;0;0
842;2025-02-28 12:00:00;89;704;;0;0;1;0;0
843;2025-01-31 12:00:00;205;709;;0;0;1;0;0
844;2025-01-31 12:00:00;2102;710;;0;0;1;0;0
845;2025-02-28 12:00:00;2284;711;;0;0;1;0;0
846;2024-01-31 12:00:00;130;712;;0;0;1;0;0
847;2025-02-28 12:00:00;130;713;;0;0;1;0;0
848;2024-02-29 12:00:00;2219;714;;0;0;1;0;0
849;2025-02-28 12:00:00;2219;713;;0;0;1;0;0
850;2025-03-31 12:00:00;1716;715;;0;0;1;0;0
851;2025-01-31 12:00:00;1931;716;;0;0;1;0;0
852;2025-01-31 12:00:00;2221;717;;0;0;1;0;0
853;2025-02-28 12:00:00;2454;718;;0;0;1;0;0
854;2025-01-31 12:00:00;7084;719;;0;0;1;0;0
855;2025-02-28 12:00:00;7088;720;;0;0;1;0;0
856;2025-03-31 12:00:00;7089;721;;0;0;1;0;0
857;2025-03-31 12:00:00;1959;722;;0;0;1;0;0
858;2022-01-31 12:00:00;2582;723;;0;0;1;0;0
859;2023-02-28 12:00:00;2582;724;;0;0;1;0;0
860;2024-02-29 12:00:00;2582;725;;0;0;1;0;0
861;2025-02-28 12:00:00;2582;726;;0;0;1;0;0
862;2022-04-30 12:00:00;2326;567;;0;0;1;0;0
863;2023-04-30 12:00:00;2326;727;;0;0;1;0;0
864;2024-04-30 12:00:00;2326;728;;0;0;1;0;0
865;2025-04-30 12:00:00;2326;729;;0;0;1;0;0
866;2023-04-30 12:00:00;6335;730;;0;0;1;0;0
867;2024-04-30 12:00:00;6335;731;;0;0;1;0;0
868;2025-04-30 12:00:00;6335;729;;0;0;1;0;0
869;2025-03-31 12:00:00;6936;732;;0;0;1;0;0
870;2025-03-31 12:00:00;7076;733;;0;0;1;0;0
871;2025-03-31 12:00:00;7077;734;;0;0;1;0;0
872;2022-01-06 12:00:00;2573;735;;0;0;1;0;0
873;2023-03-31 12:00:00;2573;736;;0;0;1;0;0
874;2024-03-31 12:00:00;2573;677;;0;0;1;0;0
875;2025-03-31 12:00:00;2573;737;;0;0;1;0;0
876;2022-03-31 12:00:00;2537;738;;0;0;1;0;0
877;2023-03-31 12:00:00;2537;676;;0;0;1;0;0
878;2024-03-31 12:00:00;2537;739;;0;0;1;0;0
879;2025-03-31 12:00:00;2537;740;;0;0;1;0;0
880;2022-02-28 12:00:00;2161;741;;0;0;1;0;0
881;2023-02-28 12:00:00;2161;742;;0;0;1;0;0
882;2024-02-29 12:00:00;2161;743;;0;0;1;0;0
883;2025-02-28 12:00:00;2161;744;;0;0;1;0;0
884;2024-03-31 12:00:00;6736;745;;0;0;1;0;0
885;2025-03-31 12:00:00;6736;744;;0;0;1;0;0
886;2022-01-31 12:00:00;2256;746;;0;0;1;0;0
887;2023-04-30 12:00:00;2256;747;;0;0;1;0;0
888;2024-04-30 12:00:00;2256;692;;0;0;1;0;0
889;2025-04-30 12:00:00;2256;748;;0;0;1;0;0
890;2023-04-30 12:00:00;1571;749;;0;0;1;0;0
891;2024-04-30 12:00:00;1571;695;;0;0;1;0;0
892;2025-04-30 12:00:00;1571;748;;0;0;1;0;0
893;2023-03-31 12:00:00;115;750;;0;0;1;0;0
894;2024-03-31 12:00:00;115;507;;0;0;1;0;0
895;2025-03-31 12:00:00;115;751;;0;0;1;0;0
896;2024-04-30 12:00:00;6921;752;;0;0;1;0;0
897;2025-04-30 12:00:00;6921;753;;0;0;1;0;0
898;2024-04-30 12:00:00;1704;754;;0;0;1;0;0
899;2025-04-30 12:00:00;1704;755;;0;0;1;0;0
900;2024-04-30 12:00:00;1901;756;;0;0;1;0;0
901;2025-04-30 12:00:00;1901;753;;0;0;1;0;0
902;2024-03-31 12:00:00;6917;757;;0;0;1;0;0
903;2025-03-31 12:00:00;6917;755;;0;0;1;0;0
904;2025-03-31 12:00:00;1690;758;;0;0;1;0;0
905;2023-01-31 12:00:00;823;759;;0;0;1;0;0
906;2024-01-31 12:00:00;823;186;;0;0;1;0;0
907;2025-01-31 12:00:00;823;760;;0;0;1;0;0
908;2023-04-30 12:00:00;2520;761;;0;0;1;0;0
909;2024-04-30 12:00:00;2520;762;;0;0;1;0;0
910;2025-04-30 12:00:00;2520;763;;0;0;1;0;0
911;2024-03-31 12:00:00;6938;764;;0;0;1;0;0
912;2025-03-31 12:00:00;6938;765;;0;0;1;0;0
913;2024-03-31 12:00:00;2609;766;;0;0;1;0;0
914;2025-03-31 12:00:00;2609;767;;0;0;1;0;0
915;2025-03-31 12:00:00;2227;768;;0;0;1;0;0
916;2024-03-31 12:00:00;6918;769;;0;0;1;0;0
917;2025-03-31 12:00:00;6918;770;;0;0;1;0;0
918;2022-02-28 12:00:00;2493;771;;0;0;1;0;0
919;2023-02-28 12:00:00;2493;772;;0;0;1;0;0
920;2024-02-29 12:00:00;2493;773;;0;0;1;0;0
921;2025-02-28 12:00:00;2493;774;;0;0;1;0;0
922;2024-04-30 12:00:00;1775;775;;0;0;1;0;0
923;2025-04-30 12:00:00;1775;770;;0;0;1;0;0
924;2025-02-28 12:00:00;2283;776;;0;0;1;0;0
925;2025-03-31 12:00:00;2387;777;;0;0;1;0;0
926;2024-01-31 12:00:00;274;778;;0;0;1;0;0
927;2025-01-31 12:00:00;274;779;;0;0;1;0;0
928;2024-02-29 12:00:00;2047;780;;0;0;1;0;0
929;2025-02-28 12:00:00;2047;779;;0;0;1;0;0
930;2023-03-31 12:00:00;146;781;;0;0;1;0;0
931;2024-03-31 12:00:00;146;137;;0;0;1;0;0
932;2025-03-31 12:00:00;146;782;;0;0;1;0;0
933;2023-02-28 12:00:00;2464;783;;0;0;1;0;0
934;;2464;784;;0;0;1;0;0
935;;2464;785;;0;0;1;0;0
936;2025-01-31 12:00:00;2464;786;;0;0;1;0;0
937;2022-02-28 12:00:00;243;787;;0;0;1;0;0
938;2023-02-28 12:00:00;243;788;;0;0;1;0;0
939;2024-02-29 12:00:00;243;413;;0;0;1;0;0
940;2025-02-28 12:00:00;243;789;;0;0;1;0;0
941;2024-04-30 12:00:00;6364;790;;0;0;1;0;0
942;2025-04-30 12:00:00;6364;791;;0;0;1;0;0
943;2025-01-31 12:00:00;2046;792;;0;0;1;0;0
944;2025-03-31 12:00:00;2385;793;;0;0;1;0;0
945;2023-05-31 12:00:00;1884;794;;0;0;1;0;0
946;2024-05-31 12:00:00;1884;795;;0;0;1;0;0
947;2025-05-31 12:00:00;1884;796;;0;0;1;0;0
948;2023-03-31 12:00:00;124;797;;0;0;1;0;0
949;2024-03-31 12:00:00;124;795;;0;0;1;0;0
950;2025-03-31 12:00:00;124;796;;0;0;1;0;0
951;2025-02-28 12:00:00;2565;798;;0;0;1;0;0
952;2025-01-31 12:00:00;468;799;;0;0;1;0;0
953;2023-03-31 12:00:00;90;800;;0;0;1;0;0
954;2024-08-31 12:00:00;90;801;;0;0;1;0;0
955;2025-01-31 12:00:00;90;802;;0;0;1;0;0
956;2022-02-28 12:00:00;41;803;;0;0;1;0;0
957;2023-02-28 12:00:00;41;804;;0;0;1;0;0
958;2024-02-29 12:00:00;41;805;;0;0;1;0;0
959;2025-02-28 12:00:00;41;806;;0;0;1;0;0
960;2022-02-28 12:00:00;3816;807;;0;0;1;0;0
961;2023-02-28 12:00:00;3816;804;;0;0;1;0;0
962;2024-02-29 12:00:00;3816;808;;0;0;1;0;0
963;2025-02-28 12:00:00;3816;806;;0;0;1;0;0
964;2025-04-30 12:00:00;2351;809;;0;0;1;0;0
965;2022-02-28 12:00:00;2855;810;;0;0;1;0;0
966;2023-02-28 12:00:00;2855;811;;0;0;1;0;0
967;2024-02-29 12:00:00;2855;812;;0;0;1;0;0
968;2025-02-28 12:00:00;2855;813;;0;0;1;0;0
969;2022-03-31 12:00:00;385;814;;0;0;1;0;0
970;2023-03-31 12:00:00;385;811;;0;0;1;0;0
971;2024-03-31 12:00:00;385;815;;0;0;1;0;0
972;2025-03-31 12:00:00;385;813;;0;0;1;0;0
973;2023-03-31 12:00:00;6236;816;;0;0;1;0;0
974;2024-03-31 12:00:00;6236;725;;0;0;1;0;0
975;2025-03-31 12:00:00;6236;817;;0;0;1;0;0
976;2022-02-28 12:00:00;2581;818;;0;0;1;0;0
977;2023-02-28 12:00:00;2581;819;;0;0;1;0;0
978;2024-02-29 12:00:00;2581;820;;0;0;1;0;0
979;2025-02-28 12:00:00;2581;817;;0;0;1;0;0
980;2025-03-31 12:00:00;2325;821;;0;0;1;0;0
981;2025-01-31 12:00:00;832;822;;0;0;1;0;0
982;2025-01-31 12:00:00;2465;823;;0;0;1;0;0
983;2025-03-31 12:00:00;2546;824;;0;0;1;0;0
984;2023-02-28 12:00:00;1862;825;;0;0;1;0;0
985;2024-02-29 12:00:00;1862;826;;0;0;1;0;0
986;2025-02-28 12:00:00;1862;827;;0;0;1;0;0
987;2022-02-28 12:00:00;2289;828;;0;0;1;0;0
988;2023-02-28 12:00:00;2289;829;;0;0;1;0;0
989;2024-02-29 12:00:00;2289;830;;0;0;1;0;0
990;2025-02-28 12:00:00;2289;831;;0;0;1;0;0
991;2024-04-30 12:00:00;1883;832;;0;0;1;0;0
992;2025-04-30 12:00:00;1883;831;;0;0;1;0;0
993;2024-04-30 12:00:00;6284;833;;0;0;1;0;0
994;2025-04-30 12:00:00;6284;834;;0;0;1;0;0
995;2024-04-30 12:00:00;6920;835;;0;0;1;0;0
996;2025-04-30 12:00:00;6920;834;;0;0;1;0;0
997;2023-03-31 12:00:00;6252;836;;0;0;1;0;0
998;2024-03-31 12:00:00;6252;837;;0;0;1;0;0
999;2025-03-31 12:00:00;6252;838;;0;0;1;0;0
1000;2022-02-28 12:00:00;2287;839;;0;0;1;0;0
1001;;2287;840;;0;0;1;0;0
1002;2024-02-29 12:00:00;2287;841;;0;0;1;0;0
1003;2025-02-28 12:00:00;2287;842;;0;0;1;0;0
1004;2025-03-31 12:00:00;1930;843;;0;0;1;0;0
1005;2024-04-30 12:00:00;6919;844;;0;0;1;0;0
1006;2025-04-30 12:00:00;6919;845;;0;0;1;0;0
1007;2023-04-30 12:00:00;6334;846;;0;0;1;0;0
1008;2024-04-30 12:00:00;6334;448;;0;0;1;0;0
1009;2025-04-30 12:00:00;6334;845;;0;0;1;0;0
1010;2022-04-30 12:00:00;2226;847;;0;0;1;0;0
1011;2023-04-30 12:00:00;2226;524;;0;0;1;0;0
1012;2024-04-30 12:00:00;2226;531;;0;0;1;0;0
1013;2025-04-30 12:00:00;2226;848;;0;0;1;0;0
1014;2023-04-30 12:00:00;6337;849;;0;0;1;0;0
1015;2024-04-30 12:00:00;6337;850;;0;0;1;0;0
1016;2025-04-30 12:00:00;6337;848;;0;0;1;0;0
1017;2022-03-31 12:00:00;1441;851;;0;0;1;0;0
1018;2023-03-31 12:00:00;1441;852;;0;0;1;0;0
1019;2024-03-31 12:00:00;1441;853;;0;0;1;0;0
1020;2025-03-31 12:00:00;1441;854;;0;0;1;0;0
1021;2024-05-31 12:00:00;6910;855;;0;0;1;0;0
1022;2025-05-31 12:00:00;6910;854;;0;0;1;0;0
1023;2022-02-28 12:00:00;675;856;;0;0;1;0;0
1024;2023-02-28 12:00:00;675;857;;0;0;1;0;0
1025;2024-02-29 12:00:00;675;858;;0;0;1;0;0
1026;2025-02-28 12:00:00;675;859;;0;0;1;0;0
1027;2022-12-31 12:00:00;2426;860;;0;0;1;0;0
1028;;2426;861;;0;0;1;0;0
1029;2024-03-31 12:00:00;2426;862;;0;0;1;0;0
1030;2025-03-31 12:00:00;2426;863;;0;0;1;0;0
1031;2023-05-31 12:00:00;1517;864;;0;0;1;0;0
1032;2024-05-31 12:00:00;1517;337;;0;0;1;0;0
1033;2025-05-31 12:00:00;1517;863;;0;0;1;0;0
1034;2025-01-31 12:00:00;7079;865;;0;0;1;0;0
1035;2025-01-31 12:00:00;7085;866;;0;0;1;0;0
1036;2022-06-30 12:00:00;2302;260;;0;0;1;0;0
1037;2023-06-30 12:00:00;2302;203;;0;0;1;0;0
1038;2024-06-30 12:00:00;2302;731;;0;0;1;0;0
1039;2025-06-30 12:00:00;2302;867;;0;0;1;0;0
1040;;7081;868;;0;0;1;0;0
1041;;7081;869;;0;0;1;0;0
1042;;7081;870;;0;0;1;0;0
1043;2025-01-31 12:00:00;7081;871;;0;0;1;0;0
1044;2024-05-31 12:00:00;1703;872;;0;0;1;0;0
1045;2025-05-31 12:00:00;1703;867;;0;0;1;0;0
1046;2025-01-31 12:00:00;1740;873;;0;0;1;0;0
1047;2025-01-31 12:00:00;7082;874;;0;0;1;0;0
1048;2025-01-31 12:00:00;7083;875;;0;0;1;0;0
1049;2022-01-31 12:00:00;924;876;;0;0;1;0;0
1050;2023-01-31 12:00:00;924;539;;0;0;1;0;0
1051;2024-01-31 12:00:00;924;877;;0;0;1;0;0
1052;2025-01-31 12:00:00;924;878;;0;0;1;0;0
1053;2024-03-31 12:00:00;1774;879;;0;0;1;0;0
1054;2025-03-31 12:00:00;1774;880;;0;0;1;0;0
1055;2022-03-31 12:00:00;1408;881;;0;0;1;0;0
1056;2023-03-31 12:00:00;1408;736;;0;0;1;0;0
1057;2024-03-31 12:00:00;1408;882;;0;0;1;0;0
1058;2025-03-31 12:00:00;1408;883;;0;0;1;0;0
1059;2022-03-31 12:00:00;2547;884;;0;0;1;0;0
1060;2023-03-31 12:00:00;2547;852;;0;0;1;0;0
1061;2024-03-31 12:00:00;2547;681;;0;0;1;0;0
1062;2025-03-31 12:00:00;2547;883;;0;0;1;0;0
1063;2022-03-31 12:00:00;2548;885;;0;0;1;0;0
1064;2023-03-31 12:00:00;2548;857;;0;0;1;0;0
1065;2024-03-31 12:00:00;2548;858;;0;0;1;0;0
1066;2025-03-31 12:00:00;2548;880;;0;0;1;0;0
1067;2022-03-31 12:00:00;2557;886;;0;0;1;0;0
1068;2023-03-31 12:00:00;2557;887;;0;0;1;0;0
1069;2024-03-31 12:00:00;2557;882;;0;0;1;0;0
1070;2025-03-31 12:00:00;2557;888;;0;0;1;0;0
