id;old_butee_date;employee_id;line_check_id;evaluation_id;is_long_absence;is_present;moring_presence;afternoon_presence
1;2022-02-28 12:00:00;41;1;;0;1;0;0
2;2023-02-28 12:00:00;41;2;;0;1;0;0
3;2024-02-29 12:00:00;41;3;;0;1;0;0
4;2025-02-28 12:00:00;41;4;;0;1;0;0
5;2022-06-30 12:00:00;50;5;;0;1;0;0
6;2023-06-30 12:00:00;50;6;;0;1;0;0
7;2024-06-30 12:00:00;50;7;;0;1;0;0
8;2025-06-30 12:00:00;50;8;;0;1;0;0
9;2024-04-30 12:00:00;51;9;;0;1;0;0
10;2025-04-30 12:00:00;51;10;;0;1;0;0
11;2022-11-30 12:00:00;57;11;;0;1;0;0
12;2023-11-30 12:00:00;57;12;;0;1;0;0
13;2024-11-30 12:00:00;57;13;;0;1;0;0
14;2022-11-30 12:00:00;58;14;;0;1;0;0
15;2023-11-30 12:00:00;58;15;;0;1;0;0
16;2024-11-30 12:00:00;58;16;;0;1;0;0
17;2022-06-30 12:00:00;66;17;;0;1;0;0
18;2023-06-30 12:00:00;66;18;;0;1;0;0
19;2024-06-30 12:00:00;66;19;;0;1;0;0
20;2025-07-31 12:00:00;66;20;;0;1;0;0
21;2022-04-30 12:00:00;72;21;;0;1;0;0
22;2023-04-30 12:00:00;72;22;;0;1;0;0
23;2024-04-30 12:00:00;72;23;;0;1;0;0
24;2025-06-30 12:00:00;72;24;;0;1;0;0
25;2023-02-28 12:00:00;78;25;;0;1;0;0
26;2024-02-29 12:00:00;78;26;;0;1;0;0
27;2025-02-28 12:00:00;78;27;;0;1;0;0
28;2022-09-30 12:00:00;79;28;;0;1;0;0
29;2023-09-30 12:00:00;79;29;;0;1;0;0
30;2024-09-30 12:00:00;79;30;;0;1;0;0
31;2023-05-31 12:00:00;80;31;;0;1;0;0
32;2024-06-30 12:00:00;80;32;;0;1;0;0
33;2025-06-30 12:00:00;80;33;;0;1;0;0
34;2022-06-30 12:00:00;88;34;;0;1;0;0
35;2023-06-30 12:00:00;88;35;;0;1;0;0
36;2024-06-30 12:00:00;88;36;;0;1;0;0
37;2025-06-30 12:00:00;88;37;;0;1;0;0
38;2022-01-31 12:00:00;89;38;;0;1;0;0
39;2023-02-28 12:00:00;89;39;;0;1;0;0
40;2024-02-29 12:00:00;89;40;;0;1;0;0
41;2025-02-28 12:00:00;89;10;;0;1;0;0
42;2023-03-31 12:00:00;90;41;;0;1;0;0
43;2024-08-31 12:00:00;90;42;;0;1;0;0
44;2025-01-31 12:00:00;90;43;;0;1;0;0
45;2022-07-31 12:00:00;6937;44;;0;1;0;0
46;2023-07-31 12:00:00;6937;45;;0;1;0;0
47;2024-07-31 12:00:00;6937;46;;0;1;0;0
48;2023-03-31 12:00:00;115;47;;0;1;0;0
49;2024-03-31 12:00:00;115;48;;0;1;0;0
50;2025-03-31 12:00:00;115;49;;0;1;0;0
51;2022-07-31 12:00:00;116;50;;0;1;0;0
52;2023-07-31 12:00:00;116;51;;0;1;0;0
53;2024-07-31 12:00:00;116;52;;0;1;0;0
54;2022-09-30 12:00:00;117;53;;0;1;0;0
55;2023-09-30 12:00:00;117;54;;0;1;0;0
56;2024-09-30 12:00:00;117;55;;0;1;0;0
57;2023-03-31 12:00:00;124;56;;0;1;0;0
58;2024-03-31 12:00:00;124;57;;0;1;0;0
59;2025-03-31 12:00:00;124;58;;0;1;0;0
60;2024-01-31 12:00:00;130;59;;0;1;0;0
61;2025-02-28 12:00:00;130;60;;0;1;0;0
62;2023-04-30 12:00:00;131;61;;0;1;0;0
63;2024-04-30 12:00:00;131;62;;0;1;0;0
64;2025-04-30 12:00:00;131;63;;0;1;0;0
65;2023-05-31 12:00:00;138;64;;0;1;0;0
66;2024-06-30 12:00:00;138;65;;0;1;0;0
67;2022-06-30 12:00:00;139;66;;0;1;0;0
68;2023-06-30 12:00:00;139;67;;0;1;0;0
69;2024-06-30 12:00:00;139;68;;0;1;0;0
70;2025-06-30 12:00:00;139;69;;0;1;0;0
71;2023-03-31 12:00:00;146;70;;0;1;0;0
72;2024-03-31 12:00:00;146;71;;0;1;0;0
73;2025-03-31 12:00:00;146;72;;0;1;0;0
74;2022-07-31 12:00:00;147;73;;0;1;0;0
75;2023-07-31 12:00:00;147;74;;0;1;0;0
76;2024-07-31 12:00:00;147;75;;0;1;0;0
77;2023-05-31 12:00:00;148;76;;0;1;0;0
78;2024-05-31 12:00:00;148;77;;0;1;0;0
79;2025-05-31 12:00:00;148;78;;0;1;0;0
80;2023-05-31 12:00:00;154;79;;0;1;0;0
81;2024-05-31 12:00:00;154;80;;0;1;0;0
82;2025-05-31 12:00:00;154;81;;0;1;0;0
83;2022-06-30 12:00:00;155;82;;0;1;0;0
84;2023-06-30 12:00:00;155;83;;0;1;0;0
85;2024-06-30 12:00:00;155;84;;0;1;0;0
86;2025-06-30 12:00:00;155;85;;0;1;0;0
87;2023-05-31 12:00:00;196;86;;0;1;0;0
88;2024-05-31 12:00:00;196;87;;0;1;0;0
89;2025-05-31 12:00:00;196;88;;0;1;0;0
90;2022-05-31 12:00:00;204;89;;0;1;0;0
91;2023-05-31 12:00:00;204;90;;0;1;0;0
92;2024-05-31 12:00:00;204;91;;0;1;0;0
93;2025-05-31 12:00:00;204;92;;0;1;0;0
94;2025-01-31 12:00:00;205;93;;0;1;0;0
95;2022-06-30 12:00:00;212;94;;0;1;0;0
96;2023-06-30 12:00:00;212;95;;0;1;0;0
97;2024-06-30 12:00:00;212;96;;0;1;0;0
98;2025-06-30 12:00:00;212;97;;0;1;0;0
99;2023-12-31 12:00:00;218;98;;0;1;0;0
100;2024-12-31 12:00:00;218;99;;0;1;0;0
101;2022-05-31 12:00:00;219;100;;0;1;0;0
102;2023-05-31 12:00:00;219;101;;0;1;0;0
103;2024-05-31 12:00:00;219;102;;0;1;0;0
104;2025-05-31 12:00:00;219;103;;0;1;0;0
105;2024-05-31 12:00:00;227;104;;0;1;0;0
106;2025-05-31 12:00:00;227;105;;0;1;0;0
107;2022-08-31 12:00:00;228;106;;0;1;0;0
108;2023-08-31 12:00:00;228;107;;0;1;0;0
109;2024-08-31 12:00:00;228;108;;0;1;0;0
110;2023-06-30 12:00:00;235;109;;0;1;0;0
111;2024-06-30 12:00:00;235;110;;0;1;0;0
112;2025-06-30 12:00:00;235;111;;0;1;0;0
113;2024-04-30 12:00:00;236;112;;0;1;0;0
114;2025-04-30 12:00:00;236;113;;0;1;0;0
115;2023-06-30 12:00:00;242;114;;0;1;0;0
116;2024-06-30 12:00:00;242;115;;0;1;0;0
117;2025-06-30 12:00:00;242;116;;0;1;0;0
118;2022-02-28 12:00:00;243;117;;0;1;0;0
119;2023-02-28 12:00:00;243;118;;0;1;0;0
120;2024-02-29 12:00:00;243;119;;0;1;0;0
121;2025-02-28 12:00:00;243;120;;0;1;0;0
122;2023-06-30 12:00:00;248;121;;0;1;0;0
123;2024-06-30 12:00:00;248;122;;0;1;0;0
124;2025-06-30 12:00:00;248;123;;0;1;0;0
125;2022-06-30 12:00:00;249;124;;0;1;0;0
126;2023-06-30 12:00:00;249;125;;0;1;0;0
127;2024-06-30 12:00:00;249;126;;0;1;0;0
128;2025-06-30 12:00:00;249;127;;0;1;0;0
129;2024-05-31 12:00:00;273;128;;0;1;0;0
130;2025-05-31 12:00:00;273;129;;0;1;0;0
131;2024-01-31 12:00:00;274;130;;0;1;0;0
132;2025-01-31 12:00:00;274;131;;0;1;0;0
133;2023-12-31 12:00:00;280;132;;0;1;0;0
134;2024-12-31 12:00:00;280;133;;0;1;0;0
135;2024-04-30 12:00:00;281;134;;0;1;0;0
136;2025-04-30 12:00:00;281;135;;0;1;0;0
137;2024-04-30 12:00:00;282;136;;0;1;0;0
138;2025-05-31 12:00:00;282;137;;0;1;0;0
139;2024-05-31 12:00:00;290;138;;0;1;0;0
140;2025-05-31 12:00:00;290;139;;0;1;0;0
141;2023-12-31 12:00:00;291;140;;0;1;0;0
142;2024-12-31 12:00:00;291;141;;0;1;0;0
143;2023-12-31 12:00:00;298;142;;0;1;0;0
144;2025-01-31 12:00:00;298;143;;0;1;0;0
145;2022-07-31 12:00:00;303;144;;0;1;0;0
146;2023-07-31 12:00:00;303;145;;0;1;0;0
147;2024-07-31 12:00:00;303;146;;0;1;0;0
148;2024-04-30 12:00:00;304;147;;0;1;0;0
149;2025-04-30 12:00:00;304;148;;0;1;0;0
150;2023-06-30 12:00:00;344;149;;0;1;0;0
151;2024-06-30 12:00:00;344;150;;0;1;0;0
152;2025-06-30 12:00:00;344;151;;0;1;0;0
153;2022-06-30 12:00:00;351;152;;0;1;0;0
154;2023-06-30 12:00:00;351;95;;0;1;0;0
155;2024-06-30 12:00:00;351;153;;0;1;0;0
156;2025-06-30 12:00:00;351;135;;0;1;0;0
157;2022-10-31 12:00:00;359;154;;0;1;0;0
158;2023-10-31 12:00:00;359;155;;0;1;0;0
159;2024-10-31 12:00:00;359;156;;0;1;0;0
160;2022-06-30 12:00:00;360;157;;0;1;0;0
161;2023-06-30 12:00:00;360;158;;0;1;0;0
162;2024-06-30 12:00:00;360;159;;0;1;0;0
163;2025-06-30 12:00:00;360;160;;0;1;0;0
164;2022-06-30 12:00:00;367;161;;0;1;0;0
165;2023-06-30 12:00:00;367;162;;0;1;0;0
166;2024-06-30 12:00:00;367;163;;0;1;0;0
167;2025-06-30 12:00:00;367;164;;0;1;0;0
168;2024-05-31 12:00:00;368;165;;0;1;0;0
169;2025-05-31 12:00:00;368;166;;0;1;0;0
170;2022-09-30 12:00:00;369;167;;0;1;0;0
171;2023-09-30 12:00:00;369;168;;0;1;0;0
172;2024-09-30 12:00:00;369;169;;0;1;0;0
173;2022-09-30 12:00:00;377;170;;0;1;0;0
174;2023-09-30 12:00:00;377;171;;0;1;0;0
175;2024-09-30 12:00:00;377;172;;0;1;0;0
176;2022-06-30 12:00:00;378;173;;0;1;0;0
177;2023-06-30 12:00:00;378;174;;0;1;0;0
178;2024-06-30 12:00:00;378;175;;0;1;0;0
179;2025-06-30 12:00:00;378;176;;0;1;0;0
180;2022-03-31 12:00:00;385;177;;0;1;0;0
181;2023-03-31 12:00:00;385;178;;0;1;0;0
182;2024-03-31 12:00:00;385;179;;0;1;0;0
183;2025-03-31 12:00:00;385;180;;0;1;0;0
184;2023-01-31 12:00:00;386;181;;0;1;0;0
185;2024-04-30 12:00:00;386;182;;0;1;0;0
186;2025-04-30 12:00:00;386;183;;0;1;0;0
187;2022-07-31 12:00:00;393;184;;0;1;0;0
188;2023-07-31 12:00:00;393;185;;0;1;0;0
189;2024-07-31 12:00:00;393;186;;0;1;0;0
190;2025-07-31 12:00:00;393;187;;0;1;0;0
191;2022-07-31 12:00:00;394;188;;0;1;0;0
192;2023-07-31 12:00:00;394;189;;0;1;0;0
193;2024-07-31 12:00:00;394;190;;0;1;0;0
194;2022-10-31 12:00:00;401;191;;0;1;0;0
195;2023-10-31 12:00:00;401;192;;0;1;0;0
196;2024-10-31 12:00:00;401;193;;0;1;0;0
197;2022-09-30 12:00:00;402;194;;0;1;0;0
198;2023-09-30 12:00:00;402;195;;0;1;0;0
199;2024-09-30 12:00:00;402;196;;0;1;0;0
200;2022-04-30 12:00:00;418;197;;0;1;0;0
201;2023-04-30 12:00:00;418;198;;0;1;0;0
202;2024-05-31 12:00:00;418;199;;0;1;0;0
203;2025-05-31 12:00:00;418;200;;0;1;0;0
204;2024-05-31 12:00:00;419;104;;0;1;0;0
205;2025-05-31 12:00:00;419;201;;0;1;0;0
206;2022-09-30 12:00:00;426;202;;0;1;0;0
207;2023-10-31 12:00:00;426;203;;0;1;0;0
208;2024-10-31 12:00:00;426;204;;0;1;0;0
209;2025-05-31 12:00:00;433;205;;0;1;0;0
210;2022-06-30 12:00:00;442;206;;0;1;0;0
211;2023-06-30 12:00:00;442;207;;0;1;0;0
212;2024-05-17 12:00:00;442;208;;0;1;0;0
213;2025-06-30 12:00:00;442;209;;0;1;0;0
214;2022-07-31 12:00:00;443;210;;0;1;0;0
215;2023-07-31 12:00:00;443;211;;0;1;0;0
216;2024-07-31 12:00:00;443;212;;0;1;0;0
217;2025-07-31 12:00:00;443;213;;0;1;0;0
218;2022-07-31 12:00:00;450;214;;0;1;0;0
219;2023-07-31 12:00:00;450;215;;0;1;0;0
220;2024-07-31 12:00:00;450;216;;0;1;0;0
221;2025-07-31 12:00:00;450;217;;0;1;0;0
222;2025-06-30 12:00:00;459;218;;0;1;0;0
223;2022-07-31 12:00:00;460;219;;0;1;0;0
224;2023-07-31 12:00:00;460;220;;0;1;0;0
225;2024-07-31 12:00:00;460;221;;0;1;0;0
226;2025-01-31 12:00:00;468;222;;0;1;0;0
227;2023-06-30 12:00:00;476;223;;0;1;0;0
228;2024-06-30 12:00:00;476;224;;0;1;0;0
229;2025-06-30 12:00:00;476;105;;0;1;0;0
230;2022-09-30 12:00:00;477;225;;0;1;0;0
231;2023-09-30 12:00:00;477;226;;0;1;0;0
232;2024-09-30 12:00:00;477;227;;0;1;0;0
233;2022-08-31 12:00:00;484;228;;0;1;0;0
234;2023-08-31 12:00:00;484;229;;0;1;0;0
235;2024-08-31 12:00:00;484;230;;0;1;0;0
236;2024-05-31 12:00:00;485;231;;0;1;0;0
237;2025-06-30 12:00:00;485;232;;0;1;0;0
238;2022-03-31 12:00:00;486;233;;0;1;0;0
239;2023-03-31 12:00:00;486;234;;0;1;0;0
240;2024-04-30 12:00:00;486;235;;0;1;0;0
241;2025-04-30 12:00:00;486;236;;0;1;0;0
242;2022-07-31 12:00:00;492;237;;0;1;0;0
243;2023-07-31 12:00:00;492;238;;0;1;0;0
244;2024-07-31 12:00:00;492;239;;0;1;0;0
245;2025-07-31 12:00:00;492;240;;0;1;0;0
246;2024-05-31 12:00:00;502;241;;0;1;0;0
247;2025-05-31 12:00:00;502;242;;0;1;0;0
248;2022-06-30 12:00:00;509;243;;0;1;0;0
249;2023-06-30 12:00:00;509;244;;0;1;0;0
250;2024-07-31 12:00:00;509;245;;0;1;0;0
251;2025-07-31 12:00:00;509;246;;0;1;0;0
252;2022-08-31 12:00:00;510;247;;0;1;0;0
253;2023-08-31 12:00:00;510;248;;0;1;0;0
254;2024-06-08 12:00:00;510;249;;0;1;0;0
255;2024-05-31 12:00:00;511;250;;0;1;0;0
256;2025-05-31 12:00:00;511;251;;0;1;0;0
257;2022-08-31 12:00:00;518;252;;0;1;0;0
258;2023-01-31 12:00:00;518;253;;0;1;0;0
259;2024-08-31 12:00:00;518;254;;0;1;0;0
260;2025-08-31 12:00:00;518;255;;0;1;0;0
261;2022-07-31 12:00:00;519;256;;0;1;0;0
262;2023-07-31 12:00:00;519;257;;0;1;0;0
263;2024-07-31 12:00:00;519;258;;0;1;0;0
264;2022-07-31 12:00:00;527;259;;0;1;0;0
265;2023-07-31 12:00:00;527;260;;0;1;0;0
266;2024-07-31 12:00:00;527;261;;0;1;0;0
267;2025-07-31 12:00:00;527;255;;0;1;0;0
268;2022-07-31 12:00:00;528;262;;0;1;0;0
269;2023-07-31 12:00:00;528;263;;0;1;0;0
270;2024-07-31 12:00:00;528;264;;0;1;0;0
271;2025-07-31 12:00:00;528;265;;0;1;0;0
272;2025-05-31 12:00:00;535;266;;0;1;0;0
273;2022-08-31 12:00:00;536;267;;0;1;0;0
274;2023-08-31 12:00:00;536;268;;0;1;0;0
275;2024-08-31 12:00:00;536;269;;0;1;0;0
276;2022-08-31 12:00:00;662;270;;0;1;0;0
277;2023-08-31 12:00:00;662;271;;0;1;0;0
278;2024-09-30 12:00:00;662;272;;0;1;0;0
279;2022-06-17 12:00:00;669;273;;0;1;0;0
280;2023-08-31 12:00:00;669;274;;0;1;0;0
281;2024-08-31 12:00:00;669;275;;0;1;0;0
282;2022-02-28 12:00:00;675;276;;0;1;0;0
283;2023-02-28 12:00:00;675;277;;0;1;0;0
284;2024-02-29 12:00:00;675;278;;0;1;0;0
285;2025-02-28 12:00:00;675;279;;0;1;0;0
286;2022-07-31 12:00:00;676;280;;0;1;0;0
287;2023-07-31 12:00:00;676;281;;0;1;0;0
288;2024-07-31 12:00:00;676;282;;0;1;0;0
289;2022-08-31 12:00:00;683;283;;0;1;0;0
290;2023-02-28 12:00:00;683;284;;0;1;0;0
291;2024-02-29 12:00:00;683;285;;0;1;0;0
292;2025-02-28 12:00:00;683;286;;0;1;0;0
293;2022-07-31 12:00:00;684;287;;0;1;0;0
294;2023-07-31 12:00:00;684;288;;0;1;0;0
295;2024-07-31 12:00:00;684;289;;0;1;0;0
296;2022-08-31 12:00:00;685;290;;0;1;0;0
297;2023-08-31 12:00:00;685;291;;0;1;0;0
298;2024-08-31 12:00:00;685;292;;0;1;0;0
299;2022-11-30 12:00:00;693;293;;0;1;0;0
300;2023-11-30 12:00:00;693;294;;0;1;0;0
301;2024-11-30 12:00:00;693;295;;0;1;0;0
302;2022-07-31 12:00:00;705;296;;0;1;0;0
303;2023-07-31 12:00:00;705;297;;0;1;0;0
304;2024-07-31 12:00:00;705;298;;0;1;0;0
305;2022-07-31 12:00:00;706;299;;0;1;0;0
306;;706;300;;0;1;0;0
307;2024-09-30 12:00:00;706;301;;0;1;0;0
308;2022-07-31 12:00:00;707;302;;0;1;0;0
309;2023-07-31 12:00:00;707;303;;0;1;0;0
310;2024-08-31 12:00:00;707;304;;0;1;0;0
311;2022-12-31 12:00:00;714;305;;0;1;0;0
312;2023-12-31 12:00:00;714;306;;0;1;0;0
313;2024-12-31 12:00:00;714;307;;0;1;0;0
314;2022-08-31 12:00:00;715;308;;0;1;0;0
315;2023-08-31 12:00:00;715;309;;0;1;0;0
316;2024-08-31 12:00:00;715;310;;0;1;0;0
317;2022-02-28 12:00:00;722;311;;0;1;0;0
318;2023-02-28 12:00:00;722;312;;0;1;0;0
319;2024-02-29 12:00:00;722;313;;0;1;0;0
320;2025-02-28 12:00:00;722;314;;0;1;0;0
321;2022-07-31 12:00:00;729;315;;0;1;0;0
322;2023-07-31 12:00:00;729;316;;0;1;0;0
323;2024-07-31 12:00:00;729;317;;0;1;0;0
324;2022-07-31 12:00:00;730;318;;0;1;0;0
325;2023-07-31 12:00:00;730;319;;0;1;0;0
326;2024-07-31 12:00:00;730;320;;0;1;0;0
327;2022-08-31 12:00:00;731;321;;0;1;0;0
328;2023-08-31 12:00:00;731;322;;0;1;0;0
329;2024-08-31 12:00:00;731;323;;0;1;0;0
330;2023-01-31 12:00:00;738;324;;0;1;0;0
331;2024-01-31 12:00:00;738;325;;0;1;0;0
332;2025-01-31 12:00:00;738;326;;0;1;0;0
333;2022-07-31 12:00:00;739;327;;0;1;0;0
334;2023-07-31 12:00:00;739;328;;0;1;0;0
335;2024-07-31 12:00:00;739;329;;0;1;0;0
336;2022-06-30 12:00:00;746;330;;0;1;0;0
337;2023-06-30 12:00:00;746;331;;0;1;0;0
338;2024-06-30 12:00:00;746;332;;0;1;0;0
339;2025-06-30 12:00:00;746;333;;0;1;0;0
340;2023-01-31 12:00:00;747;334;;0;1;0;0
341;2024-04-30 12:00:00;747;335;;0;1;0;0
342;2025-04-30 12:00:00;747;336;;0;1;0;0
343;2022-07-31 12:00:00;748;337;;0;1;0;0
344;2023-07-31 12:00:00;748;338;;0;1;0;0
345;2024-07-31 12:00:00;748;339;;0;1;0;0
346;2022-12-31 12:00:00;755;340;;0;1;0;0
347;2023-12-31 12:00:00;755;341;;0;1;0;0
348;2024-12-31 12:00:00;755;342;;0;1;0;0
349;2022-11-30 12:00:00;756;343;;0;1;0;0
350;2023-11-30 12:00:00;756;344;;0;1;0;0
351;2024-11-30 12:00:00;756;345;;0;1;0;0
352;2022-06-30 12:00:00;763;346;;0;1;0;0
353;2023-06-30 12:00:00;763;347;;0;1;0;0
354;2024-06-30 12:00:00;763;348;;0;1;0;0
355;2025-06-30 12:00:00;763;349;;0;1;0;0
356;2023-04-30 12:00:00;764;350;;0;1;0;0
357;2024-04-30 12:00:00;764;351;;0;1;0;0
358;2025-04-30 12:00:00;764;352;;0;1;0;0
359;2022-07-31 12:00:00;768;353;;0;1;0;0
360;2023-07-31 12:00:00;768;354;;0;1;0;0
361;2024-07-31 12:00:00;768;355;;0;1;0;0
362;2022-09-30 12:00:00;769;356;;0;1;0;0
363;2023-09-30 12:00:00;769;357;;0;1;0;0
364;2024-09-30 12:00:00;769;358;;0;1;0;0
365;2022-07-31 12:00:00;770;359;;0;1;0;0
366;2023-07-31 12:00:00;770;360;;0;1;0;0
367;2024-07-31 12:00:00;770;361;;0;1;0;0
368;2022-11-30 12:00:00;776;362;;0;1;0;0
369;2023-11-30 12:00:00;776;363;;0;1;0;0
370;2024-11-30 12:00:00;776;364;;0;1;0;0
371;2022-08-31 12:00:00;777;365;;0;1;0;0
372;2023-08-31 12:00:00;777;366;;0;1;0;0
373;2024-08-31 12:00:00;777;367;;0;1;0;0
374;2022-08-31 12:00:00;780;368;;0;1;0;0
375;2023-08-31 12:00:00;780;369;;0;1;0;0
376;2024-08-31 12:00:00;780;370;;0;1;0;0
377;2022-07-31 12:00:00;785;371;;0;1;0;0
378;2023-07-31 12:00:00;785;372;;0;1;0;0
379;2024-07-31 12:00:00;785;373;;0;1;0;0
380;2022-09-30 12:00:00;800;374;;0;1;0;0
381;2023-09-30 12:00:00;800;375;;0;1;0;0
382;2024-09-30 12:00:00;800;376;;0;1;0;0
383;2022-07-31 12:00:00;805;377;;0;1;0;0
384;2023-07-31 12:00:00;805;378;;0;1;0;0
385;2024-07-31 12:00:00;805;379;;0;1;0;0
386;2022-03-31 12:00:00;807;380;;0;1;0;0
387;2023-03-31 12:00:00;807;381;;0;1;0;0
388;2024-03-31 12:00:00;807;382;;0;1;0;0
389;2025-03-31 12:00:00;807;383;;0;1;0;0
390;2022-07-31 12:00:00;816;384;;0;1;0;0
391;2023-07-31 12:00:00;816;385;;0;1;0;0
392;2024-07-31 12:00:00;816;386;;0;1;0;0
393;2022-07-31 12:00:00;822;387;;0;1;0;0
394;2023-07-31 12:00:00;822;388;;0;1;0;0
395;2024-07-31 12:00:00;822;389;;0;1;0;0
396;2023-01-31 12:00:00;823;390;;0;1;0;0
397;2024-01-31 12:00:00;823;391;;0;1;0;0
398;2025-01-31 12:00:00;823;392;;0;1;0;0
399;2022-07-31 12:00:00;831;393;;0;1;0;0
400;2023-07-31 12:00:00;831;394;;0;1;0;0
401;2024-07-31 12:00:00;831;395;;0;1;0;0
402;2025-01-31 12:00:00;832;396;;0;1;0;0
403;2022-11-30 12:00:00;840;397;;0;1;0;0
404;2023-11-30 12:00:00;840;398;;0;1;0;0
405;2024-11-30 12:00:00;840;399;;0;1;0;0
406;2022-12-31 12:00:00;844;400;;0;1;0;0
407;2023-12-31 12:00:00;844;401;;0;1;0;0
408;2024-12-31 12:00:00;844;402;;0;1;0;0
409;2022-07-31 12:00:00;918;403;;0;1;0;0
410;2023-07-31 12:00:00;918;404;;0;1;0;0
411;2024-07-31 12:00:00;918;405;;0;1;0;0
412;2023-02-28 12:00:00;922;406;;0;1;0;0
413;2023-04-30 12:00:00;922;407;;0;1;0;0
414;2024-04-30 12:00:00;922;408;;0;1;0;0
415;2025-04-30 12:00:00;922;123;;0;1;0;0
416;2022-11-30 12:00:00;923;409;;0;1;0;0
417;2023-11-30 12:00:00;923;410;;0;1;0;0
418;2024-11-30 12:00:00;923;411;;0;1;0;0
419;2022-01-31 12:00:00;924;412;;0;1;0;0
420;2023-01-31 12:00:00;924;413;;0;1;0;0
421;2024-01-31 12:00:00;924;414;;0;1;0;0
422;2025-01-31 12:00:00;924;415;;0;1;0;0
423;2022-07-31 12:00:00;928;416;;0;1;0;0
424;2023-07-31 12:00:00;928;417;;0;1;0;0
425;2024-07-31 12:00:00;928;418;;0;1;0;0
426;2022-06-30 12:00:00;931;419;;0;1;0;0
427;2023-06-30 12:00:00;931;420;;0;1;0;0
428;2024-07-31 12:00:00;931;421;;0;1;0;0
429;2022-10-31 12:00:00;932;422;;0;1;0;0
430;2023-10-31 12:00:00;932;423;;0;1;0;0
431;2024-10-31 12:00:00;932;424;;0;1;0;0
432;2022-07-31 12:00:00;933;425;;0;1;0;0
433;2023-07-31 12:00:00;933;426;;0;1;0;0
434;2024-08-31 12:00:00;933;427;;0;1;0;0
435;2022-06-30 12:00:00;934;428;;0;1;0;0
436;2023-06-30 12:00:00;934;429;;0;1;0;0
437;2024-07-31 12:00:00;934;430;;0;1;0;0
438;2022-06-30 12:00:00;935;431;;0;1;0;0
439;2023-06-30 12:00:00;935;432;;0;1;0;0
440;2024-06-30 12:00:00;935;433;;0;1;0;0
441;2025-06-30 12:00:00;935;434;;0;1;0;0
442;2022-07-31 12:00:00;955;435;;0;1;0;0
443;2023-07-31 12:00:00;955;436;;0;1;0;0
444;2024-07-31 12:00:00;955;437;;0;1;0;0
445;2025-07-31 12:00:00;955;438;;0;1;0;0
446;2022-09-30 12:00:00;1392;439;;0;1;0;0
447;2023-09-30 12:00:00;1392;440;;0;1;0;0
448;2024-09-30 12:00:00;1392;441;;0;1;0;0
449;2022-03-31 12:00:00;1408;442;;0;1;0;0
450;2023-03-31 12:00:00;1408;443;;0;1;0;0
451;2024-03-31 12:00:00;1408;444;;0;1;0;0
452;2025-03-31 12:00:00;1408;445;;0;1;0;0
453;2023-05-31 12:00:00;1409;446;;0;1;0;0
454;2024-06-30 12:00:00;1409;447;;0;1;0;0
455;2025-06-30 12:00:00;1409;448;;0;1;0;0
456;2022-07-31 12:00:00;1421;449;;0;1;0;0
457;2023-07-31 12:00:00;1421;450;;0;1;0;0
458;2024-07-31 12:00:00;1421;451;;0;1;0;0
459;2022-06-30 12:00:00;1422;452;;0;1;0;0
460;2023-06-30 12:00:00;1422;453;;0;1;0;0
461;2024-06-30 12:00:00;1422;454;;0;1;0;0
462;2025-06-30 12:00:00;1422;455;;0;1;0;0
463;2022-07-31 12:00:00;1423;456;;0;1;0;0
464;2023-07-31 12:00:00;1423;457;;0;1;0;0
465;2024-07-31 12:00:00;1423;458;;0;1;0;0
466;2022-03-31 12:00:00;1439;459;;0;1;0;0
467;2023-03-31 12:00:00;1439;460;;0;1;0;0
468;2024-03-31 12:00:00;1439;461;;0;1;0;0
469;2025-03-31 12:00:00;1439;462;;0;1;0;0
470;2022-08-31 12:00:00;1440;463;;0;1;0;0
471;2023-08-31 12:00:00;1440;464;;0;1;0;0
472;2024-08-31 12:00:00;1440;465;;0;1;0;0
473;2022-03-31 12:00:00;1441;466;;0;1;0;0
474;2023-03-31 12:00:00;1441;467;;0;1;0;0
475;2024-03-31 12:00:00;1441;468;;0;1;0;0
476;2025-03-31 12:00:00;1441;469;;0;1;0;0
477;2023-09-30 12:00:00;1455;470;;0;1;0;0
478;2024-09-30 12:00:00;1455;471;;0;1;0;0
479;2023-09-30 12:00:00;1456;472;;0;1;0;0
480;2024-09-30 12:00:00;1456;473;;0;1;0;0
481;2022-07-31 12:00:00;1473;474;;0;1;0;0
482;2023-07-31 12:00:00;1473;475;;0;1;0;0
483;2024-07-31 12:00:00;1473;476;;0;1;0;0
484;2025-07-31 12:00:00;1473;477;;0;1;0;0
485;2024-05-31 12:00:00;1488;478;;0;1;0;0
486;2025-05-31 12:00:00;1488;479;;0;1;0;0
487;2022-06-30 12:00:00;1489;480;;0;1;0;0
488;2023-06-30 12:00:00;1489;90;;0;1;0;0
489;2024-06-30 12:00:00;1489;102;;0;1;0;0
490;2025-06-30 12:00:00;1489;63;;0;1;0;0
491;2022-11-30 12:00:00;1504;481;;0;1;0;0
492;2023-11-30 12:00:00;1504;482;;0;1;0;0
493;2024-11-30 12:00:00;1504;483;;0;1;0;0
494;2022-08-31 12:00:00;1505;484;;0;1;0;0
495;2023-08-31 12:00:00;1505;485;;0;1;0;0
496;2024-08-31 12:00:00;1505;486;;0;1;0;0
497;2023-05-31 12:00:00;1517;487;;0;1;0;0
498;2024-05-31 12:00:00;1517;488;;0;1;0;0
499;2025-05-31 12:00:00;1517;489;;0;1;0;0
500;2023-09-30 12:00:00;1518;490;;0;1;0;0
501;2024-09-30 12:00:00;1518;491;;0;1;0;0
502;2024-01-31 12:00:00;1534;492;;0;1;0;0
503;2025-01-31 12:00:00;1534;493;;0;1;0;0
504;2023-09-30 12:00:00;1535;494;;0;1;0;0
505;2024-09-30 12:00:00;1535;495;;0;1;0;0
506;2022-10-31 12:00:00;1536;496;;0;1;0;0
507;2023-10-31 12:00:00;1536;497;;0;1;0;0
508;2024-10-31 12:00:00;1536;498;;0;1;0;0
509;2022-10-31 12:00:00;1541;499;;0;1;0;0
510;2023-10-31 12:00:00;1541;500;;0;1;0;0
511;2024-10-31 12:00:00;1541;501;;0;1;0;0
512;2022-10-31 12:00:00;1542;502;;0;1;0;0
513;2023-10-31 12:00:00;1542;503;;0;1;0;0
514;2024-10-31 12:00:00;1542;504;;0;1;0;0
515;2023-09-30 12:00:00;1557;505;;0;1;0;0
516;2024-09-30 12:00:00;1557;506;;0;1;0;0
517;2023-04-30 12:00:00;1571;507;;0;1;0;0
518;2024-04-30 12:00:00;1571;508;;0;1;0;0
519;2025-04-30 12:00:00;1571;509;;0;1;0;0
520;2022-12-31 12:00:00;1572;510;;0;1;0;0
521;2023-12-31 12:00:00;1572;511;;0;1;0;0
522;2024-12-31 12:00:00;1572;512;;0;1;0;0
523;2022-06-30 12:00:00;1586;513;;0;1;0;0
524;2023-06-30 12:00:00;1586;514;;0;1;0;0
525;2024-07-31 12:00:00;1586;515;;0;1;0;0
526;2025-07-31 12:00:00;1586;516;;0;1;0;0
527;2022-08-31 12:00:00;1587;517;;0;1;0;0
528;2023-08-31 12:00:00;1587;518;;0;1;0;0
529;2024-08-31 12:00:00;1587;519;;0;1;0;0
530;2022-06-30 12:00:00;1606;520;;0;1;0;0
531;2023-06-30 12:00:00;1606;521;;0;1;0;0
532;2024-06-30 12:00:00;1606;522;;0;1;0;0
533;2022-12-31 12:00:00;1607;523;;0;1;0;0
534;2023-12-31 12:00:00;1607;524;;0;1;0;0
535;2024-12-31 12:00:00;1607;525;;0;1;0;0
536;2022-08-31 12:00:00;1608;526;;0;1;0;0
537;2023-08-31 12:00:00;1608;527;;0;1;0;0
538;2024-08-31 12:00:00;1608;528;;0;1;0;0
539;2022-07-31 12:00:00;1614;529;;0;1;0;0
540;2023-07-31 12:00:00;1614;530;;0;1;0;0
541;2024-07-31 12:00:00;1614;531;;0;1;0;0
542;2022-12-31 12:00:00;1615;532;;0;1;0;0
543;2023-12-31 12:00:00;1615;533;;0;1;0;0
544;2024-12-31 12:00:00;1615;534;;0;1;0;0
545;2023-09-30 12:00:00;1631;535;;0;1;0;0
546;2024-09-30 12:00:00;1631;536;;0;1;0;0
547;2022-10-31 12:00:00;1632;537;;0;1;0;0
548;2023-10-31 12:00:00;1632;538;;0;1;0;0
549;2024-10-31 12:00:00;1632;539;;0;1;0;0
550;2022-10-31 12:00:00;1633;540;;0;1;0;0
551;2023-10-31 12:00:00;1633;541;;0;1;0;0
552;2024-10-31 12:00:00;1633;542;;0;1;0;0
553;2024-05-31 12:00:00;1650;543;;0;1;0;0
554;2025-05-31 12:00:00;1650;544;;0;1;0;0
555;2022-10-31 12:00:00;1651;545;;0;1;0;0
556;2023-10-31 12:00:00;1651;546;;0;1;0;0
557;2024-10-31 12:00:00;1651;547;;0;1;0;0
558;2022-06-30 12:00:00;1652;548;;0;1;0;0
559;2023-06-30 12:00:00;1652;549;;0;1;0;0
560;2024-06-30 12:00:00;1652;550;;0;1;0;0
561;2025-06-30 12:00:00;1652;551;;0;1;0;0
562;2024-06-30 12:00:00;1669;552;;0;1;0;0
563;2025-06-30 12:00:00;1669;553;;0;1;0;0
564;2024-04-30 12:00:00;1670;554;;0;1;0;0
565;2025-04-30 12:00:00;1670;555;;0;1;0;0
566;2024-06-30 12:00:00;1676;556;;0;1;0;0
567;2025-06-30 12:00:00;1676;557;;0;1;0;0
568;2022-07-31 12:00:00;1682;558;;0;1;0;0
569;2023-07-31 12:00:00;1682;559;;0;1;0;0
570;2024-07-31 12:00:00;1682;560;;0;1;0;0
571;2025-07-31 12:00:00;1682;561;;0;1;0;0
572;2024-04-30 12:00:00;1683;562;;0;1;0;0
573;2025-04-30 12:00:00;1683;563;;0;1;0;0
574;2024-03-31 12:00:00;1689;564;;0;1;0;0
575;2025-04-30 12:00:00;1689;565;;0;1;0;0
576;2025-03-31 12:00:00;1690;566;;0;1;0;0
577;2024-04-30 12:00:00;1696;567;;0;1;0;0
578;2025-04-30 12:00:00;1696;568;;0;1;0;0
579;2024-05-31 12:00:00;1702;569;;0;1;0;0
580;2025-05-31 12:00:00;1702;570;;0;1;0;0
581;2024-05-31 12:00:00;1703;571;;0;1;0;0
582;2025-05-31 12:00:00;1703;572;;0;1;0;0
583;2024-04-30 12:00:00;1704;573;;0;1;0;0
584;2025-04-30 12:00:00;1704;574;;0;1;0;0
585;;1709;575;;0;1;0;0
586;;1709;576;;0;1;0;0
587;2024-12-31 12:00:00;1709;577;;0;1;0;0
588;2024-04-30 12:00:00;1710;578;;0;1;0;0
589;2025-04-30 12:00:00;1710;579;;0;1;0;0
590;2025-03-31 12:00:00;1716;580;;0;1;0;0
591;2023-09-30 12:00:00;1717;581;;0;1;0;0
592;2024-09-30 12:00:00;1717;582;;0;1;0;0
593;2025-06-30 12:00:00;1717;583;;0;1;0;0
594;2025-06-30 12:00:00;1718;584;;0;1;0;0
595;2024-05-31 12:00:00;1723;585;;0;1;0;0
596;2025-05-31 12:00:00;1723;586;;0;1;0;0
597;2025-03-31 12:00:00;1724;587;;0;1;0;0
598;2025-06-30 12:00:00;1740;588;;0;1;0;0
599;2023-01-31 12:00:00;1741;14;;0;1;0;0
600;2024-01-31 12:00:00;1741;589;;0;1;0;0
601;2025-01-31 12:00:00;1741;141;;0;1;0;0
602;2022-11-30 12:00:00;1742;590;;0;1;0;0
603;2023-11-30 12:00:00;1742;591;;0;1;0;0
604;2024-11-30 12:00:00;1742;592;;0;1;0;0
605;2022-12-31 12:00:00;1757;593;;0;1;0;0
606;2023-12-31 12:00:00;1757;594;;0;1;0;0
607;2024-12-31 12:00:00;1757;399;;0;1;0;0
608;2024-05-31 12:00:00;1758;595;;0;1;0;0
609;2025-05-31 12:00:00;1758;596;;0;1;0;0
610;2024-03-31 12:00:00;1774;597;;0;1;0;0
611;2025-03-31 12:00:00;1774;598;;0;1;0;0
612;2024-04-30 12:00:00;1775;599;;0;1;0;0
613;2025-04-30 12:00:00;1775;600;;0;1;0;0
614;2022-09-30 12:00:00;1776;601;;0;1;0;0
615;2023-09-30 12:00:00;1776;602;;0;1;0;0
616;2024-09-30 12:00:00;1776;603;;0;1;0;0
617;2022-11-30 12:00:00;1791;604;;0;1;0;0
618;2023-04-30 12:00:00;1791;605;;0;1;0;0
619;2024-04-30 12:00:00;1791;122;;0;1;0;0
620;2025-04-30 12:00:00;1791;201;;0;1;0;0
621;2025-05-31 12:00:00;1792;606;;0;1;0;0
622;2022-08-31 12:00:00;1808;607;;0;1;0;0
623;2023-08-31 12:00:00;1808;74;;0;1;0;0
624;2024-08-31 12:00:00;1808;52;;0;1;0;0
625;2025-05-31 12:00:00;1825;608;;0;1;0;0
626;2022-12-31 12:00:00;1841;609;;0;1;0;0
627;2023-12-31 12:00:00;1841;12;;0;1;0;0
628;2024-12-31 12:00:00;1841;610;;0;1;0;0
629;2025-06-30 12:00:00;1841;611;;0;1;0;0
630;2022-12-31 12:00:00;1842;11;;0;1;0;0
631;2023-06-30 12:00:00;1842;612;;0;1;0;0
632;2024-06-30 12:00:00;1842;613;;0;1;0;0
633;2025-06-30 12:00:00;1842;614;;0;1;0;0
634;2025-04-30 12:00:00;1862;615;;0;1;0;0
635;2024-08-31 12:00:00;1863;616;;0;1;0;0
636;2024-05-31 12:00:00;1864;617;;0;1;0;0
637;2025-05-31 12:00:00;1864;618;;0;1;0;0
638;2024-04-30 12:00:00;1883;619;;0;1;0;0
639;2025-04-30 12:00:00;1883;620;;0;1;0;0
640;2023-05-31 12:00:00;1884;621;;0;1;0;0
641;2024-05-31 12:00:00;1884;57;;0;1;0;0
642;2025-05-31 12:00:00;1884;58;;0;1;0;0
643;2024-04-30 12:00:00;1901;622;;0;1;0;0
644;2025-04-30 12:00:00;1901;623;;0;1;0;0
645;2024-05-31 12:00:00;1902;624;;0;1;0;0
646;2025-06-30 12:00:00;1902;625;;0;1;0;0
647;2023-06-30 12:00:00;1916;626;;0;1;0;0
648;2024-06-30 12:00:00;1916;23;;0;1;0;0
649;2025-06-30 12:00:00;1916;148;;0;1;0;0
650;2024-10-31 12:00:00;1917;627;;0;1;0;0
651;2025-06-30 12:00:00;1930;628;;0;1;0;0
652;2025-05-31 12:00:00;1931;629;;0;1;0;0
653;2022-06-29 12:00:00;1945;630;;0;1;0;0
654;2023-07-31 12:00:00;1945;631;;0;1;0;0
655;2024-07-31 12:00:00;1945;68;;0;1;0;0
656;2025-06-30 12:00:00;1945;632;;0;1;0;0
657;2025-04-30 12:00:00;1958;633;;0;1;0;0
658;2025-06-30 12:00:00;1959;634;;0;1;0;0
659;2024-05-31 12:00:00;1960;635;;0;1;0;0
660;2025-05-31 12:00:00;1960;636;;0;1;0;0
661;2025-05-31 12:00:00;1974;637;;0;1;0;0
662;2024-02-29 12:00:00;1975;638;;0;1;0;0
663;2025-02-28 12:00:00;1975;639;;0;1;0;0
664;2022-11-30 12:00:00;1976;640;;0;1;0;0
665;2023-11-30 12:00:00;1976;641;;0;1;0;0
666;2024-11-30 12:00:00;1976;642;;0;1;0;0
667;2024-09-30 12:00:00;1993;643;;0;1;0;0
668;2025-06-30 12:00:00;2017;644;;0;1;0;0
669;2024-06-30 12:00:00;2018;645;;0;1;0;0
670;2022-07-31 12:00:00;2032;50;;0;1;0;0
671;2023-07-31 12:00:00;2032;107;;0;1;0;0
672;2024-07-31 12:00:00;2032;150;;0;1;0;0
673;2025-06-30 12:00:00;2032;646;;0;1;0;0
674;2024-06-30 12:00:00;2045;647;;0;1;0;0
675;2025-06-30 12:00:00;2045;88;;0;1;0;0
676;2025-01-31 12:00:00;2046;648;;0;1;0;0
677;2024-02-29 12:00:00;2047;649;;0;1;0;0
678;2025-02-28 12:00:00;2047;131;;0;1;0;0
679;2022-07-31 12:00:00;2063;650;;0;1;0;0
680;2023-07-31 12:00:00;2063;45;;0;1;0;0
681;2024-07-31 12:00:00;2063;651;;0;1;0;0
682;2024-12-31 12:00:00;2075;652;;0;1;0;0
683;2024-06-30 12:00:00;2089;653;;0;1;0;0
684;2025-06-30 12:00:00;2089;654;;0;1;0;0
685;2022-08-31 12:00:00;2090;655;;0;1;0;0
686;2023-08-31 12:00:00;2090;656;;0;1;0;0
687;2024-08-31 12:00:00;2090;7;;0;1;0;0
688;2025-01-31 12:00:00;2102;657;;0;1;0;0
689;2024-02-29 12:00:00;2103;658;;0;1;0;0
690;2025-02-28 12:00:00;2103;27;;0;1;0;0
691;2024-09-30 12:00:00;2104;659;;0;1;0;0
692;2024-06-30 12:00:00;2117;660;;0;1;0;0
693;2025-06-30 12:00:00;2117;37;;0;1;0;0
694;2022-08-31 12:00:00;2118;219;;0;1;0;0
695;2023-08-31 12:00:00;2118;394;;0;1;0;0
696;2024-08-31 12:00:00;2118;329;;0;1;0;0
697;2022-06-30 12:00:00;2132;661;;0;1;0;0
698;2023-06-30 12:00:00;2132;420;;0;1;0;0
699;2024-06-30 12:00:00;2132;488;;0;1;0;0
700;2025-06-30 12:00:00;2132;555;;0;1;0;0
701;2023-01-31 12:00:00;2133;413;;0;1;0;0
702;2024-01-31 12:00:00;2133;306;;0;1;0;0
703;2025-01-31 12:00:00;2133;662;;0;1;0;0
704;2022-08-31 12:00:00;2147;663;;0;1;0;0
705;2023-08-31 12:00:00;2147;664;;0;1;0;0
706;2024-08-31 12:00:00;2147;665;;0;1;0;0
707;2024-06-30 12:00:00;2148;666;;0;1;0;0
708;2025-06-30 12:00:00;2148;667;;0;1;0;0
709;2022-02-28 12:00:00;2161;668;;0;1;0;0
710;2023-02-28 12:00:00;2161;669;;0;1;0;0
711;2024-02-29 12:00:00;2161;670;;0;1;0;0
712;2025-02-28 12:00:00;2161;671;;0;1;0;0
713;2024-05-31 12:00:00;2162;672;;0;1;0;0
714;2025-05-31 12:00:00;2162;673;;0;1;0;0
715;2023-05-31 12:00:00;2173;674;;0;1;0;0
716;;2173;675;;0;1;0;0
717;;2173;676;;0;1;0;0
718;2025-04-30 12:00:00;2173;677;;0;1;0;0
719;2023-01-31 12:00:00;2174;678;;0;1;0;0
720;2024-01-31 12:00:00;2174;40;;0;1;0;0
721;2025-01-31 12:00:00;2174;133;;0;1;0;0
722;2022-09-30 12:00:00;2186;308;;0;1;0;0
723;2023-09-30 12:00:00;2186;229;;0;1;0;0
724;2024-09-30 12:00:00;2186;221;;0;1;0;0
725;2022-06-30 12:00:00;2187;679;;0;1;0;0
726;2023-06-30 12:00:00;2187;67;;0;1;0;0
727;2024-06-30 12:00:00;2187;65;;0;1;0;0
728;2023-05-31 12:00:00;2188;680;;0;1;0;0
729;2024-05-31 12:00:00;2188;48;;0;1;0;0
730;2024-06-30 12:00:00;2198;681;;0;1;0;0
731;2025-06-30 12:00:00;2198;242;;0;1;0;0
732;2022-08-31 12:00:00;2207;682;;0;1;0;0
733;2023-08-31 12:00:00;2207;683;;0;1;0;0
734;2024-08-31 12:00:00;2207;46;;0;1;0;0
735;2024-07-31 12:00:00;2218;684;;0;1;0;0
736;2025-07-31 12:00:00;2218;685;;0;1;0;0
737;2024-02-29 12:00:00;2219;686;;0;1;0;0
738;2025-02-28 12:00:00;2219;60;;0;1;0;0
739;2023-01-31 12:00:00;2220;687;;0;1;0;0
740;2024-01-31 12:00:00;2220;344;;0;1;0;0
741;2025-01-31 12:00:00;2220;345;;0;1;0;0
742;2025-01-31 12:00:00;2221;688;;0;1;0;0
743;2024-08-31 12:00:00;2222;689;;0;1;0;0
744;2025-08-31 12:00:00;2222;232;;0;1;0;0
745;2023-01-31 12:00:00;2223;690;;0;1;0;0
746;2024-01-31 12:00:00;2223;691;;0;1;0;0
747;2025-01-31 12:00:00;2223;342;;0;1;0;0
748;;2224;692;;0;1;0;0
749;2023-11-30 12:00:00;2224;693;;0;1;0;0
750;2024-11-30 12:00:00;2224;694;;0;1;0;0
751;2022-03-31 12:00:00;2225;695;;0;1;0;0
752;2023-03-31 12:00:00;2225;696;;0;1;0;0
753;2024-04-30 12:00:00;2225;697;;0;1;0;0
754;2025-04-30 12:00:00;2225;618;;0;1;0;0
755;2022-04-30 12:00:00;2226;698;;0;1;0;0
756;2023-04-30 12:00:00;2226;207;;0;1;0;0
757;2024-04-30 12:00:00;2226;159;;0;1;0;0
758;2025-04-30 12:00:00;2226;699;;0;1;0;0
759;2025-03-31 12:00:00;2227;700;;0;1;0;0
760;2022-03-31 12:00:00;2228;380;;0;1;0;0
761;2023-03-31 12:00:00;2228;701;;0;1;0;0
762;2024-03-31 12:00:00;2228;702;;0;1;0;0
763;2025-04-30 12:00:00;2228;596;;0;1;0;0
764;2022-02-28 12:00:00;2229;703;;0;1;0;0
765;2023-02-28 12:00:00;2229;704;;0;1;0;0
766;2024-10-31 12:00:00;2229;501;;0;1;0;0
767;2022-12-31 12:00:00;2239;705;;0;1;0;0
768;2023-12-31 12:00:00;2239;482;;0;1;0;0
769;2024-12-31 12:00:00;2239;642;;0;1;0;0
770;2022-09-30 12:00:00;2240;706;;0;1;0;0
771;2023-09-30 12:00:00;2240;707;;0;1;0;0
772;2024-09-30 12:00:00;2240;708;;0;1;0;0
773;2022-11-30 12:00:00;2241;709;;0;1;0;0
774;2023-11-30 12:00:00;2241;591;;0;1;0;0
775;2024-11-30 12:00:00;2241;491;;0;1;0;0
776;2022-06-30 12:00:00;2242;710;;0;1;0;0
777;2023-06-30 12:00:00;2242;238;;0;1;0;0
778;2024-06-30 12:00:00;2242;711;;0;1;0;0
779;2025-06-30 12:00:00;2242;434;;0;1;0;0
780;2024-07-31 12:00:00;2255;712;;0;1;0;0
781;2025-07-31 12:00:00;2255;713;;0;1;0;0
782;2022-01-31 12:00:00;2256;714;;0;1;0;0
783;2023-04-30 12:00:00;2256;715;;0;1;0;0
784;2024-04-30 12:00:00;2256;716;;0;1;0;0
785;2025-04-30 12:00:00;2256;509;;0;1;0;0
786;2022-06-30 12:00:00;2257;717;;0;1;0;0
787;2023-06-30 12:00:00;2257;521;;0;1;0;0
788;2024-07-31 12:00:00;2257;718;;0;1;0;0
789;2025-07-31 12:00:00;2257;719;;0;1;0;0
790;2025-03-31 12:00:00;2258;720;;0;1;0;0
791;2024-12-31 12:00:00;2259;721;;0;1;0;0
792;2022-08-31 12:00:00;2261;722;;0;1;0;0
793;2023-08-31 12:00:00;2261;316;;0;1;0;0
794;2024-08-31 12:00:00;2261;261;;0;1;0;0
795;2025-08-31 12:00:00;2261;265;;0;1;0;0
796;2025-05-31 12:00:00;2262;723;;0;1;0;0
797;2022-06-30 12:00:00;2281;724;;0;1;0;0
798;2023-06-30 12:00:00;2281;244;;0;1;0;0
799;2024-06-30 12:00:00;2281;725;;0;1;0;0
800;2025-06-30 12:00:00;2281;726;;0;1;0;0
801;2022-06-30 12:00:00;2282;243;;0;1;0;0
802;2023-06-30 12:00:00;2282;727;;0;1;0;0
803;2024-06-30 12:00:00;2282;728;;0;1;0;0
804;2025-06-30 12:00:00;2282;240;;0;1;0;0
805;2025-02-28 12:00:00;2283;729;;0;1;0;0
806;2025-02-28 12:00:00;2284;730;;0;1;0;0
807;2025-02-28 12:00:00;2285;731;;0;1;0;0
808;2022-09-30 12:00:00;2286;368;;0;1;0;0
809;2023-09-30 12:00:00;2286;426;;0;1;0;0
810;2024-09-30 12:00:00;2286;732;;0;1;0;0
811;2022-02-28 12:00:00;2287;733;;0;1;0;0
812;;2287;734;;0;1;0;0
813;2024-02-29 12:00:00;2287;735;;0;1;0;0
814;2025-02-28 12:00:00;2287;736;;0;1;0;0
815;2022-07-31 12:00:00;2288;188;;0;1;0;0
816;2023-07-31 12:00:00;2288;263;;0;1;0;0
817;2024-07-31 12:00:00;2288;433;;0;1;0;0
818;2025-07-31 12:00:00;2288;209;;0;1;0;0
819;2022-02-28 12:00:00;2289;737;;0;1;0;0
820;2023-02-28 12:00:00;2289;738;;0;1;0;0
821;2024-02-29 12:00:00;2289;739;;0;1;0;0
822;2025-02-28 12:00:00;2289;620;;0;1;0;0
823;2022-07-31 12:00:00;2290;740;;0;1;0;0
824;2023-07-31 12:00:00;2290;378;;0;1;0;0
825;2024-07-31 12:00:00;2290;216;;0;1;0;0
826;2022-09-30 12:00:00;2291;499;;0;1;0;0
827;2023-09-30 12:00:00;2291;319;;0;1;0;0
828;2024-09-30 12:00:00;2291;339;;0;1;0;0
829;2022-09-30 12:00:00;2292;194;;0;1;0;0
830;2023-09-30 12:00:00;2292;271;;0;1;0;0
831;2024-09-30 12:00:00;2292;239;;0;1;0;0
832;2022-09-30 12:00:00;2296;228;;0;1;0;0
833;2023-09-30 12:00:00;2296;450;;0;1;0;0
834;2024-09-30 12:00:00;2296;441;;0;1;0;0
835;2022-08-31 12:00:00;2301;44;;0;1;0;0
836;2023-08-31 12:00:00;2301;741;;0;1;0;0
837;2024-08-31 12:00:00;2301;742;;0;1;0;0
838;2025-06-30 12:00:00;2301;646;;0;1;0;0
839;2025-05-31 12:00:00;2300;743;;0;1;0;0
840;2022-06-30 12:00:00;2302;184;;0;1;0;0
841;2023-06-30 12:00:00;2302;385;;0;1;0;0
842;2024-06-30 12:00:00;2302;744;;0;1;0;0
843;2025-06-30 12:00:00;2302;572;;0;1;0;0
844;2022-07-31 12:00:00;2321;745;;0;1;0;0
845;2023-07-31 12:00:00;2321;303;;0;1;0;0
846;2024-07-31 12:00:00;2321;190;;0;1;0;0
847;2025-07-31 12:00:00;2321;455;;0;1;0;0
848;2025-05-31 12:00:00;2322;746;;0;1;0;0
849;2025-10-31 12:00:00;2324;747;;0;1;0;0
850;2025-03-31 12:00:00;2325;748;;0;1;0;0
851;2022-04-30 12:00:00;2326;197;;0;1;0;0
852;2023-04-30 12:00:00;2326;749;;0;1;0;0
853;2024-04-30 12:00:00;2326;750;;0;1;0;0
854;2025-04-30 12:00:00;2326;751;;0;1;0;0
855;2024-05-31 12:00:00;2330;104;;0;1;0;0
856;2025-05-31 12:00:00;2330;105;;0;1;0;0
857;2025-05-31 12:00:00;2333;752;;0;1;0;0
858;2022-06-30 12:00:00;2334;753;;0;1;0;0
859;2023-06-30 12:00:00;2334;174;;0;1;0;0
860;2024-06-30 12:00:00;2334;199;;0;1;0;0
861;2025-06-30 12:00:00;2334;754;;0;1;0;0
862;2025-05-31 12:00:00;2335;755;;0;1;0;0
863;2025-06-30 12:00:00;2338;756;;0;1;0;0
864;2022-10-31 12:00:00;2339;343;;0;1;0;0
865;2023-10-31 12:00:00;2339;757;;0;1;0;0
866;2024-10-31 12:00:00;2339;292;;0;1;0;0
867;2025-04-30 12:00:00;2351;758;;0;1;0;0
868;2025-02-28 12:00:00;2352;759;;0;1;0;0
869;2024-05-31 12:00:00;2362;104;;0;1;0;0
870;2025-05-31 12:00:00;2362;105;;0;1;0;0
871;2025-03-31 12:00:00;2385;760;;0;1;0;0
872;2025-03-31 12:00:00;2387;761;;0;1;0;0
873;2023-01-31 12:00:00;2388;762;;0;1;0;0
874;2024-04-30 12:00:00;2388;763;;0;1;0;0
875;2022-08-31 12:00:00;2389;280;;0;1;0;0
876;2023-08-31 12:00:00;2389;220;;0;1;0;0
877;2024-05-31 12:00:00;2389;208;;0;1;0;0
878;2025-05-31 12:00:00;2389;764;;0;1;0;0
879;2024-12-31 12:00:00;2390;765;;0;1;0;0
880;2022-06-30 12:00:00;2394;766;;0;1;0;0
881;2023-06-30 12:00:00;2394;767;;0;1;0;0
882;2024-06-30 12:00:00;2394;768;;0;1;0;0
883;2025-06-30 12:00:00;2394;769;;0;1;0;0
884;2022-06-30 12:00:00;2395;770;;0;1;0;0
885;2023-06-30 12:00:00;2395;125;;0;1;0;0
886;2024-06-30 12:00:00;2395;771;;0;1;0;0
887;2025-06-30 12:00:00;2395;772;;0;1;0;0
888;2022-09-30 12:00:00;2396;28;;0;1;0;0
889;2023-09-30 12:00:00;2396;773;;0;1;0;0
890;2024-09-30 12:00:00;2396;774;;0;1;0;0
891;2024-06-30 12:00:00;2418;775;;0;1;0;0
892;2025-06-30 12:00:00;2418;776;;0;1;0;0
893;2024-08-31 12:00:00;2419;777;;0;1;0;0
894;2022-06-30 12:00:00;2425;419;;0;1;0;0
895;2023-06-30 12:00:00;2425;778;;0;1;0;0
896;2024-08-31 12:00:00;2425;304;;0;1;0;0
897;2025-08-31 12:00:00;2425;779;;0;1;0;0
898;2022-12-31 12:00:00;2426;780;;0;1;0;0
899;;2426;781;;0;1;0;0
900;2024-03-31 12:00:00;2426;782;;0;1;0;0
901;2025-03-31 12:00:00;2426;489;;0;1;0;0
902;2022-10-31 12:00:00;2435;537;;0;1;0;0
903;2023-10-31 12:00:00;2435;357;;0;1;0;0
904;2024-10-31 12:00:00;2435;783;;0;1;0;0
905;2022-06-30 12:00:00;2436;513;;0;1;0;0
906;2023-06-30 12:00:00;2436;784;;0;1;0;0
907;2024-06-30 12:00:00;2436;348;;0;1;0;0
908;2025-06-30 12:00:00;2436;785;;0;1;0;0
909;2022-08-31 12:00:00;2444;786;;0;1;0;0
910;2023-08-31 12:00:00;2444;787;;0;1;0;0
911;2024-08-31 12:00:00;2444;36;;0;1;0;0
912;2022-06-30 12:00:00;2445;788;;0;1;0;0
913;2023-06-30 12:00:00;2445;6;;0;1;0;0
914;2024-06-30 12:00:00;2445;87;;0;1;0;0
915;2025-06-30 12:00:00;2445;789;;0;1;0;0
916;2025-05-31 12:00:00;6930;790;;0;1;0;0
917;2025-02-28 12:00:00;2454;791;;0;1;0;0
918;2023-02-28 12:00:00;2464;792;;0;1;0;0
919;;2464;793;;0;1;0;0
920;;2464;794;;0;1;0;0
921;2025-01-31 12:00:00;2464;795;;0;1;0;0
922;2025-01-31 12:00:00;2465;796;;0;1;0;0
923;2022-12-31 12:00:00;2481;797;;0;1;0;0
924;2023-12-31 12:00:00;2481;798;;0;1;0;0
925;2024-12-31 12:00:00;2481;504;;0;1;0;0
926;2022-12-31 12:00:00;2492;523;;0;1;0;0
927;2023-12-31 12:00:00;2492;799;;0;1;0;0
928;2024-12-31 12:00:00;2492;542;;0;1;0;0
929;2022-02-28 12:00:00;2493;800;;0;1;0;0
930;2023-02-28 12:00:00;2493;801;;0;1;0;0
931;2024-02-29 12:00:00;2493;802;;0;1;0;0
932;2023-01-31 12:00:00;2501;803;;0;1;0;0
933;2024-01-31 12:00:00;2501;119;;0;1;0;0
934;2025-01-31 12:00:00;2501;804;;0;1;0;0
935;2023-01-31 12:00:00;2502;805;;0;1;0;0
936;2024-02-29 12:00:00;2502;806;;0;1;0;0
937;2025-02-28 12:00:00;2502;307;;0;1;0;0
938;2023-01-31 12:00:00;2509;807;;0;1;0;0
939;2024-01-31 12:00:00;2509;808;;0;1;0;0
940;2025-01-31 12:00:00;2509;483;;0;1;0;0
941;2023-01-31 12:00:00;2510;809;;0;1;0;0
942;2024-01-31 12:00:00;2510;382;;0;1;0;0
943;2025-01-31 12:00:00;2510;512;;0;1;0;0
944;2022-07-31 12:00:00;2511;810;;0;1;0;0
945;2023-07-31 12:00:00;2511;354;;0;1;0;0
946;2024-07-31 12:00:00;2511;811;;0;1;0;0
947;2022-06-30 12:00:00;2518;812;;0;1;0;0
948;2023-06-30 12:00:00;2518;372;;0;1;0;0
949;2024-06-30 12:00:00;2518;355;;0;1;0;0
950;2023-01-31 12:00:00;2519;813;;0;1;0;0
951;2024-01-31 12:00:00;2519;814;;0;1;0;0
952;2025-01-31 12:00:00;2519;525;;0;1;0;0
953;2023-04-30 12:00:00;2520;815;;0;1;0;0
954;2024-04-30 12:00:00;2520;816;;0;1;0;0
955;2025-04-30 12:00:00;2520;817;;0;1;0;0
956;2023-04-30 12:00:00;2526;818;;0;1;0;0
957;2024-04-30 12:00:00;2526;508;;0;1;0;0
958;2022-08-31 12:00:00;2527;819;;0;1;0;0
959;2023-08-31 12:00:00;2527;820;;0;1;0;0
960;2024-08-31 12:00:00;2527;821;;0;1;0;0
961;2022-08-31 12:00:00;2528;822;;0;1;0;0
962;2023-08-31 12:00:00;2528;823;;0;1;0;0
963;2024-08-31 12:00:00;2528;824;;0;1;0;0
964;2025-06-30 12:00:00;2528;825;;0;1;0;0
965;2022-06-30 12:00:00;2536;826;;0;1;0;0
966;2023-06-30 12:00:00;2536;827;;0;1;0;0
967;2024-06-30 12:00:00;2536;828;;0;1;0;0
968;2025-04-30 12:00:00;2537;829;;0;1;0;0
969;2022-06-30 12:00:00;2538;830;;0;1;0;0
970;2023-06-30 12:00:00;2538;831;;0;1;0;0
971;2024-06-30 12:00:00;2538;832;;0;1;0;0
972;2025-03-31 12:00:00;2546;833;;0;1;0;0
973;2022-03-31 12:00:00;2547;834;;0;1;0;0
974;2023-03-31 12:00:00;2547;467;;0;1;0;0
975;2024-03-31 12:00:00;2547;461;;0;1;0;0
976;2025-06-30 12:00:00;2547;835;;0;1;0;0
977;2022-03-31 12:00:00;2548;836;;0;1;0;0
978;2023-03-31 12:00:00;2548;277;;0;1;0;0
979;2024-03-31 12:00:00;2548;278;;0;1;0;0
980;2025-06-30 12:00:00;2548;837;;0;1;0;0
981;2025-04-30 12:00:00;2556;838;;0;1;0;0
982;2022-03-31 12:00:00;2557;839;;0;1;0;0
983;2023-03-31 12:00:00;2557;840;;0;1;0;0
984;2024-03-31 12:00:00;2557;444;;0;1;0;0
985;2025-03-31 12:00:00;2557;841;;0;1;0;0
986;2025-02-28 12:00:00;2565;842;;0;1;0;0
987;2025-05-31 12:00:00;2566;843;;0;1;0;0
988;2025-04-30 12:00:00;2573;844;;0;1;0;0
989;2022-01-31 12:00:00;2574;845;;0;1;0;0
990;2024-02-29 12:00:00;2574;846;;0;1;0;0
991;2025-02-28 12:00:00;2574;847;;0;1;0;0
992;2022-12-31 12:00:00;6916;848;;0;1;0;0
993;2023-12-31 12:00:00;6916;849;;0;1;0;0
994;2024-12-31 12:00:00;6916;498;;0;1;0;0
995;2022-10-31 12:00:00;2575;496;;0;1;0;0
996;2023-10-31 12:00:00;2575;168;;0;1;0;0
997;2024-10-31 12:00:00;2575;471;;0;1;0;0
998;2022-02-28 12:00:00;2581;850;;0;1;0;0
999;2023-02-28 12:00:00;2581;851;;0;1;0;0
1000;2024-02-29 12:00:00;2581;852;;0;1;0;0
1001;2025-02-28 12:00:00;2581;853;;0;1;0;0
1002;2022-01-31 12:00:00;2582;854;;0;1;0;0
1003;2023-02-28 12:00:00;2582;855;;0;1;0;0
1004;2024-02-29 12:00:00;2582;856;;0;1;0;0
1005;2025-02-28 12:00:00;2582;857;;0;1;0;0
1006;2022-12-31 12:00:00;2589;858;;0;1;0;0
1007;2023-12-31 12:00:00;2589;192;;0;1;0;0
1008;2024-12-31 12:00:00;2589;364;;0;1;0;0
1009;2023-05-31 12:00:00;2590;859;;0;1;0;0
1010;2024-06-30 12:00:00;2590;860;;0;1;0;0
1011;2025-06-30 12:00:00;2590;776;;0;1;0;0
1012;2024-03-31 12:00:00;6938;861;;0;1;0;0
1013;2025-03-31 12:00:00;6938;862;;0;1;0;0
1014;2023-02-28 12:00:00;2591;863;;0;1;0;0
1015;2024-03-31 12:00:00;2591;864;;0;1;0;0
1016;2025-03-31 12:00:00;2591;383;;0;1;0;0
1017;2023-11-30 12:00:00;2600;865;;0;1;0;0
1018;2024-11-30 12:00:00;2600;358;;0;1;0;0
1019;2024-01-31 12:00:00;2601;866;;0;1;0;0
1020;2025-01-31 12:00:00;2601;867;;0;1;0;0
1021;2024-03-31 12:00:00;2609;868;;0;1;0;0
1022;2025-03-31 12:00:00;2609;869;;0;1;0;0
1023;2023-12-31 12:00:00;2615;870;;0;1;0;0
1024;2024-12-31 12:00:00;2615;592;;0;1;0;0
1025;2023-11-30 12:00:00;2616;871;;0;1;0;0
1026;2024-11-30 12:00:00;2616;582;;0;1;0;0
1027;2025-07-31 12:00:00;2811;872;;0;1;0;0
1028;;;873;;0;1;0;0
1029;2025-06-30 12:00:00;7100;874;;0;1;0;0
1030;2025-06-30 12:00:00;7101;875;;0;1;0;0
1031;2025-06-30 12:00:00;7102;876;;0;1;0;0
1032;;;873;;0;1;0;0
1033;;;873;;0;1;0;0
1034;;;873;;0;1;0;0
1035;;;873;;0;1;0;0
1036;;;873;;0;1;0;0
1037;;;873;;0;1;0;0
1038;;;873;;0;1;0;0
1039;;;873;;0;1;0;0
1040;;;873;;0;1;0;0
1041;;;873;;0;1;0;0
1042;;;873;;0;1;0;0
1043;;;873;;0;1;0;0
1044;;;873;;0;1;0;0
1045;2023-05-31 12:00:00;2854;877;;0;1;0;0
1046;2024-05-31 12:00:00;2854;725;;0;1;0;0
1047;2025-05-31 12:00:00;2854;878;;0;1;0;0
1048;2022-02-28 12:00:00;2855;879;;0;1;0;0
1049;2023-02-28 12:00:00;2855;178;;0;1;0;0
1050;2024-02-29 12:00:00;2855;880;;0;1;0;0
1051;2025-02-28 12:00:00;2855;180;;0;1;0;0
1052;2022-02-28 12:00:00;3816;881;;0;1;0;0
1053;2023-02-28 12:00:00;3816;2;;0;1;0;0
1054;2024-02-29 12:00:00;3816;882;;0;1;0;0
1055;2025-02-28 12:00:00;3816;4;;0;1;0;0
1056;2023-03-31 12:00:00;6236;883;;0;1;0;0
1057;2024-03-31 12:00:00;6236;856;;0;1;0;0
1058;2025-03-31 12:00:00;6236;853;;0;1;0;0
1059;2023-03-31 12:00:00;6252;884;;0;1;0;0
1060;2024-03-31 12:00:00;6252;885;;0;1;0;0
1061;2025-03-31 12:00:00;6252;886;;0;1;0;0
1062;2024-06-30 12:00:00;6269;887;;0;1;0;0
1063;2025-06-30 12:00:00;6269;779;;0;1;0;0
1064;2024-06-30 12:00:00;6270;888;;0;1;0;0
1065;2025-06-30 12:00:00;6270;889;;0;1;0;0
1066;2024-06-30 12:00:00;6282;890;;0;1;0;0
1067;2025-06-30 12:00:00;6282;719;;0;1;0;0
1068;2024-07-31 12:00:00;6283;891;;0;1;0;0
1069;2025-07-31 12:00:00;6283;516;;0;1;0;0
1070;2024-04-30 12:00:00;6284;892;;0;1;0;0
1071;2025-04-30 12:00:00;6284;893;;0;1;0;0
1072;2024-06-30 12:00:00;6296;894;;0;1;0;0
1073;2025-06-30 12:00:00;6296;895;;0;1;0;0
1074;2024-06-30 12:00:00;6307;896;;0;1;0;0
1075;2025-06-30 12:00:00;6307;897;;0;1;0;0
1076;2024-08-31 12:00:00;6320;898;;0;1;0;0
1077;2023-04-30 12:00:00;6334;899;;0;1;0;0
1078;2024-04-30 12:00:00;6334;711;;0;1;0;0
1079;2025-04-30 12:00:00;6334;900;;0;1;0;0
1080;2023-04-30 12:00:00;6335;901;;0;1;0;0
1081;2024-04-30 12:00:00;6335;744;;0;1;0;0
1082;2025-04-30 12:00:00;6335;751;;0;1;0;0
1083;2023-04-30 12:00:00;6336;902;;0;1;0;0
1084;2024-04-30 12:00:00;6336;716;;0;1;0;0
1085;2025-04-30 12:00:00;6336;903;;0;1;0;0
1086;2023-04-30 12:00:00;6337;904;;0;1;0;0
1087;2024-04-30 12:00:00;6337;905;;0;1;0;0
1088;2025-04-30 12:00:00;6337;699;;0;1;0;0
1089;2024-07-31 12:00:00;6338;906;;0;1;0;0
1090;2024-09-30 12:00:00;6351;907;;0;1;0;0
1091;2024-04-30 12:00:00;6364;908;;0;1;0;0
1092;2025-04-30 12:00:00;6364;909;;0;1;0;0
1093;2024-12-31 12:00:00;6387;910;;0;1;0;0
1094;2024-12-31 12:00:00;6399;911;;0;1;0;0
1095;2024-12-31 12:00:00;6410;912;;0;1;0;0
1096;2025-06-30 12:00:00;6423;913;;0;1;0;0
1097;2024-03-31 12:00:00;6736;914;;0;1;0;0
1098;2025-03-31 12:00:00;6736;671;;0;1;0;0
1099;2024-06-30 12:00:00;6737;915;;0;1;0;0
1100;2025-06-30 12:00:00;6737;479;;0;1;0;0
1101;2024-06-30 12:00:00;6908;916;;0;1;0;0
1102;2025-06-30 12:00:00;6908;570;;0;1;0;0
1103;2024-05-31 12:00:00;6909;917;;0;1;0;0
1104;2025-05-31 12:00:00;6909;568;;0;1;0;0
1105;2024-05-31 12:00:00;6910;918;;0;1;0;0
1106;2025-05-31 12:00:00;6910;469;;0;1;0;0
1107;2024-03-31 12:00:00;6917;919;;0;1;0;0
1108;2025-03-31 12:00:00;6917;574;;0;1;0;0
1109;2024-03-31 12:00:00;6918;920;;0;1;0;0
1110;2025-03-31 12:00:00;6918;600;;0;1;0;0
1111;2024-04-30 12:00:00;6919;921;;0;1;0;0
1112;2025-04-30 12:00:00;6919;900;;0;1;0;0
1113;2024-04-30 12:00:00;6920;922;;0;1;0;0
1114;2025-04-30 12:00:00;6920;893;;0;1;0;0
1115;2024-04-30 12:00:00;6921;923;;0;1;0;0
1116;2025-04-30 12:00:00;6921;623;;0;1;0;0
1117;2024-05-31 12:00:00;6922;924;;0;1;0;0
1118;2025-05-31 12:00:00;6922;213;;0;1;0;0
1119;;6924;925;;0;1;0;0
1120;;6924;926;;0;1;0;0
1121;2024-05-31 12:00:00;6924;927;;0;1;0;0
1122;2025-05-31 12:00:00;6924;563;;0;1;0;0
1123;;6925;928;;0;1;0;0
1124;;6925;929;;0;1;0;0
1125;2024-05-31 12:00:00;6925;930;;0;1;0;0
1126;2025-05-31 12:00:00;6925;586;;0;1;0;0
1127;;6926;931;;0;1;0;0
1128;;6926;932;;0;1;0;0
1129;2024-06-30 12:00:00;6926;933;;0;1;0;0
1130;2025-06-30 12:00:00;6926;164;;0;1;0;0
1131;2024-06-30 12:00:00;6927;934;;0;1;0;0
1132;2025-06-30 12:00:00;6927;349;;0;1;0;0
1133;2024-06-30 12:00:00;6928;935;;0;1;0;0
1134;2025-06-30 12:00:00;6928;936;;0;1;0;0
1135;2024-07-31 12:00:00;6939;937;;0;1;0;0
1136;2025-07-31 12:00:00;6939;333;;0;1;0;0
1137;2024-07-31 12:00:00;6940;938;;0;1;0;0
1138;2025-07-31 12:00:00;6940;160;;0;1;0;0
1139;2024-07-31 12:00:00;6941;939;;0;1;0;0
1140;2025-07-31 12:00:00;6941;551;;0;1;0;0
1141;2024-07-31 12:00:00;6942;940;;0;1;0;0
1142;2024-08-31 12:00:00;6943;941;;0;1;0;0
1143;2025-08-31 12:00:00;6943;897;;0;1;0;0
1144;2024-08-31 12:00:00;6923;942;;0;1;0;0
1145;2025-05-31 12:00:00;6923;943;;0;1;0;0
1146;2024-12-31 12:00:00;6935;944;;0;1;0;0
1147;2025-03-31 12:00:00;6936;945;;0;1;0;0
1148;2024-12-31 12:00:00;6929;946;;0;1;0;0
1149;2024-10-31 12:00:00;7078;947;;0;1;0;0
1150;2024-10-31 12:00:00;7079;948;;0;1;0;0
1151;2024-10-31 12:00:00;7082;949;;0;1;0;0
1152;2024-10-31 12:00:00;7060;950;;0;1;0;0
1153;2024-10-31 12:00:00;7061;951;;0;1;0;0
1154;2024-10-31 12:00:00;7052;952;;0;1;0;0
1155;2024-10-31 12:00:00;7062;953;;0;1;0;0
1156;2024-10-31 12:00:00;7063;954;;0;1;0;0
1157;2024-10-31 12:00:00;7064;955;;0;1;0;0
1158;2024-11-30 12:00:00;7053;956;;0;1;0;0
1159;2024-11-30 12:00:00;7054;957;;0;1;0;0
1160;2024-11-30 12:00:00;7065;958;;0;1;0;0
1161;2025-05-31 12:00:00;7074;544;;0;1;0;0
1162;2025-05-31 12:00:00;7086;959;;0;1;0;0
1163;2025-05-31 12:00:00;7058;960;;0;1;0;0
1164;2025-03-31 12:00:00;7070;961;;0;1;0;0
1165;2025-03-31 12:00:00;7071;962;;0;1;0;0
1166;2025-03-31 12:00:00;7075;963;;0;1;0;0
1167;2025-01-31 12:00:00;7104;964;;0;1;0;0
1168;2025-04-30 12:00:00;7076;965;;0;1;0;0
1169;;7072;966;;0;1;0;0
1170;;7072;967;;0;1;0;0
1171;;7072;968;;0;1;0;0
1172;2025-01-31 12:00:00;7072;969;;0;1;0;0
1173;2025-01-31 12:00:00;7083;970;;0;1;0;0
1174;2025-01-31 12:00:00;7084;971;;0;1;0;0
1175;2025-01-31 12:00:00;7066;972;;0;1;0;0
1176;2025-01-31 12:00:00;7080;973;;0;1;0;0
1177;2025-04-30 12:00:00;7087;974;;0;1;0;0
1178;2025-04-30 12:00:00;7077;975;;0;1;0;0
1179;2025-06-30 12:00:00;7105;976;;0;1;0;0
1180;2025-04-30 12:00:00;7085;977;;0;1;0;0
1181;2025-04-30 12:00:00;7055;978;;0;1;0;0
1182;2025-04-30 12:00:00;7056;979;;0;1;0;0
1183;2025-04-30 12:00:00;7057;980;;0;1;0;0
1184;2025-04-30 12:00:00;7081;981;;0;1;0;0
1185;2025-05-31 12:00:00;7068;982;;0;1;0;0
1186;2025-05-31 12:00:00;7069;983;;0;1;0;0
1187;2025-05-31 12:00:00;7073;984;;0;1;0;0
1188;2025-05-31 12:00:00;7089;985;;0;1;0;0
1189;2025-05-31 12:00:00;7088;986;;0;1;0;0
1190;2025-05-31 12:00:00;7091;987;;0;1;0;0
1191;2025-05-31 12:00:00;7059;988;;0;1;0;0
1192;2025-06-30 12:00:00;;989;;0;1;0;0
1193;2022-06-30 12:00:00;6913;990;;0;1;0;0
1194;2023-06-30 12:00:00;6913;991;;0;1;0;0
1195;2024-06-30 12:00:00;6913;224;;0;1;0;0
1196;2025-06-30 12:00:00;6913;992;;0;1;0;0
